solid OpenSCAD_Model
  facet normal 1 -0 0
    outer loop
      vertex 45 -4 14
      vertex 45 0 8
      vertex 45 0 14
    endloop
  endfacet
  facet normal 1 0 0
    outer loop
      vertex 45 0 8
      vertex 45 -4 14
      vertex 45 -4 8
    endloop
  endfacet
  facet normal 1 0 0
    outer loop
      vertex 45 36.5 4
      vertex 45 40.5 14
      vertex 45 36.5 14
    endloop
  endfacet
  facet normal 1 0 0
    outer loop
      vertex 45 40.5 14
      vertex 45 36.5 4
      vertex 45 40.5 0
    endloop
  endfacet
  facet normal 1 0 0
    outer loop
      vertex 45 0 0
      vertex 45 36.5 4
      vertex 45 0 4
    endloop
  endfacet
  facet normal 1 0 0
    outer loop
      vertex 45 36.5 4
      vertex 45 0 0
      vertex 45 40.5 0
    endloop
  endfacet
  facet normal -0 0 1
    outer loop
      vertex 0 36.5 4
      vertex 45 0 4
      vertex 45 36.5 4
    endloop
  endfacet
  facet normal 0 0 1
    outer loop
      vertex 45 0 4
      vertex 0 36.5 4
      vertex 0 0 4
    endloop
  endfacet
  facet normal 0 0 -1
    outer loop
      vertex 245 -4 0
      vertex 196 0 0
      vertex 245 40.5 0
    endloop
  endfacet
  facet normal 0 0 -1
    outer loop
      vertex 245 -4 0
      vertex 45 0 0
      vertex 196 0 0
    endloop
  endfacet
  facet normal 0 0 -1
    outer loop
      vertex -4 -4 0
      vertex 45 0 0
      vertex 245 -4 0
    endloop
  endfacet
  facet normal 0 0 -1
    outer loop
      vertex -4 40.5 0
      vertex 45 0 0
      vertex -4 -4 0
    endloop
  endfacet
  facet normal 0 0 -1
    outer loop
      vertex 45 0 0
      vertex -4 40.5 0
      vertex 45 40.5 0
    endloop
  endfacet
  facet normal -0 0 -1
    outer loop
      vertex 245 40.5 0
      vertex 196 0 0
      vertex 196 40.5 0
    endloop
  endfacet
  facet normal -1 0 0
    outer loop
      vertex -4 40.5 0
      vertex -4 0 14
      vertex -4 40.5 14
    endloop
  endfacet
  facet normal -1 0 0
    outer loop
      vertex -4 -4 176
      vertex -4 0 14
      vertex -4 -4 0
    endloop
  endfacet
  facet normal -1 0 0
    outer loop
      vertex -4 -4 0
      vertex -4 0 14
      vertex -4 40.5 0
    endloop
  endfacet
  facet normal -1 0 0
    outer loop
      vertex -4 0 164
      vertex -4 40.5 176
      vertex -4 40.5 164
    endloop
  endfacet
  facet normal -1 0 0
    outer loop
      vertex -4 0 164
      vertex -4 -4 176
      vertex -4 40.5 176
    endloop
  endfacet
  facet normal -1 0 0
    outer loop
      vertex -4 0 14
      vertex -4 -4 176
      vertex -4 0 164
    endloop
  endfacet
  facet normal 0 1 -0
    outer loop
      vertex 45 40.5 0
      vertex -4 40.5 14
      vertex 45 40.5 14
    endloop
  endfacet
  facet normal 0 1 0
    outer loop
      vertex -4 40.5 14
      vertex 45 40.5 0
      vertex -4 40.5 0
    endloop
  endfacet
  facet normal 0 -1 0
    outer loop
      vertex 217.576 -4 7.38268
      vertex 196 -4 14
      vertex 196 -4 8
    endloop
  endfacet
  facet normal 0 -1 0
    outer loop
      vertex 150.759 -4 170.966
      vertex 196 -4 174
      vertex 150.631 -4 170.991
    endloop
  endfacet
  facet normal 0 -1 0
    outer loop
      vertex 196 -4 174
      vertex 218.369 -4 170.991
      vertex 218.5 -4 171
    endloop
  endfacet
  facet normal 0 -1 0
    outer loop
      vertex 150.883 -4 170.924
      vertex 196 -4 174
      vertex 150.759 -4 170.966
    endloop
  endfacet
  facet normal 0 -1 0
    outer loop
      vertex 196 -4 174
      vertex 218.241 -4 170.966
      vertex 218.369 -4 170.991
    endloop
  endfacet
  facet normal 0 -1 0
    outer loop
      vertex 151 -4 170.866
      vertex 196 -4 174
      vertex 150.883 -4 170.924
    endloop
  endfacet
  facet normal 0 -1 0
    outer loop
      vertex 196 -4 174
      vertex 218.117 -4 170.924
      vertex 218.241 -4 170.966
    endloop
  endfacet
  facet normal 0 -1 0
    outer loop
      vertex 151.109 -4 170.793
      vertex 196 -4 174
      vertex 151 -4 170.866
    endloop
  endfacet
  facet normal -0 -1 0
    outer loop
      vertex 217.5 -4 170
      vertex 196 -4 174
      vertex 196 -4 166
    endloop
  endfacet
  facet normal 0 -1 0
    outer loop
      vertex 151.207 -4 170.707
      vertex 196 -4 174
      vertex 151.109 -4 170.793
    endloop
  endfacet
  facet normal 0 -1 0
    outer loop
      vertex 196 -4 174
      vertex 218 -4 170.866
      vertex 218.117 -4 170.924
    endloop
  endfacet
  facet normal 0 -1 0
    outer loop
      vertex 151.293 -4 170.609
      vertex 196 -4 174
      vertex 151.207 -4 170.707
    endloop
  endfacet
  facet normal 0 -1 0
    outer loop
      vertex 196 -4 174
      vertex 217.891 -4 170.793
      vertex 218 -4 170.866
    endloop
  endfacet
  facet normal 0 -1 0
    outer loop
      vertex 151.366 -4 170.5
      vertex 196 -4 174
      vertex 151.293 -4 170.609
    endloop
  endfacet
  facet normal 0 -1 0
    outer loop
      vertex 196 -4 174
      vertex 217.793 -4 170.707
      vertex 217.891 -4 170.793
    endloop
  endfacet
  facet normal 0 -1 0
    outer loop
      vertex 151.424 -4 170.383
      vertex 196 -4 174
      vertex 151.366 -4 170.5
    endloop
  endfacet
  facet normal 0 -1 0
    outer loop
      vertex 196 -4 174
      vertex 217.707 -4 170.609
      vertex 217.793 -4 170.707
    endloop
  endfacet
  facet normal 0 -1 0
    outer loop
      vertex 151.466 -4 170.259
      vertex 196 -4 174
      vertex 151.424 -4 170.383
    endloop
  endfacet
  facet normal 0 -1 0
    outer loop
      vertex 196 -4 174
      vertex 217.634 -4 170.5
      vertex 217.707 -4 170.609
    endloop
  endfacet
  facet normal 0 -1 0
    outer loop
      vertex 151.491 -4 170.131
      vertex 196 -4 174
      vertex 151.466 -4 170.259
    endloop
  endfacet
  facet normal 0 -1 0
    outer loop
      vertex 196 -4 174
      vertex 217.576 -4 170.383
      vertex 217.634 -4 170.5
    endloop
  endfacet
  facet normal 0 -1 0
    outer loop
      vertex 151.5 -4 170
      vertex 196 -4 174
      vertex 151.491 -4 170.131
    endloop
  endfacet
  facet normal 0 -1 0
    outer loop
      vertex 196 -4 174
      vertex 217.534 -4 170.259
      vertex 217.576 -4 170.383
    endloop
  endfacet
  facet normal 0 -1 -0
    outer loop
      vertex 196 -4 174
      vertex 151.5 -4 170
      vertex 196 -4 166
    endloop
  endfacet
  facet normal 0 -1 0
    outer loop
      vertex 196 -4 174
      vertex 217.509 -4 170.131
      vertex 217.534 -4 170.259
    endloop
  endfacet
  facet normal 0 -1 0
    outer loop
      vertex 196 -4 166
      vertex 151.5 -4 170
      vertex 151.491 -4 169.869
    endloop
  endfacet
  facet normal 0 -1 0
    outer loop
      vertex 196 -4 174
      vertex 217.5 -4 170
      vertex 217.509 -4 170.131
    endloop
  endfacet
  facet normal 0 -1 0
    outer loop
      vertex 196 -4 166
      vertex 151.491 -4 169.869
      vertex 151.466 -4 169.741
    endloop
  endfacet
  facet normal 0 -1 -0
    outer loop
      vertex 217.5 -4 170
      vertex 196 -4 166
      vertex 217.509 -4 169.869
    endloop
  endfacet
  facet normal 0 -1 0
    outer loop
      vertex 196 -4 166
      vertex 151.466 -4 169.741
      vertex 151.424 -4 169.617
    endloop
  endfacet
  facet normal 0 -1 -0
    outer loop
      vertex 217.509 -4 169.869
      vertex 196 -4 166
      vertex 217.534 -4 169.741
    endloop
  endfacet
  facet normal 0 -1 0
    outer loop
      vertex 196 -4 166
      vertex 151.424 -4 169.617
      vertex 151.366 -4 169.5
    endloop
  endfacet
  facet normal 0 -1 -0
    outer loop
      vertex 217.534 -4 169.741
      vertex 196 -4 166
      vertex 217.576 -4 169.617
    endloop
  endfacet
  facet normal 0 -1 0
    outer loop
      vertex 196 -4 166
      vertex 151.366 -4 169.5
      vertex 151.293 -4 169.391
    endloop
  endfacet
  facet normal 0 -1 0
    outer loop
      vertex 196 -4 164
      vertex 217.576 -4 169.617
      vertex 196 -4 166
    endloop
  endfacet
  facet normal 0 -1 0
    outer loop
      vertex 196 -4 166
      vertex 151.293 -4 169.391
      vertex 151.207 -4 169.293
    endloop
  endfacet
  facet normal 0 -1 -0
    outer loop
      vertex 217.576 -4 169.617
      vertex 196 -4 164
      vertex 217.634 -4 169.5
    endloop
  endfacet
  facet normal 0 -1 0
    outer loop
      vertex 196 -4 166
      vertex 151.207 -4 169.293
      vertex 151.109 -4 169.207
    endloop
  endfacet
  facet normal 0 -1 -0
    outer loop
      vertex 217.634 -4 169.5
      vertex 196 -4 164
      vertex 217.707 -4 169.391
    endloop
  endfacet
  facet normal 0 -1 0
    outer loop
      vertex 196 -4 166
      vertex 151.109 -4 169.207
      vertex 151 -4 169.134
    endloop
  endfacet
  facet normal 0 -1 -0
    outer loop
      vertex 217.707 -4 169.391
      vertex 196 -4 164
      vertex 217.793 -4 169.293
    endloop
  endfacet
  facet normal 0 -1 0
    outer loop
      vertex 196 -4 166
      vertex 151 -4 169.134
      vertex 150.883 -4 169.076
    endloop
  endfacet
  facet normal 0 -1 -0
    outer loop
      vertex 217.793 -4 169.293
      vertex 196 -4 164
      vertex 217.891 -4 169.207
    endloop
  endfacet
  facet normal 0 -1 0
    outer loop
      vertex 196 -4 166
      vertex 150.883 -4 169.076
      vertex 150.759 -4 169.034
    endloop
  endfacet
  facet normal 0 -1 -0
    outer loop
      vertex 217.891 -4 169.207
      vertex 196 -4 164
      vertex 218 -4 169.134
    endloop
  endfacet
  facet normal 0 -1 0
    outer loop
      vertex 196 -4 166
      vertex 150.759 -4 169.034
      vertex 150.631 -4 169.009
    endloop
  endfacet
  facet normal 0 -1 -0
    outer loop
      vertex 218 -4 169.134
      vertex 196 -4 164
      vertex 218.117 -4 169.076
    endloop
  endfacet
  facet normal 0 -1 0
    outer loop
      vertex 196 -4 166
      vertex 150.631 -4 169.009
      vertex 150.5 -4 169
    endloop
  endfacet
  facet normal 0 -1 -0
    outer loop
      vertex 218.117 -4 169.076
      vertex 196 -4 164
      vertex 218.241 -4 169.034
    endloop
  endfacet
  facet normal 0 -1 0
    outer loop
      vertex 90.6305 -4 170.991
      vertex 150.5 -4 171
      vertex 90.5 -4 171
    endloop
  endfacet
  facet normal 0 -1 0
    outer loop
      vertex 90.6305 -4 170.991
      vertex 150.369 -4 170.991
      vertex 150.5 -4 171
    endloop
  endfacet
  facet normal 0 -1 0
    outer loop
      vertex 90.7588 -4 170.966
      vertex 150.369 -4 170.991
      vertex 90.6305 -4 170.991
    endloop
  endfacet
  facet normal 0 -1 0
    outer loop
      vertex 90.7588 -4 170.966
      vertex 150.241 -4 170.966
      vertex 150.369 -4 170.991
    endloop
  endfacet
  facet normal 0 -1 0
    outer loop
      vertex 90.8827 -4 170.924
      vertex 150.241 -4 170.966
      vertex 90.7588 -4 170.966
    endloop
  endfacet
  facet normal 0 -1 0
    outer loop
      vertex 90.8827 -4 170.924
      vertex 150.117 -4 170.924
      vertex 150.241 -4 170.966
    endloop
  endfacet
  facet normal 0 -1 0
    outer loop
      vertex 91 -4 170.866
      vertex 150.117 -4 170.924
      vertex 90.8827 -4 170.924
    endloop
  endfacet
  facet normal 0 -1 0
    outer loop
      vertex 91 -4 170.866
      vertex 150 -4 170.866
      vertex 150.117 -4 170.924
    endloop
  endfacet
  facet normal 0 -1 0
    outer loop
      vertex 91.1088 -4 170.793
      vertex 150 -4 170.866
      vertex 91 -4 170.866
    endloop
  endfacet
  facet normal 0 -1 0
    outer loop
      vertex 91.1088 -4 170.793
      vertex 149.891 -4 170.793
      vertex 150 -4 170.866
    endloop
  endfacet
  facet normal 0 -1 0
    outer loop
      vertex 91.2071 -4 170.707
      vertex 149.891 -4 170.793
      vertex 91.1088 -4 170.793
    endloop
  endfacet
  facet normal 0 -1 0
    outer loop
      vertex 91.2071 -4 170.707
      vertex 149.793 -4 170.707
      vertex 149.891 -4 170.793
    endloop
  endfacet
  facet normal 0 -1 0
    outer loop
      vertex 91.2934 -4 170.609
      vertex 149.793 -4 170.707
      vertex 91.2071 -4 170.707
    endloop
  endfacet
  facet normal 0 -1 0
    outer loop
      vertex 91.2934 -4 170.609
      vertex 149.707 -4 170.609
      vertex 149.793 -4 170.707
    endloop
  endfacet
  facet normal 0 -1 0
    outer loop
      vertex 91.366 -4 170.5
      vertex 149.707 -4 170.609
      vertex 91.2934 -4 170.609
    endloop
  endfacet
  facet normal 0 -1 0
    outer loop
      vertex 91.366 -4 170.5
      vertex 149.634 -4 170.5
      vertex 149.707 -4 170.609
    endloop
  endfacet
  facet normal 0 -1 0
    outer loop
      vertex 91.4239 -4 170.383
      vertex 149.634 -4 170.5
      vertex 91.366 -4 170.5
    endloop
  endfacet
  facet normal 0 -1 0
    outer loop
      vertex 91.4239 -4 170.383
      vertex 149.576 -4 170.383
      vertex 149.634 -4 170.5
    endloop
  endfacet
  facet normal 0 -1 0
    outer loop
      vertex 91.4659 -4 170.259
      vertex 149.576 -4 170.383
      vertex 91.4239 -4 170.383
    endloop
  endfacet
  facet normal 0 -1 0
    outer loop
      vertex 91.4659 -4 170.259
      vertex 149.534 -4 170.259
      vertex 149.576 -4 170.383
    endloop
  endfacet
  facet normal 0 -1 0
    outer loop
      vertex 91.4914 -4 170.131
      vertex 149.534 -4 170.259
      vertex 91.4659 -4 170.259
    endloop
  endfacet
  facet normal 0 -1 0
    outer loop
      vertex 91.4914 -4 170.131
      vertex 149.509 -4 170.131
      vertex 149.534 -4 170.259
    endloop
  endfacet
  facet normal 0 -1 0
    outer loop
      vertex 91.5 -4 170
      vertex 149.509 -4 170.131
      vertex 91.4914 -4 170.131
    endloop
  endfacet
  facet normal 0 -1 0
    outer loop
      vertex 91.5 -4 170
      vertex 149.5 -4 170
      vertex 149.509 -4 170.131
    endloop
  endfacet
  facet normal 0 -1 0
    outer loop
      vertex 91.4914 -4 169.869
      vertex 149.5 -4 170
      vertex 91.5 -4 170
    endloop
  endfacet
  facet normal 0 -1 0
    outer loop
      vertex 91.4914 -4 169.869
      vertex 149.509 -4 169.869
      vertex 149.5 -4 170
    endloop
  endfacet
  facet normal 0 -1 0
    outer loop
      vertex 91.4659 -4 169.741
      vertex 149.509 -4 169.869
      vertex 91.4914 -4 169.869
    endloop
  endfacet
  facet normal 0 -1 0
    outer loop
      vertex 91.4659 -4 169.741
      vertex 149.534 -4 169.741
      vertex 149.509 -4 169.869
    endloop
  endfacet
  facet normal 0 -1 0
    outer loop
      vertex 91.4239 -4 169.617
      vertex 149.534 -4 169.741
      vertex 91.4659 -4 169.741
    endloop
  endfacet
  facet normal 0 -1 0
    outer loop
      vertex 91.4239 -4 169.617
      vertex 149.576 -4 169.617
      vertex 149.534 -4 169.741
    endloop
  endfacet
  facet normal 0 -1 0
    outer loop
      vertex 91.366 -4 169.5
      vertex 149.576 -4 169.617
      vertex 91.4239 -4 169.617
    endloop
  endfacet
  facet normal 0 -1 0
    outer loop
      vertex 91.366 -4 169.5
      vertex 149.634 -4 169.5
      vertex 149.576 -4 169.617
    endloop
  endfacet
  facet normal 0 -1 0
    outer loop
      vertex 91.2934 -4 169.391
      vertex 149.634 -4 169.5
      vertex 91.366 -4 169.5
    endloop
  endfacet
  facet normal 0 -1 0
    outer loop
      vertex 91.2934 -4 169.391
      vertex 149.707 -4 169.391
      vertex 149.634 -4 169.5
    endloop
  endfacet
  facet normal 0 -1 0
    outer loop
      vertex 91.2071 -4 169.293
      vertex 149.707 -4 169.391
      vertex 91.2934 -4 169.391
    endloop
  endfacet
  facet normal 0 -1 0
    outer loop
      vertex 91.2071 -4 169.293
      vertex 149.793 -4 169.293
      vertex 149.707 -4 169.391
    endloop
  endfacet
  facet normal 0 -1 0
    outer loop
      vertex 91.1088 -4 169.207
      vertex 149.793 -4 169.293
      vertex 91.2071 -4 169.293
    endloop
  endfacet
  facet normal 0 -1 0
    outer loop
      vertex 91.1088 -4 169.207
      vertex 149.891 -4 169.207
      vertex 149.793 -4 169.293
    endloop
  endfacet
  facet normal 0 -1 0
    outer loop
      vertex 91 -4 169.134
      vertex 149.891 -4 169.207
      vertex 91.1088 -4 169.207
    endloop
  endfacet
  facet normal 0 -1 0
    outer loop
      vertex 91 -4 169.134
      vertex 150 -4 169.134
      vertex 149.891 -4 169.207
    endloop
  endfacet
  facet normal 0 -1 0
    outer loop
      vertex 90.8827 -4 169.076
      vertex 150 -4 169.134
      vertex 91 -4 169.134
    endloop
  endfacet
  facet normal 0 -1 0
    outer loop
      vertex 90.8827 -4 169.076
      vertex 150.117 -4 169.076
      vertex 150 -4 169.134
    endloop
  endfacet
  facet normal 0 -1 0
    outer loop
      vertex 90.7588 -4 169.034
      vertex 150.117 -4 169.076
      vertex 90.8827 -4 169.076
    endloop
  endfacet
  facet normal 0 -1 0
    outer loop
      vertex 90.7588 -4 169.034
      vertex 150.241 -4 169.034
      vertex 150.117 -4 169.076
    endloop
  endfacet
  facet normal 0 -1 0
    outer loop
      vertex 90.6305 -4 169.009
      vertex 150.241 -4 169.034
      vertex 90.7588 -4 169.034
    endloop
  endfacet
  facet normal 0 -1 0
    outer loop
      vertex 90.6305 -4 169.009
      vertex 150.369 -4 169.009
      vertex 150.241 -4 169.034
    endloop
  endfacet
  facet normal 0 -1 0
    outer loop
      vertex 90.5 -4 169
      vertex 150.369 -4 169.009
      vertex 90.6305 -4 169.009
    endloop
  endfacet
  facet normal 0 -1 -0
    outer loop
      vertex 150.369 -4 169.009
      vertex 90.5 -4 169
      vertex 150.5 -4 169
    endloop
  endfacet
  facet normal 0 -1 0
    outer loop
      vertex 22.8827 -4 170.924
      vertex 45 -4 176
      vertex 22.7588 -4 170.966
    endloop
  endfacet
  facet normal 0 -1 0
    outer loop
      vertex 45 -4 174
      vertex 90.3695 -4 170.991
      vertex 90.5 -4 171
    endloop
  endfacet
  facet normal 0 -1 0
    outer loop
      vertex 23 -4 170.866
      vertex 45 -4 176
      vertex 22.8827 -4 170.924
    endloop
  endfacet
  facet normal 0 -1 0
    outer loop
      vertex 45 -4 174
      vertex 90.2412 -4 170.966
      vertex 90.3695 -4 170.991
    endloop
  endfacet
  facet normal 0 -1 0
    outer loop
      vertex 23.1088 -4 170.793
      vertex 45 -4 176
      vertex 23 -4 170.866
    endloop
  endfacet
  facet normal 0 -1 0
    outer loop
      vertex 45 -4 174
      vertex 90.1173 -4 170.924
      vertex 90.2412 -4 170.966
    endloop
  endfacet
  facet normal 0 -1 0
    outer loop
      vertex 23.2071 -4 170.707
      vertex 45 -4 176
      vertex 23.1088 -4 170.793
    endloop
  endfacet
  facet normal -0 -1 0
    outer loop
      vertex 89.5 -4 170
      vertex 45 -4 174
      vertex 45 -4 166
    endloop
  endfacet
  facet normal 0 -1 0
    outer loop
      vertex 23.2934 -4 170.609
      vertex 45 -4 176
      vertex 23.2071 -4 170.707
    endloop
  endfacet
  facet normal 0 -1 0
    outer loop
      vertex 45 -4 174
      vertex 90 -4 170.866
      vertex 90.1173 -4 170.924
    endloop
  endfacet
  facet normal 0 -1 0
    outer loop
      vertex 23.366 -4 170.5
      vertex 45 -4 176
      vertex 23.2934 -4 170.609
    endloop
  endfacet
  facet normal 0 -1 0
    outer loop
      vertex 45 -4 174
      vertex 89.8912 -4 170.793
      vertex 90 -4 170.866
    endloop
  endfacet
  facet normal 0 -1 0
    outer loop
      vertex 23.4239 -4 170.383
      vertex 45 -4 176
      vertex 23.366 -4 170.5
    endloop
  endfacet
  facet normal 0 -1 0
    outer loop
      vertex 45 -4 174
      vertex 89.7929 -4 170.707
      vertex 89.8912 -4 170.793
    endloop
  endfacet
  facet normal 0 -1 -0
    outer loop
      vertex 45 -4 176
      vertex 23.4239 -4 170.383
      vertex 45 -4 174
    endloop
  endfacet
  facet normal 0 -1 0
    outer loop
      vertex 45 -4 174
      vertex 89.7066 -4 170.609
      vertex 89.7929 -4 170.707
    endloop
  endfacet
  facet normal 0 -1 0
    outer loop
      vertex 23.4659 -4 170.259
      vertex 45 -4 174
      vertex 23.4239 -4 170.383
    endloop
  endfacet
  facet normal 0 -1 0
    outer loop
      vertex 45 -4 174
      vertex 89.634 -4 170.5
      vertex 89.7066 -4 170.609
    endloop
  endfacet
  facet normal 0 -1 0
    outer loop
      vertex 23.4914 -4 170.131
      vertex 45 -4 174
      vertex 23.4659 -4 170.259
    endloop
  endfacet
  facet normal 0 -1 0
    outer loop
      vertex 45 -4 174
      vertex 89.5761 -4 170.383
      vertex 89.634 -4 170.5
    endloop
  endfacet
  facet normal 0 -1 0
    outer loop
      vertex 23.5 -4 170
      vertex 45 -4 174
      vertex 23.4914 -4 170.131
    endloop
  endfacet
  facet normal 0 -1 0
    outer loop
      vertex 45 -4 174
      vertex 89.5341 -4 170.259
      vertex 89.5761 -4 170.383
    endloop
  endfacet
  facet normal 0 -1 -0
    outer loop
      vertex 45 -4 174
      vertex 23.5 -4 170
      vertex 45 -4 166
    endloop
  endfacet
  facet normal 0 -1 0
    outer loop
      vertex 45 -4 174
      vertex 89.5086 -4 170.131
      vertex 89.5341 -4 170.259
    endloop
  endfacet
  facet normal 0 -1 0
    outer loop
      vertex 45 -4 166
      vertex 23.5 -4 170
      vertex 23.4914 -4 169.869
    endloop
  endfacet
  facet normal 0 -1 0
    outer loop
      vertex 45 -4 174
      vertex 89.5 -4 170
      vertex 89.5086 -4 170.131
    endloop
  endfacet
  facet normal 0 -1 0
    outer loop
      vertex 45 -4 166
      vertex 23.4914 -4 169.869
      vertex 23.4659 -4 169.741
    endloop
  endfacet
  facet normal 0 -1 -0
    outer loop
      vertex 89.5 -4 170
      vertex 45 -4 166
      vertex 89.5086 -4 169.869
    endloop
  endfacet
  facet normal 0 -1 0
    outer loop
      vertex 45 -4 166
      vertex 23.4659 -4 169.741
      vertex 23.4239 -4 169.617
    endloop
  endfacet
  facet normal 0 -1 -0
    outer loop
      vertex 89.5086 -4 169.869
      vertex 45 -4 166
      vertex 89.5341 -4 169.741
    endloop
  endfacet
  facet normal 0 -1 0
    outer loop
      vertex 45 -4 164
      vertex 23.4239 -4 169.617
      vertex 23.366 -4 169.5
    endloop
  endfacet
  facet normal 0 -1 -0
    outer loop
      vertex 89.5341 -4 169.741
      vertex 45 -4 166
      vertex 89.5761 -4 169.617
    endloop
  endfacet
  facet normal 0 -1 0
    outer loop
      vertex 45 -4 164
      vertex 23.366 -4 169.5
      vertex 23.2934 -4 169.391
    endloop
  endfacet
  facet normal 0 -1 -0
    outer loop
      vertex 89.5761 -4 169.617
      vertex 45 -4 166
      vertex 89.634 -4 169.5
    endloop
  endfacet
  facet normal 0 -1 0
    outer loop
      vertex 45 -4 164
      vertex 23.2934 -4 169.391
      vertex 23.2071 -4 169.293
    endloop
  endfacet
  facet normal 0 -1 -0
    outer loop
      vertex 89.634 -4 169.5
      vertex 45 -4 166
      vertex 89.7066 -4 169.391
    endloop
  endfacet
  facet normal 0 -1 0
    outer loop
      vertex 45 -4 164
      vertex 23.2071 -4 169.293
      vertex 23.1088 -4 169.207
    endloop
  endfacet
  facet normal 0 -1 -0
    outer loop
      vertex 89.7066 -4 169.391
      vertex 45 -4 166
      vertex 89.7929 -4 169.293
    endloop
  endfacet
  facet normal 0 -1 0
    outer loop
      vertex 45 -4 164
      vertex 23.1088 -4 169.207
      vertex 23 -4 169.134
    endloop
  endfacet
  facet normal 0 -1 -0
    outer loop
      vertex 89.7929 -4 169.293
      vertex 45 -4 166
      vertex 89.8912 -4 169.207
    endloop
  endfacet
  facet normal 0 -1 0
    outer loop
      vertex 45 -4 164
      vertex 23 -4 169.134
      vertex 22.8827 -4 169.076
    endloop
  endfacet
  facet normal 0 -1 -0
    outer loop
      vertex 89.8912 -4 169.207
      vertex 45 -4 166
      vertex 90 -4 169.134
    endloop
  endfacet
  facet normal 0 -1 0
    outer loop
      vertex 45 -4 164
      vertex 22.8827 -4 169.076
      vertex 22.7588 -4 169.034
    endloop
  endfacet
  facet normal 0 -1 -0
    outer loop
      vertex 90 -4 169.134
      vertex 45 -4 166
      vertex 90.1173 -4 169.076
    endloop
  endfacet
  facet normal 0 -1 0
    outer loop
      vertex 45 -4 164
      vertex 22.7588 -4 169.034
      vertex 22.6305 -4 169.009
    endloop
  endfacet
  facet normal 0 -1 -0
    outer loop
      vertex 90.1173 -4 169.076
      vertex 45 -4 166
      vertex 90.2412 -4 169.034
    endloop
  endfacet
  facet normal 0 -1 0
    outer loop
      vertex 45 -4 164
      vertex 22.6305 -4 169.009
      vertex 22.5 -4 169
    endloop
  endfacet
  facet normal 0 -1 -0
    outer loop
      vertex 90.2412 -4 169.034
      vertex 45 -4 166
      vertex 90.3695 -4 169.009
    endloop
  endfacet
  facet normal 0 -1 0
    outer loop
      vertex 22.5 -4 171
      vertex 45 -4 176
      vertex -4 -4 176
    endloop
  endfacet
  facet normal 0 -1 0
    outer loop
      vertex 22.7588 -4 170.966
      vertex 45 -4 176
      vertex 22.6305 -4 170.991
    endloop
  endfacet
  facet normal 0 -1 0
    outer loop
      vertex 22.6305 -4 170.991
      vertex 45 -4 176
      vertex 22.5 -4 171
    endloop
  endfacet
  facet normal 0 -1 0
    outer loop
      vertex -4 -4 176
      vertex 22.3695 -4 170.991
      vertex 22.5 -4 171
    endloop
  endfacet
  facet normal 0 -1 0
    outer loop
      vertex -4 -4 176
      vertex 22.2412 -4 170.966
      vertex 22.3695 -4 170.991
    endloop
  endfacet
  facet normal 0 -1 0
    outer loop
      vertex -4 -4 176
      vertex 22.1173 -4 170.924
      vertex 22.2412 -4 170.966
    endloop
  endfacet
  facet normal 0 -1 0
    outer loop
      vertex -4 -4 176
      vertex 22 -4 170.866
      vertex 22.1173 -4 170.924
    endloop
  endfacet
  facet normal 0 -1 0
    outer loop
      vertex -4 -4 176
      vertex 21.8912 -4 170.793
      vertex 22 -4 170.866
    endloop
  endfacet
  facet normal 0 -1 0
    outer loop
      vertex -4 -4 176
      vertex 21.7929 -4 170.707
      vertex 21.8912 -4 170.793
    endloop
  endfacet
  facet normal 0 -1 0
    outer loop
      vertex -4 -4 176
      vertex 21.7066 -4 170.609
      vertex 21.7929 -4 170.707
    endloop
  endfacet
  facet normal 0 -1 0
    outer loop
      vertex -4 -4 176
      vertex 21.634 -4 170.5
      vertex 21.7066 -4 170.609
    endloop
  endfacet
  facet normal 0 -1 0
    outer loop
      vertex -4 -4 176
      vertex 21.5761 -4 170.383
      vertex 21.634 -4 170.5
    endloop
  endfacet
  facet normal 0 -1 0
    outer loop
      vertex -4 -4 176
      vertex 21.5341 -4 170.259
      vertex 21.5761 -4 170.383
    endloop
  endfacet
  facet normal 0 -1 0
    outer loop
      vertex 0 -4 164
      vertex 21.5341 -4 170.259
      vertex -4 -4 176
    endloop
  endfacet
  facet normal 0 -1 0
    outer loop
      vertex 21.5341 -4 170.259
      vertex 0 -4 164
      vertex 21.5086 -4 170.131
    endloop
  endfacet
  facet normal 0 -1 0
    outer loop
      vertex 21.5086 -4 170.131
      vertex 0 -4 164
      vertex 21.5 -4 170
    endloop
  endfacet
  facet normal 0 -1 -0
    outer loop
      vertex 21.5 -4 170
      vertex 0 -4 164
      vertex 21.5086 -4 169.869
    endloop
  endfacet
  facet normal 0 -1 -0
    outer loop
      vertex 21.5086 -4 169.869
      vertex 0 -4 164
      vertex 21.5341 -4 169.741
    endloop
  endfacet
  facet normal 0 -1 -0
    outer loop
      vertex 21.5341 -4 169.741
      vertex 0 -4 164
      vertex 21.5761 -4 169.617
    endloop
  endfacet
  facet normal 0 -1 -0
    outer loop
      vertex 21.5761 -4 169.617
      vertex 0 -4 164
      vertex 21.634 -4 169.5
    endloop
  endfacet
  facet normal 0 -1 -0
    outer loop
      vertex 21.634 -4 169.5
      vertex 0 -4 164
      vertex 21.7066 -4 169.391
    endloop
  endfacet
  facet normal 0 -1 -0
    outer loop
      vertex 21.7066 -4 169.391
      vertex 0 -4 164
      vertex 21.7929 -4 169.293
    endloop
  endfacet
  facet normal 0 -1 -0
    outer loop
      vertex 21.7929 -4 169.293
      vertex 0 -4 164
      vertex 21.8912 -4 169.207
    endloop
  endfacet
  facet normal 0 -1 -0
    outer loop
      vertex 21.8912 -4 169.207
      vertex 0 -4 164
      vertex 22 -4 169.134
    endloop
  endfacet
  facet normal 0 -1 -0
    outer loop
      vertex 22 -4 169.134
      vertex 0 -4 164
      vertex 22.1173 -4 169.076
    endloop
  endfacet
  facet normal 0 -1 -0
    outer loop
      vertex 90.3695 -4 169.009
      vertex 45 -4 166
      vertex 90.5 -4 169
    endloop
  endfacet
  facet normal 0 -1 -0
    outer loop
      vertex 90.5 -4 169
      vertex 45 -4 166
      vertex 150.5 -4 169
    endloop
  endfacet
  facet normal 0 -1 0
    outer loop
      vertex 196 -4 166
      vertex 150.5 -4 169
      vertex 45 -4 166
    endloop
  endfacet
  facet normal 0 -1 0
    outer loop
      vertex 0 -4 164
      vertex 22.5 -4 169
      vertex 22.3695 -4 169.009
    endloop
  endfacet
  facet normal 0 -1 -0
    outer loop
      vertex 22.5 -4 169
      vertex 0 -4 164
      vertex 45 -4 164
    endloop
  endfacet
  facet normal 0 -1 -0
    outer loop
      vertex 22.2412 -4 169.034
      vertex 0 -4 164
      vertex 22.3695 -4 169.009
    endloop
  endfacet
  facet normal 0 -1 -0
    outer loop
      vertex 22.1173 -4 169.076
      vertex 0 -4 164
      vertex 22.2412 -4 169.034
    endloop
  endfacet
  facet normal 0 -1 0
    outer loop
      vertex -4 -4 176
      vertex 0 -4 14
      vertex 0 -4 164
    endloop
  endfacet
  facet normal 0 -1 0
    outer loop
      vertex 0 -4 14
      vertex 22.5 -4 8
      vertex 45 -4 14
    endloop
  endfacet
  facet normal 0 -1 0
    outer loop
      vertex 0 -4 14
      vertex 22.3695 -4 7.99144
      vertex 22.5 -4 8
    endloop
  endfacet
  facet normal 0 -1 0
    outer loop
      vertex 0 -4 14
      vertex 22.2412 -4 7.96593
      vertex 22.3695 -4 7.99144
    endloop
  endfacet
  facet normal 0 -1 0
    outer loop
      vertex 0 -4 14
      vertex 22.1173 -4 7.92388
      vertex 22.2412 -4 7.96593
    endloop
  endfacet
  facet normal 0 -1 0
    outer loop
      vertex 0 -4 14
      vertex 22 -4 7.86602
      vertex 22.1173 -4 7.92388
    endloop
  endfacet
  facet normal 0 -1 0
    outer loop
      vertex 0 -4 14
      vertex 21.8912 -4 7.79335
      vertex 22 -4 7.86602
    endloop
  endfacet
  facet normal 0 -1 0
    outer loop
      vertex 0 -4 14
      vertex 21.7929 -4 7.70711
      vertex 21.8912 -4 7.79335
    endloop
  endfacet
  facet normal 0 -1 0
    outer loop
      vertex 0 -4 14
      vertex 21.7066 -4 7.60876
      vertex 21.7929 -4 7.70711
    endloop
  endfacet
  facet normal 0 -1 0
    outer loop
      vertex 0 -4 14
      vertex 21.634 -4 7.5
      vertex 21.7066 -4 7.60876
    endloop
  endfacet
  facet normal 0 -1 0
    outer loop
      vertex 0 -4 14
      vertex 21.5761 -4 7.38268
      vertex 21.634 -4 7.5
    endloop
  endfacet
  facet normal 0 -1 0
    outer loop
      vertex 0 -4 14
      vertex 21.5341 -4 7.25882
      vertex 21.5761 -4 7.38268
    endloop
  endfacet
  facet normal 0 -1 0
    outer loop
      vertex 0 -4 14
      vertex 21.5086 -4 7.13053
      vertex 21.5341 -4 7.25882
    endloop
  endfacet
  facet normal 0 -1 0
    outer loop
      vertex 0 -4 14
      vertex 21.5 -4 7
      vertex 21.5086 -4 7.13053
    endloop
  endfacet
  facet normal 0 -1 0
    outer loop
      vertex 0 -4 14
      vertex 21.5086 -4 6.86947
      vertex 21.5 -4 7
    endloop
  endfacet
  facet normal 0 -1 0
    outer loop
      vertex 0 -4 14
      vertex 21.5341 -4 6.74118
      vertex 21.5086 -4 6.86947
    endloop
  endfacet
  facet normal 0 -1 0
    outer loop
      vertex -4 -4 0
      vertex 21.5341 -4 6.74118
      vertex 0 -4 14
    endloop
  endfacet
  facet normal 0 -1 -0
    outer loop
      vertex 21.5341 -4 6.74118
      vertex -4 -4 0
      vertex 21.5761 -4 6.61732
    endloop
  endfacet
  facet normal 0 -1 -0
    outer loop
      vertex 21.5761 -4 6.61732
      vertex -4 -4 0
      vertex 21.634 -4 6.5
    endloop
  endfacet
  facet normal 0 -1 -0
    outer loop
      vertex 21.634 -4 6.5
      vertex -4 -4 0
      vertex 21.7066 -4 6.39124
    endloop
  endfacet
  facet normal 0 -1 -0
    outer loop
      vertex 21.7066 -4 6.39124
      vertex -4 -4 0
      vertex 21.7929 -4 6.29289
    endloop
  endfacet
  facet normal 0 -1 -0
    outer loop
      vertex 21.7929 -4 6.29289
      vertex -4 -4 0
      vertex 21.8912 -4 6.20665
    endloop
  endfacet
  facet normal 0 -1 -0
    outer loop
      vertex 21.8912 -4 6.20665
      vertex -4 -4 0
      vertex 22 -4 6.13397
    endloop
  endfacet
  facet normal 0 -1 0
    outer loop
      vertex 150.631 -4 4.99144
      vertex 196 -4 8
      vertex 150.5 -4 5
    endloop
  endfacet
  facet normal 0 -1 0
    outer loop
      vertex 22.6305 -4 6.00855
      vertex 90.3695 -4 4.99144
      vertex 90.5 -4 5
    endloop
  endfacet
  facet normal 0 -1 0
    outer loop
      vertex 22.6305 -4 6.00855
      vertex 90.2412 -4 4.96593
      vertex 90.3695 -4 4.99144
    endloop
  endfacet
  facet normal 0 -1 0
    outer loop
      vertex 22.6305 -4 6.00855
      vertex 90.1173 -4 4.92388
      vertex 90.2412 -4 4.96593
    endloop
  endfacet
  facet normal 0 -1 0
    outer loop
      vertex 22.6305 -4 6.00855
      vertex 90 -4 4.86602
      vertex 90.1173 -4 4.92388
    endloop
  endfacet
  facet normal 0 -1 0
    outer loop
      vertex 22.6305 -4 6.00855
      vertex 89.8912 -4 4.79335
      vertex 90 -4 4.86602
    endloop
  endfacet
  facet normal 0 -1 0
    outer loop
      vertex 22.6305 -4 6.00855
      vertex 89.7929 -4 4.70711
      vertex 89.8912 -4 4.79335
    endloop
  endfacet
  facet normal 0 -1 0
    outer loop
      vertex 22.6305 -4 6.00855
      vertex 89.7066 -4 4.60876
      vertex 89.7929 -4 4.70711
    endloop
  endfacet
  facet normal 0 -1 0
    outer loop
      vertex 22.6305 -4 6.00855
      vertex 89.634 -4 4.5
      vertex 89.7066 -4 4.60876
    endloop
  endfacet
  facet normal 0 -1 0
    outer loop
      vertex 22.6305 -4 6.00855
      vertex 89.5761 -4 4.38268
      vertex 89.634 -4 4.5
    endloop
  endfacet
  facet normal 0 -1 0
    outer loop
      vertex 22.6305 -4 6.00855
      vertex 89.5341 -4 4.25882
      vertex 89.5761 -4 4.38268
    endloop
  endfacet
  facet normal 0 -1 0
    outer loop
      vertex 22.6305 -4 6.00855
      vertex 89.5086 -4 4.13053
      vertex 89.5341 -4 4.25882
    endloop
  endfacet
  facet normal 0 -1 0
    outer loop
      vertex 22.6305 -4 6.00855
      vertex 89.5 -4 4
      vertex 89.5086 -4 4.13053
    endloop
  endfacet
  facet normal 0 -1 0
    outer loop
      vertex 22.6305 -4 6.00855
      vertex 89.5086 -4 3.86947
      vertex 89.5 -4 4
    endloop
  endfacet
  facet normal 0 -1 0
    outer loop
      vertex 22.6305 -4 6.00855
      vertex 89.5341 -4 3.74118
      vertex 89.5086 -4 3.86947
    endloop
  endfacet
  facet normal 0 -1 0
    outer loop
      vertex 22.6305 -4 6.00855
      vertex 89.5761 -4 3.61732
      vertex 89.5341 -4 3.74118
    endloop
  endfacet
  facet normal 0 -1 0
    outer loop
      vertex 22.6305 -4 6.00855
      vertex 89.634 -4 3.5
      vertex 89.5761 -4 3.61732
    endloop
  endfacet
  facet normal 0 -1 0
    outer loop
      vertex 22.6305 -4 6.00855
      vertex 89.7066 -4 3.39124
      vertex 89.634 -4 3.5
    endloop
  endfacet
  facet normal 0 -1 0
    outer loop
      vertex 22.6305 -4 6.00855
      vertex 89.7929 -4 3.29289
      vertex 89.7066 -4 3.39124
    endloop
  endfacet
  facet normal 0 -1 0
    outer loop
      vertex 22.6305 -4 6.00855
      vertex 89.8912 -4 3.20665
      vertex 89.7929 -4 3.29289
    endloop
  endfacet
  facet normal 0 -1 0
    outer loop
      vertex 22.6305 -4 6.00855
      vertex 90 -4 3.13397
      vertex 89.8912 -4 3.20665
    endloop
  endfacet
  facet normal 0 -1 0
    outer loop
      vertex 22.6305 -4 6.00855
      vertex 90.1173 -4 3.07612
      vertex 90 -4 3.13397
    endloop
  endfacet
  facet normal 0 -1 0
    outer loop
      vertex 22.6305 -4 6.00855
      vertex 90.2412 -4 3.03407
      vertex 90.1173 -4 3.07612
    endloop
  endfacet
  facet normal 0 -1 -0
    outer loop
      vertex 22.6305 -4 6.00855
      vertex -4 -4 0
      vertex 90.2412 -4 3.03407
    endloop
  endfacet
  facet normal 0 -1 -0
    outer loop
      vertex 90.2412 -4 3.03407
      vertex -4 -4 0
      vertex 90.3695 -4 3.00855
    endloop
  endfacet
  facet normal 0 -1 -0
    outer loop
      vertex 90.5 -4 3
      vertex -4 -4 0
      vertex 150.5 -4 3
    endloop
  endfacet
  facet normal 0 -1 -0
    outer loop
      vertex 90.3695 -4 3.00855
      vertex -4 -4 0
      vertex 90.5 -4 3
    endloop
  endfacet
  facet normal 0 -1 -0
    outer loop
      vertex 22.3695 -4 6.00855
      vertex -4 -4 0
      vertex 22.5 -4 6
    endloop
  endfacet
  facet normal 0 -1 -0
    outer loop
      vertex 22.2412 -4 6.03407
      vertex -4 -4 0
      vertex 22.3695 -4 6.00855
    endloop
  endfacet
  facet normal 0 -1 -0
    outer loop
      vertex 22.1173 -4 6.07612
      vertex -4 -4 0
      vertex 22.2412 -4 6.03407
    endloop
  endfacet
  facet normal 0 -1 -0
    outer loop
      vertex 22 -4 6.13397
      vertex -4 -4 0
      vertex 22.1173 -4 6.07612
    endloop
  endfacet
  facet normal 0 -1 0
    outer loop
      vertex -4 -4 0
      vertex 0 -4 14
      vertex -4 -4 176
    endloop
  endfacet
  facet normal 0 -1 0
    outer loop
      vertex 218.5 -4 171
      vertex 196 -4 176
      vertex 196 -4 174
    endloop
  endfacet
  facet normal 0 -1 0
    outer loop
      vertex 45 -4 174
      vertex 90.5 -4 171
      vertex 196 -4 174
    endloop
  endfacet
  facet normal 0 -1 0
    outer loop
      vertex 150.5 -4 171
      vertex 196 -4 174
      vertex 90.5 -4 171
    endloop
  endfacet
  facet normal 0 -1 0
    outer loop
      vertex 150.631 -4 170.991
      vertex 196 -4 174
      vertex 150.5 -4 171
    endloop
  endfacet
  facet normal 0 -1 0
    outer loop
      vertex 196 -4 176
      vertex 218.5 -4 171
      vertex 245 -4 176
    endloop
  endfacet
  facet normal 0 -1 0
    outer loop
      vertex 218.631 -4 170.991
      vertex 245 -4 176
      vertex 218.5 -4 171
    endloop
  endfacet
  facet normal 0 -1 0
    outer loop
      vertex 218.759 -4 170.966
      vertex 245 -4 176
      vertex 218.631 -4 170.991
    endloop
  endfacet
  facet normal 0 -1 0
    outer loop
      vertex 218.883 -4 170.924
      vertex 245 -4 176
      vertex 218.759 -4 170.966
    endloop
  endfacet
  facet normal 0 -1 0
    outer loop
      vertex 219 -4 170.866
      vertex 245 -4 176
      vertex 218.883 -4 170.924
    endloop
  endfacet
  facet normal 0 -1 0
    outer loop
      vertex 219.109 -4 170.793
      vertex 245 -4 176
      vertex 219 -4 170.866
    endloop
  endfacet
  facet normal 0 -1 0
    outer loop
      vertex 219.207 -4 170.707
      vertex 245 -4 176
      vertex 219.109 -4 170.793
    endloop
  endfacet
  facet normal 0 -1 0
    outer loop
      vertex 219.293 -4 170.609
      vertex 245 -4 176
      vertex 219.207 -4 170.707
    endloop
  endfacet
  facet normal 0 -1 0
    outer loop
      vertex 219.366 -4 170.5
      vertex 245 -4 176
      vertex 219.293 -4 170.609
    endloop
  endfacet
  facet normal 0 -1 0
    outer loop
      vertex 219.424 -4 170.383
      vertex 245 -4 176
      vertex 219.366 -4 170.5
    endloop
  endfacet
  facet normal 0 -1 0
    outer loop
      vertex 219.466 -4 170.259
      vertex 245 -4 176
      vertex 219.424 -4 170.383
    endloop
  endfacet
  facet normal 0 -1 0
    outer loop
      vertex 241 -4 164
      vertex 219.466 -4 170.259
      vertex 219.491 -4 170.131
    endloop
  endfacet
  facet normal 0 -1 0
    outer loop
      vertex 241 -4 164
      vertex 219.491 -4 170.131
      vertex 219.5 -4 170
    endloop
  endfacet
  facet normal 0 -1 0
    outer loop
      vertex 241 -4 164
      vertex 219.5 -4 170
      vertex 219.491 -4 169.869
    endloop
  endfacet
  facet normal 0 -1 0
    outer loop
      vertex 241 -4 164
      vertex 219.491 -4 169.869
      vertex 219.466 -4 169.741
    endloop
  endfacet
  facet normal 0 -1 0
    outer loop
      vertex 241 -4 164
      vertex 219.466 -4 169.741
      vertex 219.424 -4 169.617
    endloop
  endfacet
  facet normal 0 -1 0
    outer loop
      vertex 241 -4 164
      vertex 219.424 -4 169.617
      vertex 219.366 -4 169.5
    endloop
  endfacet
  facet normal 0 -1 0
    outer loop
      vertex 241 -4 164
      vertex 219.366 -4 169.5
      vertex 219.293 -4 169.391
    endloop
  endfacet
  facet normal 0 -1 0
    outer loop
      vertex 241 -4 164
      vertex 219.293 -4 169.391
      vertex 219.207 -4 169.293
    endloop
  endfacet
  facet normal 0 -1 0
    outer loop
      vertex 241 -4 164
      vertex 219.207 -4 169.293
      vertex 219.109 -4 169.207
    endloop
  endfacet
  facet normal 0 -1 0
    outer loop
      vertex 241 -4 164
      vertex 219.109 -4 169.207
      vertex 219 -4 169.134
    endloop
  endfacet
  facet normal 0 -1 0
    outer loop
      vertex 241 -4 164
      vertex 219 -4 169.134
      vertex 218.883 -4 169.076
    endloop
  endfacet
  facet normal 0 -1 0
    outer loop
      vertex 241 -4 164
      vertex 218.883 -4 169.076
      vertex 218.759 -4 169.034
    endloop
  endfacet
  facet normal 0 -1 -0
    outer loop
      vertex 218.241 -4 169.034
      vertex 196 -4 164
      vertex 218.369 -4 169.009
    endloop
  endfacet
  facet normal 0 -1 -0
    outer loop
      vertex 218.369 -4 169.009
      vertex 196 -4 164
      vertex 218.5 -4 169
    endloop
  endfacet
  facet normal 0 -1 0
    outer loop
      vertex 241 -4 164
      vertex 218.5 -4 169
      vertex 196 -4 164
    endloop
  endfacet
  facet normal 0 -1 0
    outer loop
      vertex 218.5 -4 169
      vertex 241 -4 164
      vertex 218.631 -4 169.009
    endloop
  endfacet
  facet normal 0 -1 0
    outer loop
      vertex 218.631 -4 169.009
      vertex 241 -4 164
      vertex 218.759 -4 169.034
    endloop
  endfacet
  facet normal 0 -1 0
    outer loop
      vertex 219.466 -4 170.259
      vertex 241 -4 164
      vertex 245 -4 176
    endloop
  endfacet
  facet normal 0 -1 0
    outer loop
      vertex 241 -4 14
      vertex 245 -4 176
      vertex 241 -4 164
    endloop
  endfacet
  facet normal -0 -1 0
    outer loop
      vertex 218.5 -4 8
      vertex 196 -4 14
      vertex 218.369 -4 7.99144
    endloop
  endfacet
  facet normal 0 -1 0
    outer loop
      vertex 218.631 -4 7.99144
      vertex 241 -4 14
      vertex 218.5 -4 8
    endloop
  endfacet
  facet normal 0 -1 0
    outer loop
      vertex 218.759 -4 7.96593
      vertex 241 -4 14
      vertex 218.631 -4 7.99144
    endloop
  endfacet
  facet normal 0 -1 0
    outer loop
      vertex 218.883 -4 7.92388
      vertex 241 -4 14
      vertex 218.759 -4 7.96593
    endloop
  endfacet
  facet normal 0 -1 0
    outer loop
      vertex 219 -4 7.86602
      vertex 241 -4 14
      vertex 218.883 -4 7.92388
    endloop
  endfacet
  facet normal 0 -1 0
    outer loop
      vertex 219.109 -4 7.79335
      vertex 241 -4 14
      vertex 219 -4 7.86602
    endloop
  endfacet
  facet normal 0 -1 0
    outer loop
      vertex 219.207 -4 7.70711
      vertex 241 -4 14
      vertex 219.109 -4 7.79335
    endloop
  endfacet
  facet normal 0 -1 0
    outer loop
      vertex 219.293 -4 7.60876
      vertex 241 -4 14
      vertex 219.207 -4 7.70711
    endloop
  endfacet
  facet normal 0 -1 0
    outer loop
      vertex 219.366 -4 7.5
      vertex 241 -4 14
      vertex 219.293 -4 7.60876
    endloop
  endfacet
  facet normal 0 -1 0
    outer loop
      vertex 219.424 -4 7.38268
      vertex 241 -4 14
      vertex 219.366 -4 7.5
    endloop
  endfacet
  facet normal 0 -1 0
    outer loop
      vertex 219.466 -4 7.25882
      vertex 241 -4 14
      vertex 219.424 -4 7.38268
    endloop
  endfacet
  facet normal 0 -1 0
    outer loop
      vertex 219.491 -4 7.13053
      vertex 241 -4 14
      vertex 219.466 -4 7.25882
    endloop
  endfacet
  facet normal 0 -1 0
    outer loop
      vertex 219.5 -4 7
      vertex 241 -4 14
      vertex 219.491 -4 7.13053
    endloop
  endfacet
  facet normal 0 -1 0
    outer loop
      vertex 219.491 -4 6.86947
      vertex 241 -4 14
      vertex 219.5 -4 7
    endloop
  endfacet
  facet normal 0 -1 0
    outer loop
      vertex 219.466 -4 6.74118
      vertex 241 -4 14
      vertex 219.491 -4 6.86947
    endloop
  endfacet
  facet normal 0 -1 0
    outer loop
      vertex 245 -4 0
      vertex 219.466 -4 6.74118
      vertex 219.424 -4 6.61732
    endloop
  endfacet
  facet normal 0 -1 0
    outer loop
      vertex 245 -4 0
      vertex 219.424 -4 6.61732
      vertex 219.366 -4 6.5
    endloop
  endfacet
  facet normal 0 -1 0
    outer loop
      vertex 245 -4 0
      vertex 219.366 -4 6.5
      vertex 219.293 -4 6.39124
    endloop
  endfacet
  facet normal 0 -1 0
    outer loop
      vertex 245 -4 0
      vertex 219.293 -4 6.39124
      vertex 219.207 -4 6.29289
    endloop
  endfacet
  facet normal 0 -1 0
    outer loop
      vertex 245 -4 0
      vertex 219.207 -4 6.29289
      vertex 219.109 -4 6.20665
    endloop
  endfacet
  facet normal 0 -1 0
    outer loop
      vertex 245 -4 0
      vertex 219.109 -4 6.20665
      vertex 219 -4 6.13397
    endloop
  endfacet
  facet normal 0 -1 0
    outer loop
      vertex 245 -4 0
      vertex 219 -4 6.13397
      vertex 218.883 -4 6.07612
    endloop
  endfacet
  facet normal 0 -1 0
    outer loop
      vertex 150.759 -4 4.96593
      vertex 196 -4 8
      vertex 150.631 -4 4.99144
    endloop
  endfacet
  facet normal 0 -1 0
    outer loop
      vertex 150.883 -4 4.92388
      vertex 196 -4 8
      vertex 150.759 -4 4.96593
    endloop
  endfacet
  facet normal 0 -1 0
    outer loop
      vertex 151 -4 4.86602
      vertex 196 -4 8
      vertex 150.883 -4 4.92388
    endloop
  endfacet
  facet normal 0 -1 0
    outer loop
      vertex 151.109 -4 4.79335
      vertex 196 -4 8
      vertex 151 -4 4.86602
    endloop
  endfacet
  facet normal 0 -1 0
    outer loop
      vertex 151.207 -4 4.70711
      vertex 196 -4 8
      vertex 151.109 -4 4.79335
    endloop
  endfacet
  facet normal 0 -1 0
    outer loop
      vertex 151.293 -4 4.60876
      vertex 196 -4 8
      vertex 151.207 -4 4.70711
    endloop
  endfacet
  facet normal 0 -1 0
    outer loop
      vertex 151.366 -4 4.5
      vertex 196 -4 8
      vertex 151.293 -4 4.60876
    endloop
  endfacet
  facet normal 0 -1 0
    outer loop
      vertex 151.424 -4 4.38268
      vertex 196 -4 8
      vertex 151.366 -4 4.5
    endloop
  endfacet
  facet normal 0 -1 0
    outer loop
      vertex 151.466 -4 4.25882
      vertex 196 -4 8
      vertex 151.424 -4 4.38268
    endloop
  endfacet
  facet normal 0 -1 0
    outer loop
      vertex 151.491 -4 4.13053
      vertex 196 -4 8
      vertex 151.466 -4 4.25882
    endloop
  endfacet
  facet normal 0 -1 0
    outer loop
      vertex 151.5 -4 4
      vertex 196 -4 8
      vertex 151.491 -4 4.13053
    endloop
  endfacet
  facet normal 0 -1 0
    outer loop
      vertex 151.491 -4 3.86947
      vertex 196 -4 8
      vertex 151.5 -4 4
    endloop
  endfacet
  facet normal 0 -1 0
    outer loop
      vertex 151.466 -4 3.74118
      vertex 196 -4 8
      vertex 151.491 -4 3.86947
    endloop
  endfacet
  facet normal 0 -1 0
    outer loop
      vertex 151.424 -4 3.61732
      vertex 196 -4 8
      vertex 151.466 -4 3.74118
    endloop
  endfacet
  facet normal 0 -1 0
    outer loop
      vertex 151.366 -4 3.5
      vertex 196 -4 8
      vertex 151.424 -4 3.61732
    endloop
  endfacet
  facet normal 0 -1 0
    outer loop
      vertex 151.293 -4 3.39124
      vertex 196 -4 8
      vertex 151.366 -4 3.5
    endloop
  endfacet
  facet normal 0 -1 0
    outer loop
      vertex 151.207 -4 3.29289
      vertex 196 -4 8
      vertex 151.293 -4 3.39124
    endloop
  endfacet
  facet normal 0 -1 0
    outer loop
      vertex 151.109 -4 3.20665
      vertex 196 -4 8
      vertex 151.207 -4 3.29289
    endloop
  endfacet
  facet normal 0 -1 0
    outer loop
      vertex 151 -4 3.13397
      vertex 196 -4 8
      vertex 151.109 -4 3.20665
    endloop
  endfacet
  facet normal 0 -1 0
    outer loop
      vertex 150.883 -4 3.07612
      vertex 196 -4 8
      vertex 151 -4 3.13397
    endloop
  endfacet
  facet normal 0 -1 0
    outer loop
      vertex 150.759 -4 3.03407
      vertex 196 -4 8
      vertex 150.883 -4 3.07612
    endloop
  endfacet
  facet normal 0 -1 -0
    outer loop
      vertex 196 -4 8
      vertex 150.759 -4 3.03407
      vertex 218.369 -4 6.00855
    endloop
  endfacet
  facet normal 0 -1 0
    outer loop
      vertex 245 -4 0
      vertex 218.369 -4 6.00855
      vertex 150.759 -4 3.03407
    endloop
  endfacet
  facet normal 0 -1 0
    outer loop
      vertex 245 -4 0
      vertex 150.759 -4 3.03407
      vertex 150.631 -4 3.00855
    endloop
  endfacet
  facet normal 0 -1 0
    outer loop
      vertex 245 -4 0
      vertex 150.631 -4 3.00855
      vertex 150.5 -4 3
    endloop
  endfacet
  facet normal 0 -1 0
    outer loop
      vertex 241 -4 14
      vertex 245 -4 0
      vertex 245 -4 176
    endloop
  endfacet
  facet normal 0 -1 0
    outer loop
      vertex 219.466 -4 6.74118
      vertex 245 -4 0
      vertex 241 -4 14
    endloop
  endfacet
  facet normal 0 -1 0
    outer loop
      vertex 218.759 -4 6.03407
      vertex 245 -4 0
      vertex 218.883 -4 6.07612
    endloop
  endfacet
  facet normal 0 -1 0
    outer loop
      vertex 218.631 -4 6.00855
      vertex 245 -4 0
      vertex 218.759 -4 6.03407
    endloop
  endfacet
  facet normal 0 -1 0
    outer loop
      vertex 218.5 -4 6
      vertex 245 -4 0
      vertex 218.631 -4 6.00855
    endloop
  endfacet
  facet normal 0 -1 0
    outer loop
      vertex 218.369 -4 6.00855
      vertex 245 -4 0
      vertex 218.5 -4 6
    endloop
  endfacet
  facet normal 0 -1 0
    outer loop
      vertex 245 -4 0
      vertex 150.5 -4 3
      vertex -4 -4 0
    endloop
  endfacet
  facet normal 0 -1 0
    outer loop
      vertex 23.4239 -4 169.617
      vertex 45 -4 164
      vertex 45 -4 166
    endloop
  endfacet
  facet normal 0 -1 0
    outer loop
      vertex 22.6305 -4 7.99144
      vertex 45 -4 14
      vertex 22.5 -4 8
    endloop
  endfacet
  facet normal 0 -1 0
    outer loop
      vertex 22.7588 -4 7.96593
      vertex 45 -4 14
      vertex 22.6305 -4 7.99144
    endloop
  endfacet
  facet normal 0 -1 0
    outer loop
      vertex 22.8827 -4 7.92388
      vertex 45 -4 14
      vertex 22.7588 -4 7.96593
    endloop
  endfacet
  facet normal 0 -1 0
    outer loop
      vertex 23 -4 7.86602
      vertex 45 -4 14
      vertex 22.8827 -4 7.92388
    endloop
  endfacet
  facet normal 0 -1 0
    outer loop
      vertex 196 -4 14
      vertex 218.5 -4 8
      vertex 241 -4 14
    endloop
  endfacet
  facet normal 0 -1 0
    outer loop
      vertex 23.1088 -4 7.79335
      vertex 45 -4 14
      vertex 23 -4 7.86602
    endloop
  endfacet
  facet normal 0 -1 0
    outer loop
      vertex 196 -4 14
      vertex 218.241 -4 7.96593
      vertex 218.369 -4 7.99144
    endloop
  endfacet
  facet normal 0 -1 0
    outer loop
      vertex 23.2071 -4 7.70711
      vertex 45 -4 14
      vertex 23.1088 -4 7.79335
    endloop
  endfacet
  facet normal 0 -1 0
    outer loop
      vertex 196 -4 14
      vertex 218.117 -4 7.92388
      vertex 218.241 -4 7.96593
    endloop
  endfacet
  facet normal 0 -1 0
    outer loop
      vertex 23.2934 -4 7.60876
      vertex 45 -4 14
      vertex 23.2071 -4 7.70711
    endloop
  endfacet
  facet normal 0 -1 0
    outer loop
      vertex 196 -4 14
      vertex 218 -4 7.86602
      vertex 218.117 -4 7.92388
    endloop
  endfacet
  facet normal 0 -1 0
    outer loop
      vertex 23.366 -4 7.5
      vertex 45 -4 14
      vertex 23.2934 -4 7.60876
    endloop
  endfacet
  facet normal 0 -1 0
    outer loop
      vertex 196 -4 14
      vertex 217.891 -4 7.79335
      vertex 218 -4 7.86602
    endloop
  endfacet
  facet normal 0 -1 0
    outer loop
      vertex 23.4239 -4 7.38268
      vertex 45 -4 14
      vertex 23.366 -4 7.5
    endloop
  endfacet
  facet normal 0 -1 0
    outer loop
      vertex 196 -4 14
      vertex 217.793 -4 7.70711
      vertex 217.891 -4 7.79335
    endloop
  endfacet
  facet normal 0 -1 -0
    outer loop
      vertex 45 -4 14
      vertex 23.4239 -4 7.38268
      vertex 45 -4 8
    endloop
  endfacet
  facet normal 0 -1 0
    outer loop
      vertex 196 -4 14
      vertex 217.707 -4 7.60876
      vertex 217.793 -4 7.70711
    endloop
  endfacet
  facet normal 0 -1 0
    outer loop
      vertex 23.4659 -4 7.25882
      vertex 45 -4 8
      vertex 23.4239 -4 7.38268
    endloop
  endfacet
  facet normal 0 -1 0
    outer loop
      vertex 196 -4 14
      vertex 217.634 -4 7.5
      vertex 217.707 -4 7.60876
    endloop
  endfacet
  facet normal 0 -1 0
    outer loop
      vertex 23.4914 -4 7.13053
      vertex 45 -4 8
      vertex 23.4659 -4 7.25882
    endloop
  endfacet
  facet normal 0 -1 0
    outer loop
      vertex 196 -4 14
      vertex 217.576 -4 7.38268
      vertex 217.634 -4 7.5
    endloop
  endfacet
  facet normal 0 -1 0
    outer loop
      vertex 23.5 -4 7
      vertex 45 -4 8
      vertex 23.4914 -4 7.13053
    endloop
  endfacet
  facet normal 0 -1 0
    outer loop
      vertex 196 -4 8
      vertex 217.534 -4 7.25882
      vertex 217.576 -4 7.38268
    endloop
  endfacet
  facet normal 0 -1 0
    outer loop
      vertex 23.4914 -4 6.86947
      vertex 45 -4 8
      vertex 23.5 -4 7
    endloop
  endfacet
  facet normal 0 -1 0
    outer loop
      vertex 196 -4 8
      vertex 217.509 -4 7.13053
      vertex 217.534 -4 7.25882
    endloop
  endfacet
  facet normal 0 -1 0
    outer loop
      vertex 23.4659 -4 6.74118
      vertex 45 -4 8
      vertex 23.4914 -4 6.86947
    endloop
  endfacet
  facet normal 0 -1 0
    outer loop
      vertex 196 -4 8
      vertex 217.5 -4 7
      vertex 217.509 -4 7.13053
    endloop
  endfacet
  facet normal 0 -1 0
    outer loop
      vertex 23.4239 -4 6.61732
      vertex 45 -4 8
      vertex 23.4659 -4 6.74118
    endloop
  endfacet
  facet normal 0 -1 0
    outer loop
      vertex 196 -4 8
      vertex 217.509 -4 6.86947
      vertex 217.5 -4 7
    endloop
  endfacet
  facet normal 0 -1 0
    outer loop
      vertex 23.366 -4 6.5
      vertex 45 -4 8
      vertex 23.4239 -4 6.61732
    endloop
  endfacet
  facet normal 0 -1 0
    outer loop
      vertex 196 -4 8
      vertex 217.534 -4 6.74118
      vertex 217.509 -4 6.86947
    endloop
  endfacet
  facet normal 0 -1 0
    outer loop
      vertex 23.2934 -4 6.39124
      vertex 45 -4 8
      vertex 23.366 -4 6.5
    endloop
  endfacet
  facet normal 0 -1 0
    outer loop
      vertex 196 -4 8
      vertex 217.576 -4 6.61732
      vertex 217.534 -4 6.74118
    endloop
  endfacet
  facet normal 0 -1 0
    outer loop
      vertex 23.2071 -4 6.29289
      vertex 45 -4 8
      vertex 23.2934 -4 6.39124
    endloop
  endfacet
  facet normal 0 -1 0
    outer loop
      vertex 196 -4 8
      vertex 217.634 -4 6.5
      vertex 217.576 -4 6.61732
    endloop
  endfacet
  facet normal 0 -1 0
    outer loop
      vertex 23.1088 -4 6.20665
      vertex 45 -4 8
      vertex 23.2071 -4 6.29289
    endloop
  endfacet
  facet normal 0 -1 0
    outer loop
      vertex 196 -4 8
      vertex 217.707 -4 6.39124
      vertex 217.634 -4 6.5
    endloop
  endfacet
  facet normal 0 -1 0
    outer loop
      vertex 23 -4 6.13397
      vertex 45 -4 8
      vertex 23.1088 -4 6.20665
    endloop
  endfacet
  facet normal 0 -1 0
    outer loop
      vertex 196 -4 8
      vertex 217.793 -4 6.29289
      vertex 217.707 -4 6.39124
    endloop
  endfacet
  facet normal 0 -1 0
    outer loop
      vertex 22.8827 -4 6.07612
      vertex 45 -4 8
      vertex 23 -4 6.13397
    endloop
  endfacet
  facet normal 0 -1 0
    outer loop
      vertex 196 -4 8
      vertex 217.891 -4 6.20665
      vertex 217.793 -4 6.29289
    endloop
  endfacet
  facet normal 0 -1 0
    outer loop
      vertex 22.7588 -4 6.03407
      vertex 45 -4 8
      vertex 22.8827 -4 6.07612
    endloop
  endfacet
  facet normal 0 -1 0
    outer loop
      vertex 196 -4 8
      vertex 218 -4 6.13397
      vertex 217.891 -4 6.20665
    endloop
  endfacet
  facet normal 0 -1 0
    outer loop
      vertex 22.6305 -4 6.00855
      vertex 45 -4 8
      vertex 22.7588 -4 6.03407
    endloop
  endfacet
  facet normal 0 -1 0
    outer loop
      vertex 196 -4 8
      vertex 218.117 -4 6.07612
      vertex 218 -4 6.13397
    endloop
  endfacet
  facet normal 0 -1 0
    outer loop
      vertex 90.5 -4 5
      vertex 45 -4 8
      vertex 22.6305 -4 6.00855
    endloop
  endfacet
  facet normal 0 -1 0
    outer loop
      vertex 196 -4 8
      vertex 218.241 -4 6.03407
      vertex 218.117 -4 6.07612
    endloop
  endfacet
  facet normal 0 -1 0
    outer loop
      vertex 45 -4 8
      vertex 90.5 -4 5
      vertex 196 -4 8
    endloop
  endfacet
  facet normal 0 -1 0
    outer loop
      vertex 196 -4 8
      vertex 218.369 -4 6.00855
      vertex 218.241 -4 6.03407
    endloop
  endfacet
  facet normal 0 -1 0
    outer loop
      vertex -4 -4 0
      vertex 22.6305 -4 6.00855
      vertex 22.5 -4 6
    endloop
  endfacet
  facet normal 0 -1 0
    outer loop
      vertex 150.5 -4 5
      vertex 196 -4 8
      vertex 90.5 -4 5
    endloop
  endfacet
  facet normal 0 -1 0
    outer loop
      vertex 90.6305 -4 4.99144
      vertex 150.5 -4 5
      vertex 90.5 -4 5
    endloop
  endfacet
  facet normal 0 -1 0
    outer loop
      vertex 90.6305 -4 4.99144
      vertex 150.369 -4 4.99144
      vertex 150.5 -4 5
    endloop
  endfacet
  facet normal 0 -1 0
    outer loop
      vertex 90.7588 -4 4.96593
      vertex 150.369 -4 4.99144
      vertex 90.6305 -4 4.99144
    endloop
  endfacet
  facet normal 0 -1 0
    outer loop
      vertex 90.7588 -4 4.96593
      vertex 150.241 -4 4.96593
      vertex 150.369 -4 4.99144
    endloop
  endfacet
  facet normal 0 -1 0
    outer loop
      vertex 90.8827 -4 4.92388
      vertex 150.241 -4 4.96593
      vertex 90.7588 -4 4.96593
    endloop
  endfacet
  facet normal 0 -1 0
    outer loop
      vertex 90.8827 -4 4.92388
      vertex 150.117 -4 4.92388
      vertex 150.241 -4 4.96593
    endloop
  endfacet
  facet normal 0 -1 0
    outer loop
      vertex 91 -4 4.86602
      vertex 150.117 -4 4.92388
      vertex 90.8827 -4 4.92388
    endloop
  endfacet
  facet normal 0 -1 0
    outer loop
      vertex 91 -4 4.86602
      vertex 150 -4 4.86602
      vertex 150.117 -4 4.92388
    endloop
  endfacet
  facet normal 0 -1 0
    outer loop
      vertex 91.1088 -4 4.79335
      vertex 150 -4 4.86602
      vertex 91 -4 4.86602
    endloop
  endfacet
  facet normal 0 -1 0
    outer loop
      vertex 91.1088 -4 4.79335
      vertex 149.891 -4 4.79335
      vertex 150 -4 4.86602
    endloop
  endfacet
  facet normal 0 -1 0
    outer loop
      vertex 91.2071 -4 4.70711
      vertex 149.891 -4 4.79335
      vertex 91.1088 -4 4.79335
    endloop
  endfacet
  facet normal 0 -1 0
    outer loop
      vertex 91.2071 -4 4.70711
      vertex 149.793 -4 4.70711
      vertex 149.891 -4 4.79335
    endloop
  endfacet
  facet normal 0 -1 0
    outer loop
      vertex 91.2934 -4 4.60876
      vertex 149.793 -4 4.70711
      vertex 91.2071 -4 4.70711
    endloop
  endfacet
  facet normal 0 -1 0
    outer loop
      vertex 91.2934 -4 4.60876
      vertex 149.707 -4 4.60876
      vertex 149.793 -4 4.70711
    endloop
  endfacet
  facet normal 0 -1 0
    outer loop
      vertex 91.366 -4 4.5
      vertex 149.707 -4 4.60876
      vertex 91.2934 -4 4.60876
    endloop
  endfacet
  facet normal 0 -1 0
    outer loop
      vertex 91.366 -4 4.5
      vertex 149.634 -4 4.5
      vertex 149.707 -4 4.60876
    endloop
  endfacet
  facet normal 0 -1 0
    outer loop
      vertex 91.4239 -4 4.38268
      vertex 149.634 -4 4.5
      vertex 91.366 -4 4.5
    endloop
  endfacet
  facet normal 0 -1 0
    outer loop
      vertex 91.4239 -4 4.38268
      vertex 149.576 -4 4.38268
      vertex 149.634 -4 4.5
    endloop
  endfacet
  facet normal 0 -1 0
    outer loop
      vertex 91.4659 -4 4.25882
      vertex 149.576 -4 4.38268
      vertex 91.4239 -4 4.38268
    endloop
  endfacet
  facet normal 0 -1 0
    outer loop
      vertex 91.4659 -4 4.25882
      vertex 149.534 -4 4.25882
      vertex 149.576 -4 4.38268
    endloop
  endfacet
  facet normal 0 -1 0
    outer loop
      vertex 91.4914 -4 4.13053
      vertex 149.534 -4 4.25882
      vertex 91.4659 -4 4.25882
    endloop
  endfacet
  facet normal 0 -1 0
    outer loop
      vertex 91.4914 -4 4.13053
      vertex 149.509 -4 4.13053
      vertex 149.534 -4 4.25882
    endloop
  endfacet
  facet normal 0 -1 0
    outer loop
      vertex 91.5 -4 4
      vertex 149.509 -4 4.13053
      vertex 91.4914 -4 4.13053
    endloop
  endfacet
  facet normal 0 -1 0
    outer loop
      vertex 91.5 -4 4
      vertex 149.5 -4 4
      vertex 149.509 -4 4.13053
    endloop
  endfacet
  facet normal 0 -1 0
    outer loop
      vertex 91.4914 -4 3.86947
      vertex 149.5 -4 4
      vertex 91.5 -4 4
    endloop
  endfacet
  facet normal 0 -1 0
    outer loop
      vertex 91.4914 -4 3.86947
      vertex 149.509 -4 3.86947
      vertex 149.5 -4 4
    endloop
  endfacet
  facet normal 0 -1 0
    outer loop
      vertex 91.4659 -4 3.74118
      vertex 149.509 -4 3.86947
      vertex 91.4914 -4 3.86947
    endloop
  endfacet
  facet normal 0 -1 0
    outer loop
      vertex 91.4659 -4 3.74118
      vertex 149.534 -4 3.74118
      vertex 149.509 -4 3.86947
    endloop
  endfacet
  facet normal 0 -1 0
    outer loop
      vertex 91.4239 -4 3.61732
      vertex 149.534 -4 3.74118
      vertex 91.4659 -4 3.74118
    endloop
  endfacet
  facet normal 0 -1 0
    outer loop
      vertex 91.4239 -4 3.61732
      vertex 149.576 -4 3.61732
      vertex 149.534 -4 3.74118
    endloop
  endfacet
  facet normal 0 -1 0
    outer loop
      vertex 91.366 -4 3.5
      vertex 149.576 -4 3.61732
      vertex 91.4239 -4 3.61732
    endloop
  endfacet
  facet normal 0 -1 0
    outer loop
      vertex 91.366 -4 3.5
      vertex 149.634 -4 3.5
      vertex 149.576 -4 3.61732
    endloop
  endfacet
  facet normal 0 -1 0
    outer loop
      vertex 91.2934 -4 3.39124
      vertex 149.634 -4 3.5
      vertex 91.366 -4 3.5
    endloop
  endfacet
  facet normal 0 -1 0
    outer loop
      vertex 91.2934 -4 3.39124
      vertex 149.707 -4 3.39124
      vertex 149.634 -4 3.5
    endloop
  endfacet
  facet normal 0 -1 0
    outer loop
      vertex 91.2071 -4 3.29289
      vertex 149.707 -4 3.39124
      vertex 91.2934 -4 3.39124
    endloop
  endfacet
  facet normal 0 -1 0
    outer loop
      vertex 91.2071 -4 3.29289
      vertex 149.793 -4 3.29289
      vertex 149.707 -4 3.39124
    endloop
  endfacet
  facet normal 0 -1 0
    outer loop
      vertex 91.1088 -4 3.20665
      vertex 149.793 -4 3.29289
      vertex 91.2071 -4 3.29289
    endloop
  endfacet
  facet normal 0 -1 0
    outer loop
      vertex 91.1088 -4 3.20665
      vertex 149.891 -4 3.20665
      vertex 149.793 -4 3.29289
    endloop
  endfacet
  facet normal 0 -1 0
    outer loop
      vertex 91 -4 3.13397
      vertex 149.891 -4 3.20665
      vertex 91.1088 -4 3.20665
    endloop
  endfacet
  facet normal 0 -1 0
    outer loop
      vertex 91 -4 3.13397
      vertex 150 -4 3.13397
      vertex 149.891 -4 3.20665
    endloop
  endfacet
  facet normal 0 -1 0
    outer loop
      vertex 90.8827 -4 3.07612
      vertex 150 -4 3.13397
      vertex 91 -4 3.13397
    endloop
  endfacet
  facet normal 0 -1 0
    outer loop
      vertex 90.8827 -4 3.07612
      vertex 150.117 -4 3.07612
      vertex 150 -4 3.13397
    endloop
  endfacet
  facet normal 0 -1 0
    outer loop
      vertex 90.7588 -4 3.03407
      vertex 150.117 -4 3.07612
      vertex 90.8827 -4 3.07612
    endloop
  endfacet
  facet normal 0 -1 0
    outer loop
      vertex 90.7588 -4 3.03407
      vertex 150.241 -4 3.03407
      vertex 150.117 -4 3.07612
    endloop
  endfacet
  facet normal 0 -1 0
    outer loop
      vertex 90.6305 -4 3.00855
      vertex 150.241 -4 3.03407
      vertex 90.7588 -4 3.03407
    endloop
  endfacet
  facet normal 0 -1 0
    outer loop
      vertex 90.6305 -4 3.00855
      vertex 150.369 -4 3.00855
      vertex 150.241 -4 3.03407
    endloop
  endfacet
  facet normal 0 -1 0
    outer loop
      vertex 90.5 -4 3
      vertex 150.369 -4 3.00855
      vertex 90.6305 -4 3.00855
    endloop
  endfacet
  facet normal 0 -1 -0
    outer loop
      vertex 150.369 -4 3.00855
      vertex 90.5 -4 3
      vertex 150.5 -4 3
    endloop
  endfacet
  facet normal -0 0 1
    outer loop
      vertex 0 0 14
      vertex 45 -4 14
      vertex 45 0 14
    endloop
  endfacet
  facet normal 0 0 1
    outer loop
      vertex 45 -4 14
      vertex 0 0 14
      vertex 0 -4 14
    endloop
  endfacet
  facet normal 0 0 1
    outer loop
      vertex 45 40.5 14
      vertex 0 36.5 14
      vertex 45 36.5 14
    endloop
  endfacet
  facet normal -0 0 1
    outer loop
      vertex -4 40.5 14
      vertex 0 36.5 14
      vertex 45 40.5 14
    endloop
  endfacet
  facet normal 0 0 1
    outer loop
      vertex -4 0 14
      vertex 0 36.5 14
      vertex -4 40.5 14
    endloop
  endfacet
  facet normal 0 0 1
    outer loop
      vertex 0 36.5 14
      vertex -4 0 14
      vertex 0 0 14
    endloop
  endfacet
  facet normal 1 -0 0
    outer loop
      vertex 0 0 14
      vertex 0 36.5 4
      vertex 0 36.5 14
    endloop
  endfacet
  facet normal 1 0 0
    outer loop
      vertex 0 36.5 4
      vertex 0 0 14
      vertex 0 0 4
    endloop
  endfacet
  facet normal 0 1 0
    outer loop
      vertex 89.5086 0 3.86947
      vertex 45 0 4
      vertex 89.5 0 4
    endloop
  endfacet
  facet normal 0 1 0
    outer loop
      vertex 45 0 0
      vertex 89.5086 0 3.86947
      vertex 89.5341 0 3.74118
    endloop
  endfacet
  facet normal 0 1 0
    outer loop
      vertex 45 0 0
      vertex 89.5341 0 3.74118
      vertex 89.5761 0 3.61732
    endloop
  endfacet
  facet normal 0 1 0
    outer loop
      vertex 45 0 0
      vertex 89.5761 0 3.61732
      vertex 89.634 0 3.5
    endloop
  endfacet
  facet normal 0 1 0
    outer loop
      vertex 45 0 0
      vertex 89.634 0 3.5
      vertex 89.7066 0 3.39124
    endloop
  endfacet
  facet normal 0 1 0
    outer loop
      vertex 45 0 0
      vertex 89.7066 0 3.39124
      vertex 89.7929 0 3.29289
    endloop
  endfacet
  facet normal 0 1 0
    outer loop
      vertex 45 0 0
      vertex 89.7929 0 3.29289
      vertex 89.8912 0 3.20665
    endloop
  endfacet
  facet normal 0 1 0
    outer loop
      vertex 45 0 0
      vertex 89.8912 0 3.20665
      vertex 90 0 3.13397
    endloop
  endfacet
  facet normal 0 1 0
    outer loop
      vertex 45 0 0
      vertex 90 0 3.13397
      vertex 90.1173 0 3.07612
    endloop
  endfacet
  facet normal 0 1 0
    outer loop
      vertex 45 0 0
      vertex 90.1173 0 3.07612
      vertex 90.2412 0 3.03407
    endloop
  endfacet
  facet normal 0 1 0
    outer loop
      vertex 45 0 0
      vertex 90.2412 0 3.03407
      vertex 90.3695 0 3.00855
    endloop
  endfacet
  facet normal 0 1 0
    outer loop
      vertex 45 0 0
      vertex 90.3695 0 3.00855
      vertex 90.5 0 3
    endloop
  endfacet
  facet normal 0 1 0
    outer loop
      vertex 45 0 0
      vertex 90.5 0 3
      vertex 196 0 0
    endloop
  endfacet
  facet normal 0 1 0
    outer loop
      vertex 89.5086 0 3.86947
      vertex 45 0 0
      vertex 45 0 4
    endloop
  endfacet
  facet normal 0 1 -0
    outer loop
      vertex 150.369 0 4.99144
      vertex 90.5 0 5
      vertex 150.5 0 5
    endloop
  endfacet
  facet normal 0 1 0
    outer loop
      vertex 150.369 0 4.99144
      vertex 90.6305 0 4.99144
      vertex 90.5 0 5
    endloop
  endfacet
  facet normal 0 1 -0
    outer loop
      vertex 150.241 0 4.96593
      vertex 90.6305 0 4.99144
      vertex 150.369 0 4.99144
    endloop
  endfacet
  facet normal 0 1 0
    outer loop
      vertex 150.241 0 4.96593
      vertex 90.7588 0 4.96593
      vertex 90.6305 0 4.99144
    endloop
  endfacet
  facet normal 0 1 -0
    outer loop
      vertex 150.117 0 4.92388
      vertex 90.7588 0 4.96593
      vertex 150.241 0 4.96593
    endloop
  endfacet
  facet normal 0 1 0
    outer loop
      vertex 150.117 0 4.92388
      vertex 90.8827 0 4.92388
      vertex 90.7588 0 4.96593
    endloop
  endfacet
  facet normal 0 1 -0
    outer loop
      vertex 150 0 4.86602
      vertex 90.8827 0 4.92388
      vertex 150.117 0 4.92388
    endloop
  endfacet
  facet normal 0 1 0
    outer loop
      vertex 150 0 4.86602
      vertex 91 0 4.86602
      vertex 90.8827 0 4.92388
    endloop
  endfacet
  facet normal 0 1 -0
    outer loop
      vertex 149.891 0 4.79335
      vertex 91 0 4.86602
      vertex 150 0 4.86602
    endloop
  endfacet
  facet normal 0 1 0
    outer loop
      vertex 149.891 0 4.79335
      vertex 91.1088 0 4.79335
      vertex 91 0 4.86602
    endloop
  endfacet
  facet normal 0 1 -0
    outer loop
      vertex 149.793 0 4.70711
      vertex 91.1088 0 4.79335
      vertex 149.891 0 4.79335
    endloop
  endfacet
  facet normal 0 1 0
    outer loop
      vertex 149.793 0 4.70711
      vertex 91.2071 0 4.70711
      vertex 91.1088 0 4.79335
    endloop
  endfacet
  facet normal 0 1 -0
    outer loop
      vertex 149.707 0 4.60876
      vertex 91.2071 0 4.70711
      vertex 149.793 0 4.70711
    endloop
  endfacet
  facet normal 0 1 0
    outer loop
      vertex 149.707 0 4.60876
      vertex 91.2934 0 4.60876
      vertex 91.2071 0 4.70711
    endloop
  endfacet
  facet normal 0 1 -0
    outer loop
      vertex 149.634 0 4.5
      vertex 91.2934 0 4.60876
      vertex 149.707 0 4.60876
    endloop
  endfacet
  facet normal 0 1 0
    outer loop
      vertex 149.634 0 4.5
      vertex 91.366 0 4.5
      vertex 91.2934 0 4.60876
    endloop
  endfacet
  facet normal 0 1 -0
    outer loop
      vertex 149.576 0 4.38268
      vertex 91.366 0 4.5
      vertex 149.634 0 4.5
    endloop
  endfacet
  facet normal 0 1 0
    outer loop
      vertex 149.576 0 4.38268
      vertex 91.4239 0 4.38268
      vertex 91.366 0 4.5
    endloop
  endfacet
  facet normal 0 1 -0
    outer loop
      vertex 149.534 0 4.25882
      vertex 91.4239 0 4.38268
      vertex 149.576 0 4.38268
    endloop
  endfacet
  facet normal 0 1 0
    outer loop
      vertex 149.534 0 4.25882
      vertex 91.4659 0 4.25882
      vertex 91.4239 0 4.38268
    endloop
  endfacet
  facet normal 0 1 -0
    outer loop
      vertex 149.509 0 4.13053
      vertex 91.4659 0 4.25882
      vertex 149.534 0 4.25882
    endloop
  endfacet
  facet normal 0 1 0
    outer loop
      vertex 149.509 0 4.13053
      vertex 91.4914 0 4.13053
      vertex 91.4659 0 4.25882
    endloop
  endfacet
  facet normal 0 1 -0
    outer loop
      vertex 149.5 0 4
      vertex 91.4914 0 4.13053
      vertex 149.509 0 4.13053
    endloop
  endfacet
  facet normal 0 1 0
    outer loop
      vertex 149.5 0 4
      vertex 91.5 0 4
      vertex 91.4914 0 4.13053
    endloop
  endfacet
  facet normal 0 1 0
    outer loop
      vertex 149.509 0 3.86947
      vertex 91.5 0 4
      vertex 149.5 0 4
    endloop
  endfacet
  facet normal 0 1 0
    outer loop
      vertex 149.509 0 3.86947
      vertex 91.4914 0 3.86947
      vertex 91.5 0 4
    endloop
  endfacet
  facet normal 0 1 0
    outer loop
      vertex 149.534 0 3.74118
      vertex 91.4914 0 3.86947
      vertex 149.509 0 3.86947
    endloop
  endfacet
  facet normal 0 1 0
    outer loop
      vertex 149.534 0 3.74118
      vertex 91.4659 0 3.74118
      vertex 91.4914 0 3.86947
    endloop
  endfacet
  facet normal 0 1 0
    outer loop
      vertex 149.576 0 3.61732
      vertex 91.4659 0 3.74118
      vertex 149.534 0 3.74118
    endloop
  endfacet
  facet normal 0 1 0
    outer loop
      vertex 149.576 0 3.61732
      vertex 91.4239 0 3.61732
      vertex 91.4659 0 3.74118
    endloop
  endfacet
  facet normal 0 1 0
    outer loop
      vertex 149.634 0 3.5
      vertex 91.4239 0 3.61732
      vertex 149.576 0 3.61732
    endloop
  endfacet
  facet normal 0 1 0
    outer loop
      vertex 149.634 0 3.5
      vertex 91.366 0 3.5
      vertex 91.4239 0 3.61732
    endloop
  endfacet
  facet normal 0 1 0
    outer loop
      vertex 149.707 0 3.39124
      vertex 91.366 0 3.5
      vertex 149.634 0 3.5
    endloop
  endfacet
  facet normal 0 1 0
    outer loop
      vertex 149.707 0 3.39124
      vertex 91.2934 0 3.39124
      vertex 91.366 0 3.5
    endloop
  endfacet
  facet normal 0 1 0
    outer loop
      vertex 149.793 0 3.29289
      vertex 91.2934 0 3.39124
      vertex 149.707 0 3.39124
    endloop
  endfacet
  facet normal 0 1 0
    outer loop
      vertex 149.793 0 3.29289
      vertex 91.2071 0 3.29289
      vertex 91.2934 0 3.39124
    endloop
  endfacet
  facet normal 0 1 0
    outer loop
      vertex 149.891 0 3.20665
      vertex 91.2071 0 3.29289
      vertex 149.793 0 3.29289
    endloop
  endfacet
  facet normal 0 1 0
    outer loop
      vertex 149.891 0 3.20665
      vertex 91.1088 0 3.20665
      vertex 91.2071 0 3.29289
    endloop
  endfacet
  facet normal 0 1 0
    outer loop
      vertex 150 0 3.13397
      vertex 91.1088 0 3.20665
      vertex 149.891 0 3.20665
    endloop
  endfacet
  facet normal 0 1 0
    outer loop
      vertex 150 0 3.13397
      vertex 91 0 3.13397
      vertex 91.1088 0 3.20665
    endloop
  endfacet
  facet normal 0 1 0
    outer loop
      vertex 150.117 0 3.07612
      vertex 91 0 3.13397
      vertex 150 0 3.13397
    endloop
  endfacet
  facet normal 0 1 0
    outer loop
      vertex 150.117 0 3.07612
      vertex 90.8827 0 3.07612
      vertex 91 0 3.13397
    endloop
  endfacet
  facet normal 0 1 0
    outer loop
      vertex 150.241 0 3.03407
      vertex 90.8827 0 3.07612
      vertex 150.117 0 3.07612
    endloop
  endfacet
  facet normal 0 1 0
    outer loop
      vertex 150.241 0 3.03407
      vertex 90.7588 0 3.03407
      vertex 90.8827 0 3.07612
    endloop
  endfacet
  facet normal 0 1 0
    outer loop
      vertex 150.369 0 3.00855
      vertex 90.7588 0 3.03407
      vertex 150.241 0 3.03407
    endloop
  endfacet
  facet normal 0 1 0
    outer loop
      vertex 150.369 0 3.00855
      vertex 90.6305 0 3.00855
      vertex 90.7588 0 3.03407
    endloop
  endfacet
  facet normal 0 1 0
    outer loop
      vertex 150.5 0 3
      vertex 90.6305 0 3.00855
      vertex 150.369 0 3.00855
    endloop
  endfacet
  facet normal 0 1 0
    outer loop
      vertex 90.6305 0 3.00855
      vertex 150.5 0 3
      vertex 90.5 0 3
    endloop
  endfacet
  facet normal 0 1 0
    outer loop
      vertex 23.4239 0 7.38268
      vertex 45 0 14
      vertex 45 0 8
    endloop
  endfacet
  facet normal -0 1 0
    outer loop
      vertex 22.5 0 8
      vertex 45 0 14
      vertex 22.6305 0 7.99144
    endloop
  endfacet
  facet normal 0 1 -0
    outer loop
      vertex 22.3695 0 7.99144
      vertex 0 0 14
      vertex 22.5 0 8
    endloop
  endfacet
  facet normal 0 1 -0
    outer loop
      vertex 22.2412 0 7.96593
      vertex 0 0 14
      vertex 22.3695 0 7.99144
    endloop
  endfacet
  facet normal 0 1 -0
    outer loop
      vertex 22.1173 0 7.92388
      vertex 0 0 14
      vertex 22.2412 0 7.96593
    endloop
  endfacet
  facet normal 0 1 -0
    outer loop
      vertex 22 0 7.86602
      vertex 0 0 14
      vertex 22.1173 0 7.92388
    endloop
  endfacet
  facet normal 0 1 -0
    outer loop
      vertex 21.8912 0 7.79335
      vertex 0 0 14
      vertex 22 0 7.86602
    endloop
  endfacet
  facet normal 0 1 -0
    outer loop
      vertex 21.7929 0 7.70711
      vertex 0 0 14
      vertex 21.8912 0 7.79335
    endloop
  endfacet
  facet normal 0 1 -0
    outer loop
      vertex 21.7066 0 7.60876
      vertex 0 0 14
      vertex 21.7929 0 7.70711
    endloop
  endfacet
  facet normal 0 1 -0
    outer loop
      vertex 21.634 0 7.5
      vertex 0 0 14
      vertex 21.7066 0 7.60876
    endloop
  endfacet
  facet normal 0 1 -0
    outer loop
      vertex 21.5761 0 7.38268
      vertex 0 0 14
      vertex 21.634 0 7.5
    endloop
  endfacet
  facet normal 0 1 -0
    outer loop
      vertex 21.5341 0 7.25882
      vertex 0 0 14
      vertex 21.5761 0 7.38268
    endloop
  endfacet
  facet normal 0 1 -0
    outer loop
      vertex 21.5086 0 7.13053
      vertex 0 0 14
      vertex 21.5341 0 7.25882
    endloop
  endfacet
  facet normal 0 1 0
    outer loop
      vertex 0 0 4
      vertex 21.5086 0 7.13053
      vertex 21.5 0 7
    endloop
  endfacet
  facet normal 0 1 0
    outer loop
      vertex 0 0 4
      vertex 21.5 0 7
      vertex 21.5086 0 6.86947
    endloop
  endfacet
  facet normal 0 1 0
    outer loop
      vertex 0 0 4
      vertex 21.5086 0 6.86947
      vertex 21.5341 0 6.74118
    endloop
  endfacet
  facet normal 0 1 0
    outer loop
      vertex 0 0 4
      vertex 21.5341 0 6.74118
      vertex 21.5761 0 6.61732
    endloop
  endfacet
  facet normal 0 1 0
    outer loop
      vertex 0 0 4
      vertex 21.5761 0 6.61732
      vertex 21.634 0 6.5
    endloop
  endfacet
  facet normal 0 1 0
    outer loop
      vertex 0 0 4
      vertex 21.634 0 6.5
      vertex 21.7066 0 6.39124
    endloop
  endfacet
  facet normal 0 1 0
    outer loop
      vertex 0 0 4
      vertex 21.7066 0 6.39124
      vertex 21.7929 0 6.29289
    endloop
  endfacet
  facet normal 0 1 0
    outer loop
      vertex 0 0 4
      vertex 21.7929 0 6.29289
      vertex 21.8912 0 6.20665
    endloop
  endfacet
  facet normal 0 1 0
    outer loop
      vertex 0 0 4
      vertex 21.8912 0 6.20665
      vertex 22 0 6.13397
    endloop
  endfacet
  facet normal 0 1 0
    outer loop
      vertex 0 0 4
      vertex 22 0 6.13397
      vertex 22.1173 0 6.07612
    endloop
  endfacet
  facet normal 0 1 -0
    outer loop
      vertex 90.2412 0 4.96593
      vertex 45 0 8
      vertex 90.3695 0 4.99144
    endloop
  endfacet
  facet normal 0 1 0
    outer loop
      vertex 45 0 8
      vertex 45 0 4
      vertex 22.6305 0 6.00855
    endloop
  endfacet
  facet normal 0 1 -0
    outer loop
      vertex 90.1173 0 4.92388
      vertex 45 0 8
      vertex 90.2412 0 4.96593
    endloop
  endfacet
  facet normal 0 1 -0
    outer loop
      vertex 90 0 4.86602
      vertex 45 0 8
      vertex 90.1173 0 4.92388
    endloop
  endfacet
  facet normal 0 1 -0
    outer loop
      vertex 89.8912 0 4.79335
      vertex 45 0 8
      vertex 90 0 4.86602
    endloop
  endfacet
  facet normal 0 1 -0
    outer loop
      vertex 89.7929 0 4.70711
      vertex 45 0 8
      vertex 89.8912 0 4.79335
    endloop
  endfacet
  facet normal 0 1 -0
    outer loop
      vertex 89.7066 0 4.60876
      vertex 45 0 8
      vertex 89.7929 0 4.70711
    endloop
  endfacet
  facet normal 0 1 -0
    outer loop
      vertex 89.634 0 4.5
      vertex 45 0 8
      vertex 89.7066 0 4.60876
    endloop
  endfacet
  facet normal 0 1 -0
    outer loop
      vertex 89.5761 0 4.38268
      vertex 45 0 8
      vertex 89.634 0 4.5
    endloop
  endfacet
  facet normal 0 1 -0
    outer loop
      vertex 89.5341 0 4.25882
      vertex 45 0 8
      vertex 89.5761 0 4.38268
    endloop
  endfacet
  facet normal 0 1 -0
    outer loop
      vertex 89.5086 0 4.13053
      vertex 45 0 8
      vertex 89.5341 0 4.25882
    endloop
  endfacet
  facet normal 0 1 0
    outer loop
      vertex 45 0 8
      vertex 89.5086 0 4.13053
      vertex 45 0 4
    endloop
  endfacet
  facet normal 0 1 0
    outer loop
      vertex 45 0 4
      vertex 89.5086 0 4.13053
      vertex 89.5 0 4
    endloop
  endfacet
  facet normal 0 1 0
    outer loop
      vertex 22.6305 0 6.00855
      vertex 45 0 4
      vertex 22.5 0 6
    endloop
  endfacet
  facet normal 0 1 0
    outer loop
      vertex 0 0 4
      vertex 22.5 0 6
      vertex 45 0 4
    endloop
  endfacet
  facet normal 0 1 0
    outer loop
      vertex 21.5086 0 7.13053
      vertex 0 0 4
      vertex 0 0 14
    endloop
  endfacet
  facet normal 0 1 0
    outer loop
      vertex 22.2412 0 6.03407
      vertex 0 0 4
      vertex 22.1173 0 6.07612
    endloop
  endfacet
  facet normal 0 1 0
    outer loop
      vertex 22.3695 0 6.00855
      vertex 0 0 4
      vertex 22.2412 0 6.03407
    endloop
  endfacet
  facet normal 0 1 0
    outer loop
      vertex 22.5 0 6
      vertex 0 0 4
      vertex 22.3695 0 6.00855
    endloop
  endfacet
  facet normal 0 1 0
    outer loop
      vertex 241 0 14
      vertex 218.5 0 8
      vertex 196 0 14
    endloop
  endfacet
  facet normal 0 1 0
    outer loop
      vertex 241 0 14
      vertex 218.631 0 7.99144
      vertex 218.5 0 8
    endloop
  endfacet
  facet normal 0 1 0
    outer loop
      vertex 241 0 14
      vertex 218.759 0 7.96593
      vertex 218.631 0 7.99144
    endloop
  endfacet
  facet normal 0 1 0
    outer loop
      vertex 241 0 14
      vertex 218.883 0 7.92388
      vertex 218.759 0 7.96593
    endloop
  endfacet
  facet normal 0 1 0
    outer loop
      vertex 241 0 14
      vertex 219 0 7.86602
      vertex 218.883 0 7.92388
    endloop
  endfacet
  facet normal 0 1 0
    outer loop
      vertex 241 0 14
      vertex 219.109 0 7.79335
      vertex 219 0 7.86602
    endloop
  endfacet
  facet normal 0 1 0
    outer loop
      vertex 241 0 14
      vertex 219.207 0 7.70711
      vertex 219.109 0 7.79335
    endloop
  endfacet
  facet normal 0 1 0
    outer loop
      vertex 241 0 14
      vertex 219.293 0 7.60876
      vertex 219.207 0 7.70711
    endloop
  endfacet
  facet normal 0 1 0
    outer loop
      vertex 241 0 14
      vertex 219.366 0 7.5
      vertex 219.293 0 7.60876
    endloop
  endfacet
  facet normal 0 1 0
    outer loop
      vertex 241 0 14
      vertex 219.424 0 7.38268
      vertex 219.366 0 7.5
    endloop
  endfacet
  facet normal 0 1 0
    outer loop
      vertex 241 0 14
      vertex 219.466 0 7.25882
      vertex 219.424 0 7.38268
    endloop
  endfacet
  facet normal 0 1 0
    outer loop
      vertex 241 0 14
      vertex 219.491 0 7.13053
      vertex 219.466 0 7.25882
    endloop
  endfacet
  facet normal 0 1 -0
    outer loop
      vertex 241 0 4
      vertex 219.491 0 7.13053
      vertex 241 0 14
    endloop
  endfacet
  facet normal 0 1 0
    outer loop
      vertex 219.491 0 7.13053
      vertex 241 0 4
      vertex 219.5 0 7
    endloop
  endfacet
  facet normal 0 1 0
    outer loop
      vertex 219.5 0 7
      vertex 241 0 4
      vertex 219.491 0 6.86947
    endloop
  endfacet
  facet normal 0 1 0
    outer loop
      vertex 219.491 0 6.86947
      vertex 241 0 4
      vertex 219.466 0 6.74118
    endloop
  endfacet
  facet normal 0 1 0
    outer loop
      vertex 219.466 0 6.74118
      vertex 241 0 4
      vertex 219.424 0 6.61732
    endloop
  endfacet
  facet normal 0 1 0
    outer loop
      vertex 219.424 0 6.61732
      vertex 241 0 4
      vertex 219.366 0 6.5
    endloop
  endfacet
  facet normal 0 1 0
    outer loop
      vertex 219.366 0 6.5
      vertex 241 0 4
      vertex 219.293 0 6.39124
    endloop
  endfacet
  facet normal 0 1 0
    outer loop
      vertex 219.293 0 6.39124
      vertex 241 0 4
      vertex 219.207 0 6.29289
    endloop
  endfacet
  facet normal 0 1 0
    outer loop
      vertex 219.207 0 6.29289
      vertex 241 0 4
      vertex 219.109 0 6.20665
    endloop
  endfacet
  facet normal 0 1 0
    outer loop
      vertex 219.109 0 6.20665
      vertex 241 0 4
      vertex 219 0 6.13397
    endloop
  endfacet
  facet normal 0 1 -0
    outer loop
      vertex 90.3695 0 4.99144
      vertex 45 0 8
      vertex 90.5 0 5
    endloop
  endfacet
  facet normal 0 1 0
    outer loop
      vertex 218.369 0 6.00855
      vertex 150.631 0 4.99144
      vertex 150.5 0 5
    endloop
  endfacet
  facet normal 0 1 0
    outer loop
      vertex 218.369 0 6.00855
      vertex 196 0 4
      vertex 150.631 0 4.99144
    endloop
  endfacet
  facet normal 0 1 0
    outer loop
      vertex 150.631 0 4.99144
      vertex 196 0 4
      vertex 150.759 0 4.96593
    endloop
  endfacet
  facet normal 0 1 0
    outer loop
      vertex 150.759 0 4.96593
      vertex 196 0 4
      vertex 150.883 0 4.92388
    endloop
  endfacet
  facet normal 0 1 0
    outer loop
      vertex 150.883 0 4.92388
      vertex 196 0 4
      vertex 151 0 4.86602
    endloop
  endfacet
  facet normal 0 1 0
    outer loop
      vertex 151 0 4.86602
      vertex 196 0 4
      vertex 151.109 0 4.79335
    endloop
  endfacet
  facet normal 0 1 0
    outer loop
      vertex 151.109 0 4.79335
      vertex 196 0 4
      vertex 151.207 0 4.70711
    endloop
  endfacet
  facet normal 0 1 0
    outer loop
      vertex 151.207 0 4.70711
      vertex 196 0 4
      vertex 151.293 0 4.60876
    endloop
  endfacet
  facet normal 0 1 0
    outer loop
      vertex 151.293 0 4.60876
      vertex 196 0 4
      vertex 151.366 0 4.5
    endloop
  endfacet
  facet normal 0 1 0
    outer loop
      vertex 151.366 0 4.5
      vertex 196 0 4
      vertex 151.424 0 4.38268
    endloop
  endfacet
  facet normal 0 1 0
    outer loop
      vertex 151.424 0 4.38268
      vertex 196 0 4
      vertex 151.466 0 4.25882
    endloop
  endfacet
  facet normal 0 1 0
    outer loop
      vertex 219 0 6.13397
      vertex 241 0 4
      vertex 218.883 0 6.07612
    endloop
  endfacet
  facet normal 0 1 0
    outer loop
      vertex 241 0 4
      vertex 218.759 0 6.03407
      vertex 218.883 0 6.07612
    endloop
  endfacet
  facet normal 0 1 0
    outer loop
      vertex 241 0 4
      vertex 218.631 0 6.00855
      vertex 218.759 0 6.03407
    endloop
  endfacet
  facet normal 0 1 0
    outer loop
      vertex 241 0 4
      vertex 218.5 0 6
      vertex 218.631 0 6.00855
    endloop
  endfacet
  facet normal 0 1 0
    outer loop
      vertex 196 0 4
      vertex 218.5 0 6
      vertex 241 0 4
    endloop
  endfacet
  facet normal 0 1 0
    outer loop
      vertex 151.466 0 4.25882
      vertex 196 0 4
      vertex 151.491 0 4.13053
    endloop
  endfacet
  facet normal 0 1 0
    outer loop
      vertex 196 0 4
      vertex 151.5 0 4
      vertex 151.491 0 4.13053
    endloop
  endfacet
  facet normal 0 1 0
    outer loop
      vertex 196 0 4
      vertex 151.491 0 3.86947
      vertex 151.5 0 4
    endloop
  endfacet
  facet normal 0 1 -0
    outer loop
      vertex 196 0 0
      vertex 151.491 0 3.86947
      vertex 196 0 4
    endloop
  endfacet
  facet normal 0 1 0
    outer loop
      vertex 151.491 0 3.86947
      vertex 196 0 0
      vertex 151.466 0 3.74118
    endloop
  endfacet
  facet normal 0 1 0
    outer loop
      vertex 151.466 0 3.74118
      vertex 196 0 0
      vertex 151.424 0 3.61732
    endloop
  endfacet
  facet normal 0 1 0
    outer loop
      vertex 151.424 0 3.61732
      vertex 196 0 0
      vertex 151.366 0 3.5
    endloop
  endfacet
  facet normal 0 1 0
    outer loop
      vertex 151.366 0 3.5
      vertex 196 0 0
      vertex 151.293 0 3.39124
    endloop
  endfacet
  facet normal 0 1 0
    outer loop
      vertex 151.293 0 3.39124
      vertex 196 0 0
      vertex 151.207 0 3.29289
    endloop
  endfacet
  facet normal 0 1 0
    outer loop
      vertex 151.207 0 3.29289
      vertex 196 0 0
      vertex 151.109 0 3.20665
    endloop
  endfacet
  facet normal 0 1 0
    outer loop
      vertex 151.109 0 3.20665
      vertex 196 0 0
      vertex 151 0 3.13397
    endloop
  endfacet
  facet normal 0 1 0
    outer loop
      vertex 151 0 3.13397
      vertex 196 0 0
      vertex 150.883 0 3.07612
    endloop
  endfacet
  facet normal 0 1 0
    outer loop
      vertex 150.883 0 3.07612
      vertex 196 0 0
      vertex 150.759 0 3.03407
    endloop
  endfacet
  facet normal 0 1 0
    outer loop
      vertex 150.759 0 3.03407
      vertex 196 0 0
      vertex 150.631 0 3.00855
    endloop
  endfacet
  facet normal 0 1 0
    outer loop
      vertex 150.5 0 3
      vertex 196 0 0
      vertex 90.5 0 3
    endloop
  endfacet
  facet normal 0 1 0
    outer loop
      vertex 150.631 0 3.00855
      vertex 196 0 0
      vertex 150.5 0 3
    endloop
  endfacet
  facet normal 0 1 -0
    outer loop
      vertex 218.369 0 7.99144
      vertex 196 0 14
      vertex 218.5 0 8
    endloop
  endfacet
  facet normal 0 1 -0
    outer loop
      vertex 218.241 0 7.96593
      vertex 196 0 14
      vertex 218.369 0 7.99144
    endloop
  endfacet
  facet normal 0 1 -0
    outer loop
      vertex 218.117 0 7.92388
      vertex 196 0 14
      vertex 218.241 0 7.96593
    endloop
  endfacet
  facet normal 0 1 -0
    outer loop
      vertex 218 0 7.86602
      vertex 196 0 14
      vertex 218.117 0 7.92388
    endloop
  endfacet
  facet normal 0 1 0
    outer loop
      vertex 45 0 14
      vertex 22.5 0 8
      vertex 0 0 14
    endloop
  endfacet
  facet normal 0 1 -0
    outer loop
      vertex 217.891 0 7.79335
      vertex 196 0 14
      vertex 218 0 7.86602
    endloop
  endfacet
  facet normal 0 1 0
    outer loop
      vertex 45 0 14
      vertex 22.7588 0 7.96593
      vertex 22.6305 0 7.99144
    endloop
  endfacet
  facet normal 0 1 -0
    outer loop
      vertex 217.793 0 7.70711
      vertex 196 0 14
      vertex 217.891 0 7.79335
    endloop
  endfacet
  facet normal 0 1 0
    outer loop
      vertex 45 0 14
      vertex 22.8827 0 7.92388
      vertex 22.7588 0 7.96593
    endloop
  endfacet
  facet normal 0 1 -0
    outer loop
      vertex 217.707 0 7.60876
      vertex 196 0 14
      vertex 217.793 0 7.70711
    endloop
  endfacet
  facet normal 0 1 0
    outer loop
      vertex 45 0 14
      vertex 23 0 7.86602
      vertex 22.8827 0 7.92388
    endloop
  endfacet
  facet normal 0 1 -0
    outer loop
      vertex 217.634 0 7.5
      vertex 196 0 14
      vertex 217.707 0 7.60876
    endloop
  endfacet
  facet normal 0 1 0
    outer loop
      vertex 45 0 14
      vertex 23.1088 0 7.79335
      vertex 23 0 7.86602
    endloop
  endfacet
  facet normal 0 1 -0
    outer loop
      vertex 217.576 0 7.38268
      vertex 196 0 14
      vertex 217.634 0 7.5
    endloop
  endfacet
  facet normal 0 1 0
    outer loop
      vertex 45 0 14
      vertex 23.2071 0 7.70711
      vertex 23.1088 0 7.79335
    endloop
  endfacet
  facet normal 0 1 0
    outer loop
      vertex 196 0 14
      vertex 217.576 0 7.38268
      vertex 196 0 8
    endloop
  endfacet
  facet normal 0 1 0
    outer loop
      vertex 45 0 14
      vertex 23.2934 0 7.60876
      vertex 23.2071 0 7.70711
    endloop
  endfacet
  facet normal 0 1 -0
    outer loop
      vertex 217.534 0 7.25882
      vertex 196 0 8
      vertex 217.576 0 7.38268
    endloop
  endfacet
  facet normal 0 1 0
    outer loop
      vertex 45 0 14
      vertex 23.366 0 7.5
      vertex 23.2934 0 7.60876
    endloop
  endfacet
  facet normal 0 1 -0
    outer loop
      vertex 217.509 0 7.13053
      vertex 196 0 8
      vertex 217.534 0 7.25882
    endloop
  endfacet
  facet normal 0 1 0
    outer loop
      vertex 45 0 14
      vertex 23.4239 0 7.38268
      vertex 23.366 0 7.5
    endloop
  endfacet
  facet normal 0 1 -0
    outer loop
      vertex 217.5 0 7
      vertex 196 0 8
      vertex 217.509 0 7.13053
    endloop
  endfacet
  facet normal 0 1 0
    outer loop
      vertex 45 0 8
      vertex 23.4659 0 7.25882
      vertex 23.4239 0 7.38268
    endloop
  endfacet
  facet normal 0 1 0
    outer loop
      vertex 217.509 0 6.86947
      vertex 196 0 8
      vertex 217.5 0 7
    endloop
  endfacet
  facet normal 0 1 0
    outer loop
      vertex 45 0 8
      vertex 23.4914 0 7.13053
      vertex 23.4659 0 7.25882
    endloop
  endfacet
  facet normal 0 1 0
    outer loop
      vertex 217.534 0 6.74118
      vertex 196 0 8
      vertex 217.509 0 6.86947
    endloop
  endfacet
  facet normal 0 1 0
    outer loop
      vertex 45 0 8
      vertex 23.5 0 7
      vertex 23.4914 0 7.13053
    endloop
  endfacet
  facet normal 0 1 0
    outer loop
      vertex 217.576 0 6.61732
      vertex 196 0 8
      vertex 217.534 0 6.74118
    endloop
  endfacet
  facet normal 0 1 0
    outer loop
      vertex 45 0 8
      vertex 23.4914 0 6.86947
      vertex 23.5 0 7
    endloop
  endfacet
  facet normal 0 1 0
    outer loop
      vertex 217.634 0 6.5
      vertex 196 0 8
      vertex 217.576 0 6.61732
    endloop
  endfacet
  facet normal 0 1 0
    outer loop
      vertex 45 0 8
      vertex 23.4659 0 6.74118
      vertex 23.4914 0 6.86947
    endloop
  endfacet
  facet normal 0 1 0
    outer loop
      vertex 217.707 0 6.39124
      vertex 196 0 8
      vertex 217.634 0 6.5
    endloop
  endfacet
  facet normal 0 1 0
    outer loop
      vertex 45 0 8
      vertex 23.4239 0 6.61732
      vertex 23.4659 0 6.74118
    endloop
  endfacet
  facet normal 0 1 0
    outer loop
      vertex 217.793 0 6.29289
      vertex 196 0 8
      vertex 217.707 0 6.39124
    endloop
  endfacet
  facet normal 0 1 0
    outer loop
      vertex 45 0 8
      vertex 23.366 0 6.5
      vertex 23.4239 0 6.61732
    endloop
  endfacet
  facet normal 0 1 0
    outer loop
      vertex 217.891 0 6.20665
      vertex 196 0 8
      vertex 217.793 0 6.29289
    endloop
  endfacet
  facet normal 0 1 0
    outer loop
      vertex 45 0 8
      vertex 23.2934 0 6.39124
      vertex 23.366 0 6.5
    endloop
  endfacet
  facet normal 0 1 0
    outer loop
      vertex 218 0 6.13397
      vertex 196 0 8
      vertex 217.891 0 6.20665
    endloop
  endfacet
  facet normal 0 1 0
    outer loop
      vertex 45 0 8
      vertex 23.2071 0 6.29289
      vertex 23.2934 0 6.39124
    endloop
  endfacet
  facet normal 0 1 0
    outer loop
      vertex 218.117 0 6.07612
      vertex 196 0 8
      vertex 218 0 6.13397
    endloop
  endfacet
  facet normal 0 1 0
    outer loop
      vertex 45 0 8
      vertex 23.1088 0 6.20665
      vertex 23.2071 0 6.29289
    endloop
  endfacet
  facet normal 0 1 0
    outer loop
      vertex 218.241 0 6.03407
      vertex 196 0 8
      vertex 218.117 0 6.07612
    endloop
  endfacet
  facet normal 0 1 0
    outer loop
      vertex 45 0 8
      vertex 23 0 6.13397
      vertex 23.1088 0 6.20665
    endloop
  endfacet
  facet normal 0 1 0
    outer loop
      vertex 218.369 0 6.00855
      vertex 196 0 8
      vertex 218.241 0 6.03407
    endloop
  endfacet
  facet normal 0 1 0
    outer loop
      vertex 45 0 8
      vertex 22.8827 0 6.07612
      vertex 23 0 6.13397
    endloop
  endfacet
  facet normal 0 1 0
    outer loop
      vertex 150.5 0 5
      vertex 196 0 8
      vertex 218.369 0 6.00855
    endloop
  endfacet
  facet normal 0 1 0
    outer loop
      vertex 45 0 8
      vertex 22.7588 0 6.03407
      vertex 22.8827 0 6.07612
    endloop
  endfacet
  facet normal 0 1 0
    outer loop
      vertex 196 0 8
      vertex 150.5 0 5
      vertex 45 0 8
    endloop
  endfacet
  facet normal 0 1 0
    outer loop
      vertex 45 0 8
      vertex 22.6305 0 6.00855
      vertex 22.7588 0 6.03407
    endloop
  endfacet
  facet normal 0 1 0
    outer loop
      vertex 196 0 4
      vertex 218.369 0 6.00855
      vertex 218.5 0 6
    endloop
  endfacet
  facet normal 0 1 -0
    outer loop
      vertex 90.5 0 5
      vertex 45 0 8
      vertex 150.5 0 5
    endloop
  endfacet
  facet normal 0 -1 0
    outer loop
      vertex 0 36.5 4
      vertex 45 36.5 14
      vertex 0 36.5 14
    endloop
  endfacet
  facet normal 0 -1 -0
    outer loop
      vertex 45 36.5 14
      vertex 0 36.5 4
      vertex 45 36.5 4
    endloop
  endfacet
  facet normal 0.555476 0 0.831533
    outer loop
      vertex 21.8912 0 6.20665
      vertex 22 -4 6.13397
      vertex 22 0 6.13397
    endloop
  endfacet
  facet normal 0.555476 0 0.831533
    outer loop
      vertex 22 -4 6.13397
      vertex 21.8912 0 6.20665
      vertex 21.8912 -4 6.20665
    endloop
  endfacet
  facet normal -0.980812 0 0.194955
    outer loop
      vertex 23.4659 -4 6.74118
      vertex 23.4914 0 6.86947
      vertex 23.4659 0 6.74118
    endloop
  endfacet
  facet normal -0.980812 0 0.194955
    outer loop
      vertex 23.4914 0 6.86947
      vertex 23.4659 -4 6.74118
      vertex 23.4914 -4 6.86947
    endloop
  endfacet
  facet normal -0.997837 0 0.0657427
    outer loop
      vertex 23.4914 -4 6.86947
      vertex 23.5 0 7
      vertex 23.4914 0 6.86947
    endloop
  endfacet
  facet normal -0.997837 0 0.0657427
    outer loop
      vertex 23.5 0 7
      vertex 23.4914 -4 6.86947
      vertex 23.5 -4 7
    endloop
  endfacet
  facet normal 0.896739 0 -0.44256
    outer loop
      vertex 21.634 -4 7.5
      vertex 21.5761 0 7.38268
      vertex 21.634 0 7.5
    endloop
  endfacet
  facet normal 0.896739 0 -0.44256
    outer loop
      vertex 21.5761 0 7.38268
      vertex 21.634 -4 7.5
      vertex 21.5761 -4 7.38268
    endloop
  endfacet
  facet normal -0.947034 0 -0.321132
    outer loop
      vertex 23.4659 -4 7.25882
      vertex 23.4239 0 7.38268
      vertex 23.4659 0 7.25882
    endloop
  endfacet
  facet normal -0.947034 -0 -0.321132
    outer loop
      vertex 23.4239 0 7.38268
      vertex 23.4659 -4 7.25882
      vertex 23.4239 -4 7.38268
    endloop
  endfacet
  facet normal -0.997837 0 -0.0657427
    outer loop
      vertex 23.5 -4 7
      vertex 23.4914 0 7.13053
      vertex 23.5 0 7
    endloop
  endfacet
  facet normal -0.997837 -0 -0.0657427
    outer loop
      vertex 23.4914 0 7.13053
      vertex 23.5 -4 7
      vertex 23.4914 -4 7.13053
    endloop
  endfacet
  facet normal -0.896739 0 0.44256
    outer loop
      vertex 23.366 -4 6.5
      vertex 23.4239 0 6.61732
      vertex 23.366 0 6.5
    endloop
  endfacet
  facet normal -0.896739 0 0.44256
    outer loop
      vertex 23.4239 0 6.61732
      vertex 23.366 -4 6.5
      vertex 23.4239 -4 6.61732
    endloop
  endfacet
  facet normal -0.659489 0 0.751714
    outer loop
      vertex 23.1088 0 6.20665
      vertex 23.2071 -4 6.29289
      vertex 23.2071 0 6.29289
    endloop
  endfacet
  facet normal -0.659489 0 0.751714
    outer loop
      vertex 23.2071 -4 6.29289
      vertex 23.1088 0 6.20665
      vertex 23.1088 -4 6.20665
    endloop
  endfacet
  facet normal 0.555423 0 -0.831568
    outer loop
      vertex 21.8912 -4 7.79335
      vertex 22 0 7.86602
      vertex 22 -4 7.86602
    endloop
  endfacet
  facet normal 0.555423 0 -0.831568
    outer loop
      vertex 22 0 7.86602
      vertex 21.8912 -4 7.79335
      vertex 21.8912 0 7.79335
    endloop
  endfacet
  facet normal -0.321382 0 0.94695
    outer loop
      vertex 22.7588 0 6.03407
      vertex 22.8827 -4 6.07612
      vertex 22.8827 0 6.07612
    endloop
  endfacet
  facet normal -0.321382 0 0.94695
    outer loop
      vertex 22.8827 -4 6.07612
      vertex 22.7588 0 6.03407
      vertex 22.7588 -4 6.03407
    endloop
  endfacet
  facet normal 0.997837 0 -0.0657427
    outer loop
      vertex 21.5086 -4 7.13053
      vertex 21.5 0 7
      vertex 21.5086 0 7.13053
    endloop
  endfacet
  facet normal 0.997837 0 -0.0657427
    outer loop
      vertex 21.5 0 7
      vertex 21.5086 -4 7.13053
      vertex 21.5 -4 7
    endloop
  endfacet
  facet normal -0.659489 0 -0.751714
    outer loop
      vertex 23.1088 -4 7.79335
      vertex 23.2071 0 7.70711
      vertex 23.2071 -4 7.70711
    endloop
  endfacet
  facet normal -0.659489 0 -0.751714
    outer loop
      vertex 23.2071 0 7.70711
      vertex 23.1088 -4 7.79335
      vertex 23.1088 0 7.79335
    endloop
  endfacet
  facet normal 0.195013 0 -0.980801
    outer loop
      vertex 22.2412 -4 7.96593
      vertex 22.3695 0 7.99144
      vertex 22.3695 -4 7.99144
    endloop
  endfacet
  facet normal 0.195013 0 -0.980801
    outer loop
      vertex 22.3695 0 7.99144
      vertex 22.2412 -4 7.96593
      vertex 22.2412 0 7.96593
    endloop
  endfacet
  facet normal -0.896739 0 -0.44256
    outer loop
      vertex 23.4239 -4 7.38268
      vertex 23.366 0 7.5
      vertex 23.4239 0 7.38268
    endloop
  endfacet
  facet normal -0.896739 -0 -0.44256
    outer loop
      vertex 23.366 0 7.5
      vertex 23.4239 -4 7.38268
      vertex 23.366 -4 7.5
    endloop
  endfacet
  facet normal 0.947034 0 -0.321132
    outer loop
      vertex 21.5761 -4 7.38268
      vertex 21.5341 0 7.25882
      vertex 21.5761 0 7.38268
    endloop
  endfacet
  facet normal 0.947034 0 -0.321132
    outer loop
      vertex 21.5341 0 7.25882
      vertex 21.5761 -4 7.38268
      vertex 21.5341 -4 7.25882
    endloop
  endfacet
  facet normal -0.442375 0 -0.89683
    outer loop
      vertex 22.8827 -4 7.92388
      vertex 23 0 7.86602
      vertex 23 -4 7.86602
    endloop
  endfacet
  facet normal -0.442375 0 -0.89683
    outer loop
      vertex 23 0 7.86602
      vertex 22.8827 -4 7.92388
      vertex 22.8827 0 7.92388
    endloop
  endfacet
  facet normal 0.896739 -0 0.44256
    outer loop
      vertex 21.5761 -4 6.61732
      vertex 21.634 0 6.5
      vertex 21.5761 0 6.61732
    endloop
  endfacet
  facet normal 0.896739 0 0.44256
    outer loop
      vertex 21.634 0 6.5
      vertex 21.5761 -4 6.61732
      vertex 21.634 -4 6.5
    endloop
  endfacet
  facet normal -0.321382 0 -0.94695
    outer loop
      vertex 22.7588 -4 7.96593
      vertex 22.8827 0 7.92388
      vertex 22.8827 -4 7.92388
    endloop
  endfacet
  facet normal -0.321382 0 -0.94695
    outer loop
      vertex 22.8827 0 7.92388
      vertex 22.7588 -4 7.96593
      vertex 22.7588 0 7.96593
    endloop
  endfacet
  facet normal 0.980812 -0 0.194955
    outer loop
      vertex 21.5086 -4 6.86947
      vertex 21.5341 0 6.74118
      vertex 21.5086 0 6.86947
    endloop
  endfacet
  facet normal 0.980812 0 0.194955
    outer loop
      vertex 21.5341 0 6.74118
      vertex 21.5086 -4 6.86947
      vertex 21.5341 -4 6.74118
    endloop
  endfacet
  facet normal 0.751653 0 -0.659559
    outer loop
      vertex 21.7929 -4 7.70711
      vertex 21.7066 0 7.60876
      vertex 21.7929 0 7.70711
    endloop
  endfacet
  facet normal 0.751653 0 -0.659559
    outer loop
      vertex 21.7066 0 7.60876
      vertex 21.7929 -4 7.70711
      vertex 21.7066 -4 7.60876
    endloop
  endfacet
  facet normal 0.751653 -0 0.659559
    outer loop
      vertex 21.7066 -4 6.39124
      vertex 21.7929 0 6.29289
      vertex 21.7066 0 6.39124
    endloop
  endfacet
  facet normal 0.751653 0 0.659559
    outer loop
      vertex 21.7929 0 6.29289
      vertex 21.7066 -4 6.39124
      vertex 21.7929 -4 6.29289
    endloop
  endfacet
  facet normal 0.997837 -0 0.0657427
    outer loop
      vertex 21.5 -4 7
      vertex 21.5086 0 6.86947
      vertex 21.5 0 7
    endloop
  endfacet
  facet normal 0.997837 0 0.0657427
    outer loop
      vertex 21.5086 0 6.86947
      vertex 21.5 -4 7
      vertex 21.5086 -4 6.86947
    endloop
  endfacet
  facet normal -0.751653 0 -0.659559
    outer loop
      vertex 23.2934 -4 7.60876
      vertex 23.2071 0 7.70711
      vertex 23.2934 0 7.60876
    endloop
  endfacet
  facet normal -0.751653 -0 -0.659559
    outer loop
      vertex 23.2071 0 7.70711
      vertex 23.2934 -4 7.60876
      vertex 23.2071 -4 7.70711
    endloop
  endfacet
  facet normal -0.831721 0 0.555194
    outer loop
      vertex 23.2934 -4 6.39124
      vertex 23.366 0 6.5
      vertex 23.2934 0 6.39124
    endloop
  endfacet
  facet normal -0.831721 0 0.555194
    outer loop
      vertex 23.366 0 6.5
      vertex 23.2934 -4 6.39124
      vertex 23.366 -4 6.5
    endloop
  endfacet
  facet normal -0.0653771 0 0.997861
    outer loop
      vertex 22.5 0 6
      vertex 22.6305 -4 6.00855
      vertex 22.6305 0 6.00855
    endloop
  endfacet
  facet normal -0.0653771 0 0.997861
    outer loop
      vertex 22.6305 -4 6.00855
      vertex 22.5 0 6
      vertex 22.5 -4 6
    endloop
  endfacet
  facet normal 0.0654532 0 -0.997856
    outer loop
      vertex 22.3695 -4 7.99144
      vertex 22.5 0 8
      vertex 22.5 -4 8
    endloop
  endfacet
  facet normal 0.0654532 0 -0.997856
    outer loop
      vertex 22.5 0 8
      vertex 22.3695 -4 7.99144
      vertex 22.3695 0 7.99144
    endloop
  endfacet
  facet normal 0.659489 0 0.751714
    outer loop
      vertex 21.7929 0 6.29289
      vertex 21.8912 -4 6.20665
      vertex 21.8912 0 6.20665
    endloop
  endfacet
  facet normal 0.659489 0 0.751714
    outer loop
      vertex 21.8912 -4 6.20665
      vertex 21.7929 0 6.29289
      vertex 21.7929 -4 6.29289
    endloop
  endfacet
  facet normal -0.195013 0 -0.980801
    outer loop
      vertex 22.6305 -4 7.99144
      vertex 22.7588 0 7.96593
      vertex 22.7588 -4 7.96593
    endloop
  endfacet
  facet normal -0.195013 0 -0.980801
    outer loop
      vertex 22.7588 0 7.96593
      vertex 22.6305 -4 7.99144
      vertex 22.6305 0 7.99144
    endloop
  endfacet
  facet normal -0.555476 0 0.831533
    outer loop
      vertex 23 0 6.13397
      vertex 23.1088 -4 6.20665
      vertex 23.1088 0 6.20665
    endloop
  endfacet
  facet normal -0.555476 0 0.831533
    outer loop
      vertex 23.1088 -4 6.20665
      vertex 23 0 6.13397
      vertex 23 -4 6.13397
    endloop
  endfacet
  facet normal -0.980812 0 -0.194955
    outer loop
      vertex 23.4914 -4 7.13053
      vertex 23.4659 0 7.25882
      vertex 23.4914 0 7.13053
    endloop
  endfacet
  facet normal -0.980812 -0 -0.194955
    outer loop
      vertex 23.4659 0 7.25882
      vertex 23.4914 -4 7.13053
      vertex 23.4659 -4 7.25882
    endloop
  endfacet
  facet normal 0.831721 0 -0.555194
    outer loop
      vertex 21.7066 -4 7.60876
      vertex 21.634 0 7.5
      vertex 21.7066 0 7.60876
    endloop
  endfacet
  facet normal 0.831721 0 -0.555194
    outer loop
      vertex 21.634 0 7.5
      vertex 21.7066 -4 7.60876
      vertex 21.634 -4 7.5
    endloop
  endfacet
  facet normal 0.195087 0 0.980786
    outer loop
      vertex 22.2412 0 6.03407
      vertex 22.3695 -4 6.00855
      vertex 22.3695 0 6.00855
    endloop
  endfacet
  facet normal 0.195087 0 0.980786
    outer loop
      vertex 22.3695 -4 6.00855
      vertex 22.2412 0 6.03407
      vertex 22.2412 -4 6.03407
    endloop
  endfacet
  facet normal -0.0654532 0 -0.997856
    outer loop
      vertex 22.5 -4 8
      vertex 22.6305 0 7.99144
      vertex 22.6305 -4 7.99144
    endloop
  endfacet
  facet normal -0.0654532 0 -0.997856
    outer loop
      vertex 22.6305 0 7.99144
      vertex 22.5 -4 8
      vertex 22.5 0 8
    endloop
  endfacet
  facet normal 0.980812 0 -0.194955
    outer loop
      vertex 21.5341 -4 7.25882
      vertex 21.5086 0 7.13053
      vertex 21.5341 0 7.25882
    endloop
  endfacet
  facet normal 0.980812 0 -0.194955
    outer loop
      vertex 21.5086 0 7.13053
      vertex 21.5341 -4 7.25882
      vertex 21.5086 -4 7.13053
    endloop
  endfacet
  facet normal -0.442314 0 0.89686
    outer loop
      vertex 22.8827 0 6.07612
      vertex 23 -4 6.13397
      vertex 23 0 6.13397
    endloop
  endfacet
  facet normal -0.442314 0 0.89686
    outer loop
      vertex 23 -4 6.13397
      vertex 22.8827 0 6.07612
      vertex 22.8827 -4 6.07612
    endloop
  endfacet
  facet normal -0.555423 0 -0.831568
    outer loop
      vertex 23 -4 7.86602
      vertex 23.1088 0 7.79335
      vertex 23.1088 -4 7.79335
    endloop
  endfacet
  facet normal -0.555423 0 -0.831568
    outer loop
      vertex 23.1088 0 7.79335
      vertex 23 -4 7.86602
      vertex 23 0 7.86602
    endloop
  endfacet
  facet normal 0.659489 0 -0.751714
    outer loop
      vertex 21.7929 -4 7.70711
      vertex 21.8912 0 7.79335
      vertex 21.8912 -4 7.79335
    endloop
  endfacet
  facet normal 0.659489 0 -0.751714
    outer loop
      vertex 21.8912 0 7.79335
      vertex 21.7929 -4 7.70711
      vertex 21.7929 0 7.70711
    endloop
  endfacet
  facet normal 0.0653771 0 0.997861
    outer loop
      vertex 22.3695 0 6.00855
      vertex 22.5 -4 6
      vertex 22.5 0 6
    endloop
  endfacet
  facet normal 0.0653771 0 0.997861
    outer loop
      vertex 22.5 -4 6
      vertex 22.3695 0 6.00855
      vertex 22.3695 -4 6.00855
    endloop
  endfacet
  facet normal -0.831721 0 -0.555194
    outer loop
      vertex 23.366 -4 7.5
      vertex 23.2934 0 7.60876
      vertex 23.366 0 7.5
    endloop
  endfacet
  facet normal -0.831721 -0 -0.555194
    outer loop
      vertex 23.2934 0 7.60876
      vertex 23.366 -4 7.5
      vertex 23.2934 -4 7.60876
    endloop
  endfacet
  facet normal -0.195087 0 0.980786
    outer loop
      vertex 22.6305 0 6.00855
      vertex 22.7588 -4 6.03407
      vertex 22.7588 0 6.03407
    endloop
  endfacet
  facet normal -0.195087 0 0.980786
    outer loop
      vertex 22.7588 -4 6.03407
      vertex 22.6305 0 6.00855
      vertex 22.6305 -4 6.00855
    endloop
  endfacet
  facet normal -0.751653 0 0.659559
    outer loop
      vertex 23.2071 -4 6.29289
      vertex 23.2934 0 6.39124
      vertex 23.2071 0 6.29289
    endloop
  endfacet
  facet normal -0.751653 0 0.659559
    outer loop
      vertex 23.2934 0 6.39124
      vertex 23.2071 -4 6.29289
      vertex 23.2934 -4 6.39124
    endloop
  endfacet
  facet normal -0.947034 0 0.321132
    outer loop
      vertex 23.4239 -4 6.61732
      vertex 23.4659 0 6.74118
      vertex 23.4239 0 6.61732
    endloop
  endfacet
  facet normal -0.947034 0 0.321132
    outer loop
      vertex 23.4659 0 6.74118
      vertex 23.4239 -4 6.61732
      vertex 23.4659 -4 6.74118
    endloop
  endfacet
  facet normal 0.442314 0 0.89686
    outer loop
      vertex 22 0 6.13397
      vertex 22.1173 -4 6.07612
      vertex 22.1173 0 6.07612
    endloop
  endfacet
  facet normal 0.442314 0 0.89686
    outer loop
      vertex 22.1173 -4 6.07612
      vertex 22 0 6.13397
      vertex 22 -4 6.13397
    endloop
  endfacet
  facet normal 0.321382 0 0.94695
    outer loop
      vertex 22.1173 0 6.07612
      vertex 22.2412 -4 6.03407
      vertex 22.2412 0 6.03407
    endloop
  endfacet
  facet normal 0.321382 0 0.94695
    outer loop
      vertex 22.2412 -4 6.03407
      vertex 22.1173 0 6.07612
      vertex 22.1173 -4 6.07612
    endloop
  endfacet
  facet normal 0.442375 0 -0.89683
    outer loop
      vertex 22 -4 7.86602
      vertex 22.1173 0 7.92388
      vertex 22.1173 -4 7.92388
    endloop
  endfacet
  facet normal 0.442375 0 -0.89683
    outer loop
      vertex 22.1173 0 7.92388
      vertex 22 -4 7.86602
      vertex 22 0 7.86602
    endloop
  endfacet
  facet normal 0.947034 -0 0.321132
    outer loop
      vertex 21.5341 -4 6.74118
      vertex 21.5761 0 6.61732
      vertex 21.5341 0 6.74118
    endloop
  endfacet
  facet normal 0.947034 0 0.321132
    outer loop
      vertex 21.5761 0 6.61732
      vertex 21.5341 -4 6.74118
      vertex 21.5761 -4 6.61732
    endloop
  endfacet
  facet normal 0.831721 -0 0.555194
    outer loop
      vertex 21.634 -4 6.5
      vertex 21.7066 0 6.39124
      vertex 21.634 0 6.5
    endloop
  endfacet
  facet normal 0.831721 0 0.555194
    outer loop
      vertex 21.7066 0 6.39124
      vertex 21.634 -4 6.5
      vertex 21.7066 -4 6.39124
    endloop
  endfacet
  facet normal 0.321382 0 -0.94695
    outer loop
      vertex 22.1173 -4 7.92388
      vertex 22.2412 0 7.96593
      vertex 22.2412 -4 7.96593
    endloop
  endfacet
  facet normal 0.321382 0 -0.94695
    outer loop
      vertex 22.2412 0 7.96593
      vertex 22.1173 -4 7.92388
      vertex 22.1173 0 7.92388
    endloop
  endfacet
  facet normal -1 0 0
    outer loop
      vertex 196 -4 8
      vertex 196 0 14
      vertex 196 0 8
    endloop
  endfacet
  facet normal -1 -0 0
    outer loop
      vertex 196 0 14
      vertex 196 -4 8
      vertex 196 -4 14
    endloop
  endfacet
  facet normal -1 0 0
    outer loop
      vertex 196 40.5 0
      vertex 196 36.5 4
      vertex 196 40.5 14
    endloop
  endfacet
  facet normal -1 0 0
    outer loop
      vertex 196 0 0
      vertex 196 36.5 4
      vertex 196 40.5 0
    endloop
  endfacet
  facet normal -1 -0 0
    outer loop
      vertex 196 36.5 4
      vertex 196 0 0
      vertex 196 0 4
    endloop
  endfacet
  facet normal -1 -0 0
    outer loop
      vertex 196 40.5 14
      vertex 196 36.5 4
      vertex 196 36.5 14
    endloop
  endfacet
  facet normal -0 0 1
    outer loop
      vertex 196 36.5 4
      vertex 241 0 4
      vertex 241 36.5 4
    endloop
  endfacet
  facet normal 0 0 1
    outer loop
      vertex 241 0 4
      vertex 196 36.5 4
      vertex 196 0 4
    endloop
  endfacet
  facet normal 1 0 0
    outer loop
      vertex 245 40.5 176
      vertex 245 0 164
      vertex 245 40.5 164
    endloop
  endfacet
  facet normal 1 0 0
    outer loop
      vertex 245 0 164
      vertex 245 -4 176
      vertex 245 0 14
    endloop
  endfacet
  facet normal 1 -0 0
    outer loop
      vertex 245 -4 176
      vertex 245 0 164
      vertex 245 40.5 176
    endloop
  endfacet
  facet normal 1 -0 0
    outer loop
      vertex 245 0 14
      vertex 245 40.5 0
      vertex 245 40.5 14
    endloop
  endfacet
  facet normal 1 0 0
    outer loop
      vertex 245 0 14
      vertex 245 -4 0
      vertex 245 40.5 0
    endloop
  endfacet
  facet normal 1 0 0
    outer loop
      vertex 245 -4 0
      vertex 245 0 14
      vertex 245 -4 176
    endloop
  endfacet
  facet normal 0 1 -0
    outer loop
      vertex 245 40.5 0
      vertex 196 40.5 14
      vertex 245 40.5 14
    endloop
  endfacet
  facet normal 0 1 0
    outer loop
      vertex 196 40.5 14
      vertex 245 40.5 0
      vertex 196 40.5 0
    endloop
  endfacet
  facet normal 0 0 1
    outer loop
      vertex 245 40.5 14
      vertex 241 36.5 14
      vertex 245 0 14
    endloop
  endfacet
  facet normal -0 0 1
    outer loop
      vertex 196 40.5 14
      vertex 241 36.5 14
      vertex 245 40.5 14
    endloop
  endfacet
  facet normal 0 0 1
    outer loop
      vertex 241 36.5 14
      vertex 196 40.5 14
      vertex 196 36.5 14
    endloop
  endfacet
  facet normal 0 0 1
    outer loop
      vertex 245 0 14
      vertex 241 36.5 14
      vertex 241 0 14
    endloop
  endfacet
  facet normal -0 0 1
    outer loop
      vertex 196 0 14
      vertex 241 -4 14
      vertex 241 0 14
    endloop
  endfacet
  facet normal 0 0 1
    outer loop
      vertex 241 -4 14
      vertex 196 0 14
      vertex 196 -4 14
    endloop
  endfacet
  facet normal -1 0 0
    outer loop
      vertex 241 0 4
      vertex 241 36.5 14
      vertex 241 36.5 4
    endloop
  endfacet
  facet normal -1 -0 0
    outer loop
      vertex 241 36.5 14
      vertex 241 0 4
      vertex 241 0 14
    endloop
  endfacet
  facet normal 0 -1 0
    outer loop
      vertex 196 36.5 4
      vertex 241 36.5 14
      vertex 196 36.5 14
    endloop
  endfacet
  facet normal 0 -1 -0
    outer loop
      vertex 241 36.5 14
      vertex 196 36.5 4
      vertex 241 36.5 4
    endloop
  endfacet
  facet normal -0.554771 0 0.832003
    outer loop
      vertex 219 0 6.13397
      vertex 219.109 -4 6.20665
      vertex 219.109 0 6.20665
    endloop
  endfacet
  facet normal -0.554771 0 0.832003
    outer loop
      vertex 219.109 -4 6.20665
      vertex 219 0 6.13397
      vertex 219 -4 6.13397
    endloop
  endfacet
  facet normal 0.981537 -0 0.191273
    outer loop
      vertex 217.509 -4 6.86947
      vertex 217.534 0 6.74118
      vertex 217.509 0 6.86947
    endloop
  endfacet
  facet normal 0.981537 0 0.191273
    outer loop
      vertex 217.534 0 6.74118
      vertex 217.509 -4 6.86947
      vertex 217.534 -4 6.74118
    endloop
  endfacet
  facet normal 0.997631 -0 0.0687864
    outer loop
      vertex 217.5 -4 7
      vertex 217.509 0 6.86947
      vertex 217.5 0 7
    endloop
  endfacet
  facet normal 0.997631 0 0.0687864
    outer loop
      vertex 217.509 0 6.86947
      vertex 217.5 -4 7
      vertex 217.509 -4 6.86947
    endloop
  endfacet
  facet normal -0.896435 0 -0.443175
    outer loop
      vertex 219.424 -4 7.38268
      vertex 219.366 0 7.5
      vertex 219.424 0 7.38268
    endloop
  endfacet
  facet normal -0.896435 -0 -0.443175
    outer loop
      vertex 219.366 0 7.5
      vertex 219.424 -4 7.38268
      vertex 219.366 -4 7.5
    endloop
  endfacet
  facet normal 0.947034 0 -0.321132
    outer loop
      vertex 217.576 -4 7.38268
      vertex 217.534 0 7.25882
      vertex 217.576 0 7.38268
    endloop
  endfacet
  facet normal 0.947034 0 -0.321132
    outer loop
      vertex 217.534 0 7.25882
      vertex 217.576 -4 7.38268
      vertex 217.534 -4 7.25882
    endloop
  endfacet
  facet normal 0.997631 0 -0.0687864
    outer loop
      vertex 217.509 -4 7.13053
      vertex 217.5 0 7
      vertex 217.509 0 7.13053
    endloop
  endfacet
  facet normal 0.997631 0 -0.0687864
    outer loop
      vertex 217.5 0 7
      vertex 217.509 -4 7.13053
      vertex 217.5 -4 7
    endloop
  endfacet
  facet normal 0.896435 -0 0.443175
    outer loop
      vertex 217.576 -4 6.61732
      vertex 217.634 0 6.5
      vertex 217.576 0 6.61732
    endloop
  endfacet
  facet normal 0.896435 0 0.443175
    outer loop
      vertex 217.634 0 6.5
      vertex 217.576 -4 6.61732
      vertex 217.634 -4 6.5
    endloop
  endfacet
  facet normal 0.660628 0 0.750714
    outer loop
      vertex 217.793 0 6.29289
      vertex 217.891 -4 6.20665
      vertex 217.891 0 6.20665
    endloop
  endfacet
  facet normal 0.660628 0 0.750714
    outer loop
      vertex 217.891 -4 6.20665
      vertex 217.793 0 6.29289
      vertex 217.793 -4 6.29289
    endloop
  endfacet
  facet normal -0.554718 0 -0.832039
    outer loop
      vertex 219 -4 7.86602
      vertex 219.109 0 7.79335
      vertex 219.109 -4 7.79335
    endloop
  endfacet
  facet normal -0.554718 0 -0.832039
    outer loop
      vertex 219.109 0 7.79335
      vertex 219 -4 7.86602
      vertex 219 0 7.86602
    endloop
  endfacet
  facet normal 0.32115 0 0.947028
    outer loop
      vertex 218.117 0 6.07612
      vertex 218.241 -4 6.03407
      vertex 218.241 0 6.03407
    endloop
  endfacet
  facet normal 0.32115 0 0.947028
    outer loop
      vertex 218.241 -4 6.03407
      vertex 218.117 0 6.07612
      vertex 218.117 -4 6.07612
    endloop
  endfacet
  facet normal -0.997631 0 -0.0687864
    outer loop
      vertex 219.5 -4 7
      vertex 219.491 0 7.13053
      vertex 219.5 0 7
    endloop
  endfacet
  facet normal -0.997631 -0 -0.0687864
    outer loop
      vertex 219.491 0 7.13053
      vertex 219.5 -4 7
      vertex 219.491 -4 7.13053
    endloop
  endfacet
  facet normal 0.660628 0 -0.750714
    outer loop
      vertex 217.793 -4 7.70711
      vertex 217.891 0 7.79335
      vertex 217.891 -4 7.79335
    endloop
  endfacet
  facet normal 0.660628 0 -0.750714
    outer loop
      vertex 217.891 0 7.79335
      vertex 217.793 -4 7.70711
      vertex 217.793 0 7.70711
    endloop
  endfacet
  facet normal -0.195453 0 -0.980713
    outer loop
      vertex 218.631 -4 7.99144
      vertex 218.759 0 7.96593
      vertex 218.759 -4 7.96593
    endloop
  endfacet
  facet normal -0.195453 0 -0.980713
    outer loop
      vertex 218.759 0 7.96593
      vertex 218.631 -4 7.99144
      vertex 218.631 0 7.99144
    endloop
  endfacet
  facet normal 0.896435 0 -0.443175
    outer loop
      vertex 217.634 -4 7.5
      vertex 217.576 0 7.38268
      vertex 217.634 0 7.5
    endloop
  endfacet
  facet normal 0.896435 0 -0.443175
    outer loop
      vertex 217.576 0 7.38268
      vertex 217.634 -4 7.5
      vertex 217.576 -4 7.38268
    endloop
  endfacet
  facet normal -0.947034 0 -0.321132
    outer loop
      vertex 219.466 -4 7.25882
      vertex 219.424 0 7.38268
      vertex 219.466 0 7.25882
    endloop
  endfacet
  facet normal -0.947034 -0 -0.321132
    outer loop
      vertex 219.424 0 7.38268
      vertex 219.466 -4 7.25882
      vertex 219.424 -4 7.38268
    endloop
  endfacet
  facet normal 0.443287 0 -0.89638
    outer loop
      vertex 218 -4 7.86602
      vertex 218.117 0 7.92388
      vertex 218.117 -4 7.92388
    endloop
  endfacet
  facet normal 0.443287 0 -0.89638
    outer loop
      vertex 218.117 0 7.92388
      vertex 218 -4 7.86602
      vertex 218 0 7.86602
    endloop
  endfacet
  facet normal -0.896435 0 0.443175
    outer loop
      vertex 219.366 -4 6.5
      vertex 219.424 0 6.61732
      vertex 219.366 0 6.5
    endloop
  endfacet
  facet normal -0.896435 0 0.443175
    outer loop
      vertex 219.424 0 6.61732
      vertex 219.366 -4 6.5
      vertex 219.424 -4 6.61732
    endloop
  endfacet
  facet normal 0.32115 0 -0.947028
    outer loop
      vertex 218.117 -4 7.92388
      vertex 218.241 0 7.96593
      vertex 218.241 -4 7.96593
    endloop
  endfacet
  facet normal 0.32115 0 -0.947028
    outer loop
      vertex 218.241 0 7.96593
      vertex 218.117 -4 7.92388
      vertex 218.117 0 7.92388
    endloop
  endfacet
  facet normal -0.981537 0 0.191273
    outer loop
      vertex 219.466 -4 6.74118
      vertex 219.491 0 6.86947
      vertex 219.466 0 6.74118
    endloop
  endfacet
  facet normal -0.981537 0 0.191273
    outer loop
      vertex 219.491 0 6.86947
      vertex 219.466 -4 6.74118
      vertex 219.491 -4 6.86947
    endloop
  endfacet
  facet normal -0.75279 0 -0.658261
    outer loop
      vertex 219.293 -4 7.60876
      vertex 219.207 0 7.70711
      vertex 219.293 0 7.60876
    endloop
  endfacet
  facet normal -0.75279 -0 -0.658261
    outer loop
      vertex 219.207 0 7.70711
      vertex 219.293 -4 7.60876
      vertex 219.207 -4 7.70711
    endloop
  endfacet
  facet normal -0.75279 0 0.658261
    outer loop
      vertex 219.207 -4 6.29289
      vertex 219.293 0 6.39124
      vertex 219.207 0 6.29289
    endloop
  endfacet
  facet normal -0.75279 0 0.658261
    outer loop
      vertex 219.293 0 6.39124
      vertex 219.207 -4 6.29289
      vertex 219.293 -4 6.39124
    endloop
  endfacet
  facet normal -0.997631 0 0.0687864
    outer loop
      vertex 219.491 -4 6.86947
      vertex 219.5 0 7
      vertex 219.491 0 6.86947
    endloop
  endfacet
  facet normal -0.997631 0 0.0687864
    outer loop
      vertex 219.5 0 7
      vertex 219.491 -4 6.86947
      vertex 219.5 -4 7
    endloop
  endfacet
  facet normal 0.75279 0 -0.658261
    outer loop
      vertex 217.793 -4 7.70711
      vertex 217.707 0 7.60876
      vertex 217.793 0 7.70711
    endloop
  endfacet
  facet normal 0.75279 0 -0.658261
    outer loop
      vertex 217.707 0 7.60876
      vertex 217.793 -4 7.70711
      vertex 217.707 -4 7.60876
    endloop
  endfacet
  facet normal 0.830308 -0 0.557305
    outer loop
      vertex 217.634 -4 6.5
      vertex 217.707 0 6.39124
      vertex 217.634 0 6.5
    endloop
  endfacet
  facet normal 0.830308 0 0.557305
    outer loop
      vertex 217.707 0 6.39124
      vertex 217.634 -4 6.5
      vertex 217.707 -4 6.39124
    endloop
  endfacet
  facet normal 0.0651286 0 0.997877
    outer loop
      vertex 218.369 0 6.00855
      vertex 218.5 -4 6
      vertex 218.5 0 6
    endloop
  endfacet
  facet normal 0.0651286 0 0.997877
    outer loop
      vertex 218.5 -4 6
      vertex 218.369 0 6.00855
      vertex 218.369 -4 6.00855
    endloop
  endfacet
  facet normal -0.0652045 0 -0.997872
    outer loop
      vertex 218.5 -4 8
      vertex 218.631 0 7.99144
      vertex 218.631 -4 7.99144
    endloop
  endfacet
  facet normal -0.0652045 0 -0.997872
    outer loop
      vertex 218.631 0 7.99144
      vertex 218.5 -4 8
      vertex 218.5 0 8
    endloop
  endfacet
  facet normal -0.660628 0 0.750714
    outer loop
      vertex 219.109 0 6.20665
      vertex 219.207 -4 6.29289
      vertex 219.207 0 6.29289
    endloop
  endfacet
  facet normal -0.660628 0 0.750714
    outer loop
      vertex 219.207 -4 6.29289
      vertex 219.109 0 6.20665
      vertex 219.109 -4 6.20665
    endloop
  endfacet
  facet normal 0.195453 0 -0.980713
    outer loop
      vertex 218.241 -4 7.96593
      vertex 218.369 0 7.99144
      vertex 218.369 -4 7.99144
    endloop
  endfacet
  facet normal 0.195453 0 -0.980713
    outer loop
      vertex 218.369 0 7.99144
      vertex 218.241 -4 7.96593
      vertex 218.241 0 7.96593
    endloop
  endfacet
  facet normal 0.554771 0 0.832003
    outer loop
      vertex 217.891 0 6.20665
      vertex 218 -4 6.13397
      vertex 218 0 6.13397
    endloop
  endfacet
  facet normal 0.554771 0 0.832003
    outer loop
      vertex 218 -4 6.13397
      vertex 217.891 0 6.20665
      vertex 217.891 -4 6.20665
    endloop
  endfacet
  facet normal 0.981537 0 -0.191273
    outer loop
      vertex 217.534 -4 7.25882
      vertex 217.509 0 7.13053
      vertex 217.534 0 7.25882
    endloop
  endfacet
  facet normal 0.981537 0 -0.191273
    outer loop
      vertex 217.509 0 7.13053
      vertex 217.534 -4 7.25882
      vertex 217.509 -4 7.13053
    endloop
  endfacet
  facet normal -0.830308 0 -0.557305
    outer loop
      vertex 219.366 -4 7.5
      vertex 219.293 0 7.60876
      vertex 219.366 0 7.5
    endloop
  endfacet
  facet normal -0.830308 -0 -0.557305
    outer loop
      vertex 219.293 0 7.60876
      vertex 219.366 -4 7.5
      vertex 219.293 -4 7.60876
    endloop
  endfacet
  facet normal -0.195527 0 0.980698
    outer loop
      vertex 218.631 0 6.00855
      vertex 218.759 -4 6.03407
      vertex 218.759 0 6.03407
    endloop
  endfacet
  facet normal -0.195527 0 0.980698
    outer loop
      vertex 218.759 -4 6.03407
      vertex 218.631 0 6.00855
      vertex 218.631 -4 6.00855
    endloop
  endfacet
  facet normal 0.0652045 0 -0.997872
    outer loop
      vertex 218.369 -4 7.99144
      vertex 218.5 0 8
      vertex 218.5 -4 8
    endloop
  endfacet
  facet normal 0.0652045 0 -0.997872
    outer loop
      vertex 218.5 0 8
      vertex 218.369 -4 7.99144
      vertex 218.369 0 7.99144
    endloop
  endfacet
  facet normal -0.981537 0 -0.191273
    outer loop
      vertex 219.491 -4 7.13053
      vertex 219.466 0 7.25882
      vertex 219.491 0 7.13053
    endloop
  endfacet
  facet normal -0.981537 -0 -0.191273
    outer loop
      vertex 219.466 0 7.25882
      vertex 219.491 -4 7.13053
      vertex 219.466 -4 7.25882
    endloop
  endfacet
  facet normal 0.443225 0 0.89641
    outer loop
      vertex 218 0 6.13397
      vertex 218.117 -4 6.07612
      vertex 218.117 0 6.07612
    endloop
  endfacet
  facet normal 0.443225 0 0.89641
    outer loop
      vertex 218.117 -4 6.07612
      vertex 218 0 6.13397
      vertex 218 -4 6.13397
    endloop
  endfacet
  facet normal 0.554718 0 -0.832039
    outer loop
      vertex 217.891 -4 7.79335
      vertex 218 0 7.86602
      vertex 218 -4 7.86602
    endloop
  endfacet
  facet normal 0.554718 0 -0.832039
    outer loop
      vertex 218 0 7.86602
      vertex 217.891 -4 7.79335
      vertex 217.891 0 7.79335
    endloop
  endfacet
  facet normal -0.660628 0 -0.750714
    outer loop
      vertex 219.109 -4 7.79335
      vertex 219.207 0 7.70711
      vertex 219.207 -4 7.70711
    endloop
  endfacet
  facet normal -0.660628 0 -0.750714
    outer loop
      vertex 219.207 0 7.70711
      vertex 219.109 -4 7.79335
      vertex 219.109 0 7.79335
    endloop
  endfacet
  facet normal -0.0651286 0 0.997877
    outer loop
      vertex 218.5 0 6
      vertex 218.631 -4 6.00855
      vertex 218.631 0 6.00855
    endloop
  endfacet
  facet normal -0.0651286 0 0.997877
    outer loop
      vertex 218.631 -4 6.00855
      vertex 218.5 0 6
      vertex 218.5 -4 6
    endloop
  endfacet
  facet normal 0.830308 0 -0.557305
    outer loop
      vertex 217.707 -4 7.60876
      vertex 217.634 0 7.5
      vertex 217.707 0 7.60876
    endloop
  endfacet
  facet normal 0.830308 0 -0.557305
    outer loop
      vertex 217.634 0 7.5
      vertex 217.707 -4 7.60876
      vertex 217.634 -4 7.5
    endloop
  endfacet
  facet normal 0.195527 0 0.980698
    outer loop
      vertex 218.241 0 6.03407
      vertex 218.369 -4 6.00855
      vertex 218.369 0 6.00855
    endloop
  endfacet
  facet normal 0.195527 0 0.980698
    outer loop
      vertex 218.369 -4 6.00855
      vertex 218.241 0 6.03407
      vertex 218.241 -4 6.03407
    endloop
  endfacet
  facet normal 0.75279 -0 0.658261
    outer loop
      vertex 217.707 -4 6.39124
      vertex 217.793 0 6.29289
      vertex 217.707 0 6.39124
    endloop
  endfacet
  facet normal 0.75279 0 0.658261
    outer loop
      vertex 217.793 0 6.29289
      vertex 217.707 -4 6.39124
      vertex 217.793 -4 6.29289
    endloop
  endfacet
  facet normal 0.947034 -0 0.321132
    outer loop
      vertex 217.534 -4 6.74118
      vertex 217.576 0 6.61732
      vertex 217.534 0 6.74118
    endloop
  endfacet
  facet normal 0.947034 0 0.321132
    outer loop
      vertex 217.576 0 6.61732
      vertex 217.534 -4 6.74118
      vertex 217.576 -4 6.61732
    endloop
  endfacet
  facet normal -0.443225 0 0.89641
    outer loop
      vertex 218.883 0 6.07612
      vertex 219 -4 6.13397
      vertex 219 0 6.13397
    endloop
  endfacet
  facet normal -0.443225 0 0.89641
    outer loop
      vertex 219 -4 6.13397
      vertex 218.883 0 6.07612
      vertex 218.883 -4 6.07612
    endloop
  endfacet
  facet normal -0.32115 0 0.947028
    outer loop
      vertex 218.759 0 6.03407
      vertex 218.883 -4 6.07612
      vertex 218.883 0 6.07612
    endloop
  endfacet
  facet normal -0.32115 0 0.947028
    outer loop
      vertex 218.883 -4 6.07612
      vertex 218.759 0 6.03407
      vertex 218.759 -4 6.03407
    endloop
  endfacet
  facet normal -0.443287 0 -0.89638
    outer loop
      vertex 218.883 -4 7.92388
      vertex 219 0 7.86602
      vertex 219 -4 7.86602
    endloop
  endfacet
  facet normal -0.443287 0 -0.89638
    outer loop
      vertex 219 0 7.86602
      vertex 218.883 -4 7.92388
      vertex 218.883 0 7.92388
    endloop
  endfacet
  facet normal -0.947034 0 0.321132
    outer loop
      vertex 219.424 -4 6.61732
      vertex 219.466 0 6.74118
      vertex 219.424 0 6.61732
    endloop
  endfacet
  facet normal -0.947034 0 0.321132
    outer loop
      vertex 219.466 0 6.74118
      vertex 219.424 -4 6.61732
      vertex 219.466 -4 6.74118
    endloop
  endfacet
  facet normal -0.830308 0 0.557305
    outer loop
      vertex 219.293 -4 6.39124
      vertex 219.366 0 6.5
      vertex 219.293 0 6.39124
    endloop
  endfacet
  facet normal -0.830308 0 0.557305
    outer loop
      vertex 219.366 0 6.5
      vertex 219.293 -4 6.39124
      vertex 219.366 -4 6.5
    endloop
  endfacet
  facet normal -0.32115 0 -0.947028
    outer loop
      vertex 218.759 -4 7.96593
      vertex 218.883 0 7.92388
      vertex 218.883 -4 7.92388
    endloop
  endfacet
  facet normal -0.32115 0 -0.947028
    outer loop
      vertex 218.883 0 7.92388
      vertex 218.759 -4 7.96593
      vertex 218.759 0 7.96593
    endloop
  endfacet
  facet normal 1 -0 0
    outer loop
      vertex 45 -4 176
      vertex 45 0 174
      vertex 45 0 176
    endloop
  endfacet
  facet normal 1 0 0
    outer loop
      vertex 45 0 174
      vertex 45 -4 176
      vertex 45 -4 174
    endloop
  endfacet
  facet normal 1 -0 0
    outer loop
      vertex 45 -4 166
      vertex 45 0 164
      vertex 45 0 166
    endloop
  endfacet
  facet normal 1 0 0
    outer loop
      vertex 45 0 164
      vertex 45 -4 166
      vertex 45 -4 164
    endloop
  endfacet
  facet normal 0 0 1
    outer loop
      vertex 45 40.5 176
      vertex 0 36.5 176
      vertex 45 36.5 176
    endloop
  endfacet
  facet normal 0 0 1
    outer loop
      vertex 0 36.5 176
      vertex -4 40.5 176
      vertex 0 0 176
    endloop
  endfacet
  facet normal -0 0 1
    outer loop
      vertex -4 40.5 176
      vertex 0 36.5 176
      vertex 45 40.5 176
    endloop
  endfacet
  facet normal -0 0 1
    outer loop
      vertex 0 0 176
      vertex 45 -4 176
      vertex 45 0 176
    endloop
  endfacet
  facet normal 0 0 1
    outer loop
      vertex 0 0 176
      vertex -4 -4 176
      vertex 45 -4 176
    endloop
  endfacet
  facet normal 0 0 1
    outer loop
      vertex -4 -4 176
      vertex 0 0 176
      vertex -4 40.5 176
    endloop
  endfacet
  facet normal 0 0 -1
    outer loop
      vertex 0 0 164
      vertex -4 0 164
      vertex 0 36.5 164
    endloop
  endfacet
  facet normal 0 0 -1
    outer loop
      vertex 0 36.5 164
      vertex 45 40.5 164
      vertex 45 36.5 164
    endloop
  endfacet
  facet normal 0 0 -1
    outer loop
      vertex 0 36.5 164
      vertex -4 40.5 164
      vertex 45 40.5 164
    endloop
  endfacet
  facet normal 0 0 -1
    outer loop
      vertex -4 40.5 164
      vertex 0 36.5 164
      vertex -4 0 164
    endloop
  endfacet
  facet normal 0 0 -1
    outer loop
      vertex 0 -4 164
      vertex 45 0 164
      vertex 45 -4 164
    endloop
  endfacet
  facet normal -0 0 -1
    outer loop
      vertex 45 0 164
      vertex 0 -4 164
      vertex 0 0 164
    endloop
  endfacet
  facet normal 1 -0 0
    outer loop
      vertex 0 0 176
      vertex 0 36.5 164
      vertex 0 36.5 176
    endloop
  endfacet
  facet normal 1 0 0
    outer loop
      vertex 0 36.5 164
      vertex 0 0 176
      vertex 0 0 164
    endloop
  endfacet
  facet normal 0 1 -0
    outer loop
      vertex 90.2412 0 170.966
      vertex 45 0 174
      vertex 90.3695 0 170.991
    endloop
  endfacet
  facet normal 0 1 0
    outer loop
      vertex 45 0 174
      vertex 22.6305 0 170.991
      vertex 22.5 0 171
    endloop
  endfacet
  facet normal 0 1 -0
    outer loop
      vertex 90.1173 0 170.924
      vertex 45 0 174
      vertex 90.2412 0 170.966
    endloop
  endfacet
  facet normal 0 1 0
    outer loop
      vertex 45 0 174
      vertex 22.7588 0 170.966
      vertex 22.6305 0 170.991
    endloop
  endfacet
  facet normal 0 1 -0
    outer loop
      vertex 90 0 170.866
      vertex 45 0 174
      vertex 90.1173 0 170.924
    endloop
  endfacet
  facet normal 0 1 0
    outer loop
      vertex 45 0 174
      vertex 22.8827 0 170.924
      vertex 22.7588 0 170.966
    endloop
  endfacet
  facet normal 0 1 -0
    outer loop
      vertex 89.8912 0 170.793
      vertex 45 0 174
      vertex 90 0 170.866
    endloop
  endfacet
  facet normal -0 1 0
    outer loop
      vertex 23.5 0 170
      vertex 45 0 174
      vertex 45 0 166
    endloop
  endfacet
  facet normal 0 1 -0
    outer loop
      vertex 89.7929 0 170.707
      vertex 45 0 174
      vertex 89.8912 0 170.793
    endloop
  endfacet
  facet normal 0 1 0
    outer loop
      vertex 45 0 174
      vertex 23 0 170.866
      vertex 22.8827 0 170.924
    endloop
  endfacet
  facet normal 0 1 -0
    outer loop
      vertex 89.7066 0 170.609
      vertex 45 0 174
      vertex 89.7929 0 170.707
    endloop
  endfacet
  facet normal 0 1 0
    outer loop
      vertex 45 0 174
      vertex 23.1088 0 170.793
      vertex 23 0 170.866
    endloop
  endfacet
  facet normal 0 1 -0
    outer loop
      vertex 89.634 0 170.5
      vertex 45 0 174
      vertex 89.7066 0 170.609
    endloop
  endfacet
  facet normal 0 1 0
    outer loop
      vertex 45 0 174
      vertex 23.2071 0 170.707
      vertex 23.1088 0 170.793
    endloop
  endfacet
  facet normal 0 1 -0
    outer loop
      vertex 89.5761 0 170.383
      vertex 45 0 174
      vertex 89.634 0 170.5
    endloop
  endfacet
  facet normal 0 1 0
    outer loop
      vertex 45 0 174
      vertex 23.2934 0 170.609
      vertex 23.2071 0 170.707
    endloop
  endfacet
  facet normal 0 1 -0
    outer loop
      vertex 89.5341 0 170.259
      vertex 45 0 174
      vertex 89.5761 0 170.383
    endloop
  endfacet
  facet normal 0 1 0
    outer loop
      vertex 45 0 174
      vertex 23.366 0 170.5
      vertex 23.2934 0 170.609
    endloop
  endfacet
  facet normal 0 1 -0
    outer loop
      vertex 89.5086 0 170.131
      vertex 45 0 174
      vertex 89.5341 0 170.259
    endloop
  endfacet
  facet normal 0 1 0
    outer loop
      vertex 45 0 174
      vertex 23.4239 0 170.383
      vertex 23.366 0 170.5
    endloop
  endfacet
  facet normal 0 1 -0
    outer loop
      vertex 89.5 0 170
      vertex 45 0 174
      vertex 89.5086 0 170.131
    endloop
  endfacet
  facet normal 0 1 0
    outer loop
      vertex 45 0 174
      vertex 23.4659 0 170.259
      vertex 23.4239 0 170.383
    endloop
  endfacet
  facet normal 0 1 0
    outer loop
      vertex 45 0 174
      vertex 89.5 0 170
      vertex 45 0 166
    endloop
  endfacet
  facet normal 0 1 0
    outer loop
      vertex 45 0 174
      vertex 23.4914 0 170.131
      vertex 23.4659 0 170.259
    endloop
  endfacet
  facet normal 0 1 0
    outer loop
      vertex 45 0 166
      vertex 89.5 0 170
      vertex 89.5086 0 169.869
    endloop
  endfacet
  facet normal 0 1 0
    outer loop
      vertex 45 0 174
      vertex 23.5 0 170
      vertex 23.4914 0 170.131
    endloop
  endfacet
  facet normal 0 1 0
    outer loop
      vertex 45 0 166
      vertex 89.5086 0 169.869
      vertex 89.5341 0 169.741
    endloop
  endfacet
  facet normal 0 1 0
    outer loop
      vertex 23.5 0 170
      vertex 45 0 166
      vertex 23.4914 0 169.869
    endloop
  endfacet
  facet normal 0 1 0
    outer loop
      vertex 45 0 166
      vertex 89.5341 0 169.741
      vertex 89.5761 0 169.617
    endloop
  endfacet
  facet normal 0 1 0
    outer loop
      vertex 23.4914 0 169.869
      vertex 45 0 166
      vertex 23.4659 0 169.741
    endloop
  endfacet
  facet normal 0 1 0
    outer loop
      vertex 45 0 166
      vertex 89.5761 0 169.617
      vertex 89.634 0 169.5
    endloop
  endfacet
  facet normal 0 1 0
    outer loop
      vertex 23.4659 0 169.741
      vertex 45 0 166
      vertex 23.4239 0 169.617
    endloop
  endfacet
  facet normal 0 1 0
    outer loop
      vertex 45 0 166
      vertex 89.634 0 169.5
      vertex 89.7066 0 169.391
    endloop
  endfacet
  facet normal 0 1 -0
    outer loop
      vertex 45 0 164
      vertex 23.4239 0 169.617
      vertex 45 0 166
    endloop
  endfacet
  facet normal 0 1 0
    outer loop
      vertex 45 0 166
      vertex 89.7066 0 169.391
      vertex 89.7929 0 169.293
    endloop
  endfacet
  facet normal 0 1 0
    outer loop
      vertex 23.4239 0 169.617
      vertex 45 0 164
      vertex 23.366 0 169.5
    endloop
  endfacet
  facet normal 0 1 0
    outer loop
      vertex 45 0 166
      vertex 89.7929 0 169.293
      vertex 89.8912 0 169.207
    endloop
  endfacet
  facet normal 0 1 0
    outer loop
      vertex 23.366 0 169.5
      vertex 45 0 164
      vertex 23.2934 0 169.391
    endloop
  endfacet
  facet normal 0 1 0
    outer loop
      vertex 45 0 166
      vertex 89.8912 0 169.207
      vertex 90 0 169.134
    endloop
  endfacet
  facet normal 0 1 0
    outer loop
      vertex 23.2934 0 169.391
      vertex 45 0 164
      vertex 23.2071 0 169.293
    endloop
  endfacet
  facet normal 0 1 0
    outer loop
      vertex 45 0 166
      vertex 90 0 169.134
      vertex 90.1173 0 169.076
    endloop
  endfacet
  facet normal 0 1 0
    outer loop
      vertex 23.2071 0 169.293
      vertex 45 0 164
      vertex 23.1088 0 169.207
    endloop
  endfacet
  facet normal 0 1 0
    outer loop
      vertex 45 0 166
      vertex 90.1173 0 169.076
      vertex 90.2412 0 169.034
    endloop
  endfacet
  facet normal 0 1 0
    outer loop
      vertex 23.1088 0 169.207
      vertex 45 0 164
      vertex 23 0 169.134
    endloop
  endfacet
  facet normal 0 1 0
    outer loop
      vertex 45 0 166
      vertex 90.2412 0 169.034
      vertex 90.3695 0 169.009
    endloop
  endfacet
  facet normal 0 1 0
    outer loop
      vertex 23 0 169.134
      vertex 45 0 164
      vertex 22.8827 0 169.076
    endloop
  endfacet
  facet normal 0 1 0
    outer loop
      vertex 45 0 166
      vertex 90.3695 0 169.009
      vertex 90.5 0 169
    endloop
  endfacet
  facet normal 0 1 0
    outer loop
      vertex 22.8827 0 169.076
      vertex 45 0 164
      vertex 22.7588 0 169.034
    endloop
  endfacet
  facet normal 0 1 -0
    outer loop
      vertex 150.369 0 170.991
      vertex 90.5 0 171
      vertex 150.5 0 171
    endloop
  endfacet
  facet normal 0 1 0
    outer loop
      vertex 150.369 0 170.991
      vertex 90.6305 0 170.991
      vertex 90.5 0 171
    endloop
  endfacet
  facet normal 0 1 -0
    outer loop
      vertex 150.241 0 170.966
      vertex 90.6305 0 170.991
      vertex 150.369 0 170.991
    endloop
  endfacet
  facet normal 0 1 0
    outer loop
      vertex 150.241 0 170.966
      vertex 90.7588 0 170.966
      vertex 90.6305 0 170.991
    endloop
  endfacet
  facet normal 0 1 -0
    outer loop
      vertex 150.117 0 170.924
      vertex 90.7588 0 170.966
      vertex 150.241 0 170.966
    endloop
  endfacet
  facet normal 0 1 0
    outer loop
      vertex 150.117 0 170.924
      vertex 90.8827 0 170.924
      vertex 90.7588 0 170.966
    endloop
  endfacet
  facet normal 0 1 -0
    outer loop
      vertex 150 0 170.866
      vertex 90.8827 0 170.924
      vertex 150.117 0 170.924
    endloop
  endfacet
  facet normal 0 1 0
    outer loop
      vertex 150 0 170.866
      vertex 91 0 170.866
      vertex 90.8827 0 170.924
    endloop
  endfacet
  facet normal 0 1 -0
    outer loop
      vertex 149.891 0 170.793
      vertex 91 0 170.866
      vertex 150 0 170.866
    endloop
  endfacet
  facet normal 0 1 0
    outer loop
      vertex 149.891 0 170.793
      vertex 91.1088 0 170.793
      vertex 91 0 170.866
    endloop
  endfacet
  facet normal 0 1 -0
    outer loop
      vertex 149.793 0 170.707
      vertex 91.1088 0 170.793
      vertex 149.891 0 170.793
    endloop
  endfacet
  facet normal 0 1 0
    outer loop
      vertex 149.793 0 170.707
      vertex 91.2071 0 170.707
      vertex 91.1088 0 170.793
    endloop
  endfacet
  facet normal 0 1 -0
    outer loop
      vertex 149.707 0 170.609
      vertex 91.2071 0 170.707
      vertex 149.793 0 170.707
    endloop
  endfacet
  facet normal 0 1 0
    outer loop
      vertex 149.707 0 170.609
      vertex 91.2934 0 170.609
      vertex 91.2071 0 170.707
    endloop
  endfacet
  facet normal 0 1 -0
    outer loop
      vertex 149.634 0 170.5
      vertex 91.2934 0 170.609
      vertex 149.707 0 170.609
    endloop
  endfacet
  facet normal 0 1 0
    outer loop
      vertex 149.634 0 170.5
      vertex 91.366 0 170.5
      vertex 91.2934 0 170.609
    endloop
  endfacet
  facet normal 0 1 -0
    outer loop
      vertex 149.576 0 170.383
      vertex 91.366 0 170.5
      vertex 149.634 0 170.5
    endloop
  endfacet
  facet normal 0 1 0
    outer loop
      vertex 149.576 0 170.383
      vertex 91.4239 0 170.383
      vertex 91.366 0 170.5
    endloop
  endfacet
  facet normal 0 1 -0
    outer loop
      vertex 149.534 0 170.259
      vertex 91.4239 0 170.383
      vertex 149.576 0 170.383
    endloop
  endfacet
  facet normal 0 1 0
    outer loop
      vertex 149.534 0 170.259
      vertex 91.4659 0 170.259
      vertex 91.4239 0 170.383
    endloop
  endfacet
  facet normal 0 1 -0
    outer loop
      vertex 149.509 0 170.131
      vertex 91.4659 0 170.259
      vertex 149.534 0 170.259
    endloop
  endfacet
  facet normal 0 1 0
    outer loop
      vertex 149.509 0 170.131
      vertex 91.4914 0 170.131
      vertex 91.4659 0 170.259
    endloop
  endfacet
  facet normal 0 1 -0
    outer loop
      vertex 149.5 0 170
      vertex 91.4914 0 170.131
      vertex 149.509 0 170.131
    endloop
  endfacet
  facet normal 0 1 0
    outer loop
      vertex 149.5 0 170
      vertex 91.5 0 170
      vertex 91.4914 0 170.131
    endloop
  endfacet
  facet normal 0 1 0
    outer loop
      vertex 149.509 0 169.869
      vertex 91.5 0 170
      vertex 149.5 0 170
    endloop
  endfacet
  facet normal 0 1 0
    outer loop
      vertex 149.509 0 169.869
      vertex 91.4914 0 169.869
      vertex 91.5 0 170
    endloop
  endfacet
  facet normal 0 1 0
    outer loop
      vertex 149.534 0 169.741
      vertex 91.4914 0 169.869
      vertex 149.509 0 169.869
    endloop
  endfacet
  facet normal 0 1 0
    outer loop
      vertex 149.534 0 169.741
      vertex 91.4659 0 169.741
      vertex 91.4914 0 169.869
    endloop
  endfacet
  facet normal 0 1 0
    outer loop
      vertex 149.576 0 169.617
      vertex 91.4659 0 169.741
      vertex 149.534 0 169.741
    endloop
  endfacet
  facet normal 0 1 0
    outer loop
      vertex 149.576 0 169.617
      vertex 91.4239 0 169.617
      vertex 91.4659 0 169.741
    endloop
  endfacet
  facet normal 0 1 0
    outer loop
      vertex 149.634 0 169.5
      vertex 91.4239 0 169.617
      vertex 149.576 0 169.617
    endloop
  endfacet
  facet normal 0 1 0
    outer loop
      vertex 149.634 0 169.5
      vertex 91.366 0 169.5
      vertex 91.4239 0 169.617
    endloop
  endfacet
  facet normal 0 1 0
    outer loop
      vertex 149.707 0 169.391
      vertex 91.366 0 169.5
      vertex 149.634 0 169.5
    endloop
  endfacet
  facet normal 0 1 0
    outer loop
      vertex 149.707 0 169.391
      vertex 91.2934 0 169.391
      vertex 91.366 0 169.5
    endloop
  endfacet
  facet normal 0 1 0
    outer loop
      vertex 149.793 0 169.293
      vertex 91.2934 0 169.391
      vertex 149.707 0 169.391
    endloop
  endfacet
  facet normal 0 1 0
    outer loop
      vertex 149.793 0 169.293
      vertex 91.2071 0 169.293
      vertex 91.2934 0 169.391
    endloop
  endfacet
  facet normal 0 1 0
    outer loop
      vertex 149.891 0 169.207
      vertex 91.2071 0 169.293
      vertex 149.793 0 169.293
    endloop
  endfacet
  facet normal 0 1 0
    outer loop
      vertex 149.891 0 169.207
      vertex 91.1088 0 169.207
      vertex 91.2071 0 169.293
    endloop
  endfacet
  facet normal 0 1 0
    outer loop
      vertex 150 0 169.134
      vertex 91.1088 0 169.207
      vertex 149.891 0 169.207
    endloop
  endfacet
  facet normal 0 1 0
    outer loop
      vertex 150 0 169.134
      vertex 91 0 169.134
      vertex 91.1088 0 169.207
    endloop
  endfacet
  facet normal 0 1 0
    outer loop
      vertex 150.117 0 169.076
      vertex 91 0 169.134
      vertex 150 0 169.134
    endloop
  endfacet
  facet normal 0 1 0
    outer loop
      vertex 150.117 0 169.076
      vertex 90.8827 0 169.076
      vertex 91 0 169.134
    endloop
  endfacet
  facet normal 0 1 0
    outer loop
      vertex 150.241 0 169.034
      vertex 90.8827 0 169.076
      vertex 150.117 0 169.076
    endloop
  endfacet
  facet normal 0 1 0
    outer loop
      vertex 150.241 0 169.034
      vertex 90.7588 0 169.034
      vertex 90.8827 0 169.076
    endloop
  endfacet
  facet normal 0 1 0
    outer loop
      vertex 150.369 0 169.009
      vertex 90.7588 0 169.034
      vertex 150.241 0 169.034
    endloop
  endfacet
  facet normal 0 1 0
    outer loop
      vertex 150.369 0 169.009
      vertex 90.6305 0 169.009
      vertex 90.7588 0 169.034
    endloop
  endfacet
  facet normal 0 1 0
    outer loop
      vertex 150.5 0 169
      vertex 90.6305 0 169.009
      vertex 150.369 0 169.009
    endloop
  endfacet
  facet normal 0 1 0
    outer loop
      vertex 90.6305 0 169.009
      vertex 150.5 0 169
      vertex 90.5 0 169
    endloop
  endfacet
  facet normal 0 1 -0
    outer loop
      vertex 218.117 0 170.924
      vertex 196 0 176
      vertex 218.241 0 170.966
    endloop
  endfacet
  facet normal 0 1 0
    outer loop
      vertex 196 0 174
      vertex 150.631 0 170.991
      vertex 150.5 0 171
    endloop
  endfacet
  facet normal 0 1 -0
    outer loop
      vertex 218 0 170.866
      vertex 196 0 176
      vertex 218.117 0 170.924
    endloop
  endfacet
  facet normal 0 1 0
    outer loop
      vertex 196 0 174
      vertex 150.759 0 170.966
      vertex 150.631 0 170.991
    endloop
  endfacet
  facet normal 0 1 -0
    outer loop
      vertex 217.891 0 170.793
      vertex 196 0 176
      vertex 218 0 170.866
    endloop
  endfacet
  facet normal 0 1 0
    outer loop
      vertex 196 0 174
      vertex 150.883 0 170.924
      vertex 150.759 0 170.966
    endloop
  endfacet
  facet normal 0 1 -0
    outer loop
      vertex 217.793 0 170.707
      vertex 196 0 176
      vertex 217.891 0 170.793
    endloop
  endfacet
  facet normal -0 1 0
    outer loop
      vertex 151.5 0 170
      vertex 196 0 174
      vertex 196 0 166
    endloop
  endfacet
  facet normal 0 1 -0
    outer loop
      vertex 217.707 0 170.609
      vertex 196 0 176
      vertex 217.793 0 170.707
    endloop
  endfacet
  facet normal 0 1 0
    outer loop
      vertex 196 0 174
      vertex 151 0 170.866
      vertex 150.883 0 170.924
    endloop
  endfacet
  facet normal 0 1 -0
    outer loop
      vertex 217.634 0 170.5
      vertex 196 0 176
      vertex 217.707 0 170.609
    endloop
  endfacet
  facet normal 0 1 0
    outer loop
      vertex 196 0 174
      vertex 151.109 0 170.793
      vertex 151 0 170.866
    endloop
  endfacet
  facet normal 0 1 -0
    outer loop
      vertex 217.576 0 170.383
      vertex 196 0 176
      vertex 217.634 0 170.5
    endloop
  endfacet
  facet normal 0 1 0
    outer loop
      vertex 196 0 174
      vertex 151.207 0 170.707
      vertex 151.109 0 170.793
    endloop
  endfacet
  facet normal 0 1 0
    outer loop
      vertex 196 0 176
      vertex 217.576 0 170.383
      vertex 196 0 174
    endloop
  endfacet
  facet normal 0 1 0
    outer loop
      vertex 196 0 174
      vertex 151.293 0 170.609
      vertex 151.207 0 170.707
    endloop
  endfacet
  facet normal 0 1 -0
    outer loop
      vertex 217.534 0 170.259
      vertex 196 0 174
      vertex 217.576 0 170.383
    endloop
  endfacet
  facet normal 0 1 0
    outer loop
      vertex 196 0 174
      vertex 151.366 0 170.5
      vertex 151.293 0 170.609
    endloop
  endfacet
  facet normal 0 1 -0
    outer loop
      vertex 217.509 0 170.131
      vertex 196 0 174
      vertex 217.534 0 170.259
    endloop
  endfacet
  facet normal 0 1 0
    outer loop
      vertex 196 0 174
      vertex 151.424 0 170.383
      vertex 151.366 0 170.5
    endloop
  endfacet
  facet normal 0 1 -0
    outer loop
      vertex 217.5 0 170
      vertex 196 0 174
      vertex 217.509 0 170.131
    endloop
  endfacet
  facet normal 0 1 0
    outer loop
      vertex 196 0 174
      vertex 151.466 0 170.259
      vertex 151.424 0 170.383
    endloop
  endfacet
  facet normal 0 1 0
    outer loop
      vertex 196 0 174
      vertex 217.5 0 170
      vertex 196 0 166
    endloop
  endfacet
  facet normal 0 1 0
    outer loop
      vertex 196 0 174
      vertex 151.491 0 170.131
      vertex 151.466 0 170.259
    endloop
  endfacet
  facet normal 0 1 0
    outer loop
      vertex 196 0 166
      vertex 217.5 0 170
      vertex 217.509 0 169.869
    endloop
  endfacet
  facet normal 0 1 0
    outer loop
      vertex 196 0 174
      vertex 151.5 0 170
      vertex 151.491 0 170.131
    endloop
  endfacet
  facet normal 0 1 0
    outer loop
      vertex 196 0 166
      vertex 217.509 0 169.869
      vertex 217.534 0 169.741
    endloop
  endfacet
  facet normal 0 1 0
    outer loop
      vertex 151.5 0 170
      vertex 196 0 166
      vertex 151.491 0 169.869
    endloop
  endfacet
  facet normal 0 1 0
    outer loop
      vertex 196 0 166
      vertex 217.534 0 169.741
      vertex 217.576 0 169.617
    endloop
  endfacet
  facet normal 0 1 0
    outer loop
      vertex 151.491 0 169.869
      vertex 196 0 166
      vertex 151.466 0 169.741
    endloop
  endfacet
  facet normal 0 1 0
    outer loop
      vertex 196 0 164
      vertex 217.576 0 169.617
      vertex 217.634 0 169.5
    endloop
  endfacet
  facet normal 0 1 0
    outer loop
      vertex 151.466 0 169.741
      vertex 196 0 166
      vertex 151.424 0 169.617
    endloop
  endfacet
  facet normal 0 1 0
    outer loop
      vertex 196 0 164
      vertex 217.634 0 169.5
      vertex 217.707 0 169.391
    endloop
  endfacet
  facet normal 0 1 0
    outer loop
      vertex 151.424 0 169.617
      vertex 196 0 166
      vertex 151.366 0 169.5
    endloop
  endfacet
  facet normal 0 1 0
    outer loop
      vertex 196 0 164
      vertex 217.707 0 169.391
      vertex 217.793 0 169.293
    endloop
  endfacet
  facet normal 0 1 0
    outer loop
      vertex 151.366 0 169.5
      vertex 196 0 166
      vertex 151.293 0 169.391
    endloop
  endfacet
  facet normal 0 1 0
    outer loop
      vertex 196 0 164
      vertex 217.793 0 169.293
      vertex 217.891 0 169.207
    endloop
  endfacet
  facet normal 0 1 0
    outer loop
      vertex 151.293 0 169.391
      vertex 196 0 166
      vertex 151.207 0 169.293
    endloop
  endfacet
  facet normal 0 1 0
    outer loop
      vertex 196 0 164
      vertex 217.891 0 169.207
      vertex 218 0 169.134
    endloop
  endfacet
  facet normal 0 1 0
    outer loop
      vertex 151.207 0 169.293
      vertex 196 0 166
      vertex 151.109 0 169.207
    endloop
  endfacet
  facet normal 0 1 0
    outer loop
      vertex 196 0 164
      vertex 218 0 169.134
      vertex 218.117 0 169.076
    endloop
  endfacet
  facet normal 0 1 0
    outer loop
      vertex 151.109 0 169.207
      vertex 196 0 166
      vertex 151 0 169.134
    endloop
  endfacet
  facet normal 0 1 0
    outer loop
      vertex 196 0 164
      vertex 218.117 0 169.076
      vertex 218.241 0 169.034
    endloop
  endfacet
  facet normal 0 1 0
    outer loop
      vertex 151 0 169.134
      vertex 196 0 166
      vertex 150.883 0 169.076
    endloop
  endfacet
  facet normal 0 1 0
    outer loop
      vertex 196 0 164
      vertex 218.241 0 169.034
      vertex 218.369 0 169.009
    endloop
  endfacet
  facet normal 0 1 0
    outer loop
      vertex 150.883 0 169.076
      vertex 196 0 166
      vertex 150.759 0 169.034
    endloop
  endfacet
  facet normal 0 1 0
    outer loop
      vertex 196 0 164
      vertex 218.369 0 169.009
      vertex 218.5 0 169
    endloop
  endfacet
  facet normal 0 1 0
    outer loop
      vertex 150.759 0 169.034
      vertex 196 0 166
      vertex 150.631 0 169.009
    endloop
  endfacet
  facet normal 0 1 -0
    outer loop
      vertex 218.5 0 171
      vertex 196 0 176
      vertex 241 0 176
    endloop
  endfacet
  facet normal 0 1 -0
    outer loop
      vertex 218.241 0 170.966
      vertex 196 0 176
      vertex 218.369 0 170.991
    endloop
  endfacet
  facet normal 0 1 -0
    outer loop
      vertex 218.369 0 170.991
      vertex 196 0 176
      vertex 218.5 0 171
    endloop
  endfacet
  facet normal 0 1 0
    outer loop
      vertex 241 0 176
      vertex 218.631 0 170.991
      vertex 218.5 0 171
    endloop
  endfacet
  facet normal 0 1 0
    outer loop
      vertex 241 0 176
      vertex 218.759 0 170.966
      vertex 218.631 0 170.991
    endloop
  endfacet
  facet normal 0 1 0
    outer loop
      vertex 241 0 176
      vertex 218.883 0 170.924
      vertex 218.759 0 170.966
    endloop
  endfacet
  facet normal 0 1 0
    outer loop
      vertex 241 0 176
      vertex 219 0 170.866
      vertex 218.883 0 170.924
    endloop
  endfacet
  facet normal 0 1 0
    outer loop
      vertex 241 0 176
      vertex 219.109 0 170.793
      vertex 219 0 170.866
    endloop
  endfacet
  facet normal 0 1 0
    outer loop
      vertex 241 0 176
      vertex 219.207 0 170.707
      vertex 219.109 0 170.793
    endloop
  endfacet
  facet normal 0 1 0
    outer loop
      vertex 241 0 176
      vertex 219.293 0 170.609
      vertex 219.207 0 170.707
    endloop
  endfacet
  facet normal 0 1 0
    outer loop
      vertex 241 0 176
      vertex 219.366 0 170.5
      vertex 219.293 0 170.609
    endloop
  endfacet
  facet normal 0 1 0
    outer loop
      vertex 241 0 176
      vertex 219.424 0 170.383
      vertex 219.366 0 170.5
    endloop
  endfacet
  facet normal 0 1 0
    outer loop
      vertex 241 0 176
      vertex 219.466 0 170.259
      vertex 219.424 0 170.383
    endloop
  endfacet
  facet normal 0 1 0
    outer loop
      vertex 241 0 176
      vertex 219.491 0 170.131
      vertex 219.466 0 170.259
    endloop
  endfacet
  facet normal 0 1 0
    outer loop
      vertex 241 0 176
      vertex 219.5 0 170
      vertex 219.491 0 170.131
    endloop
  endfacet
  facet normal 0 1 -0
    outer loop
      vertex 241 0 164
      vertex 219.5 0 170
      vertex 241 0 176
    endloop
  endfacet
  facet normal 0 1 0
    outer loop
      vertex 219.5 0 170
      vertex 241 0 164
      vertex 219.491 0 169.869
    endloop
  endfacet
  facet normal 0 1 0
    outer loop
      vertex 219.491 0 169.869
      vertex 241 0 164
      vertex 219.466 0 169.741
    endloop
  endfacet
  facet normal 0 1 0
    outer loop
      vertex 219.466 0 169.741
      vertex 241 0 164
      vertex 219.424 0 169.617
    endloop
  endfacet
  facet normal 0 1 0
    outer loop
      vertex 219.424 0 169.617
      vertex 241 0 164
      vertex 219.366 0 169.5
    endloop
  endfacet
  facet normal 0 1 0
    outer loop
      vertex 219.366 0 169.5
      vertex 241 0 164
      vertex 219.293 0 169.391
    endloop
  endfacet
  facet normal 0 1 0
    outer loop
      vertex 219.293 0 169.391
      vertex 241 0 164
      vertex 219.207 0 169.293
    endloop
  endfacet
  facet normal 0 1 0
    outer loop
      vertex 219.207 0 169.293
      vertex 241 0 164
      vertex 219.109 0 169.207
    endloop
  endfacet
  facet normal 0 1 0
    outer loop
      vertex 219.109 0 169.207
      vertex 241 0 164
      vertex 219 0 169.134
    endloop
  endfacet
  facet normal 0 1 0
    outer loop
      vertex 219 0 169.134
      vertex 241 0 164
      vertex 218.883 0 169.076
    endloop
  endfacet
  facet normal 0 1 0
    outer loop
      vertex 150.631 0 169.009
      vertex 196 0 166
      vertex 150.5 0 169
    endloop
  endfacet
  facet normal 0 1 0
    outer loop
      vertex 150.5 0 169
      vertex 196 0 166
      vertex 90.5 0 169
    endloop
  endfacet
  facet normal 0 1 0
    outer loop
      vertex 45 0 166
      vertex 90.5 0 169
      vertex 196 0 166
    endloop
  endfacet
  facet normal 0 1 0
    outer loop
      vertex 241 0 164
      vertex 218.5 0 169
      vertex 218.631 0 169.009
    endloop
  endfacet
  facet normal 0 1 0
    outer loop
      vertex 218.883 0 169.076
      vertex 241 0 164
      vertex 218.759 0 169.034
    endloop
  endfacet
  facet normal 0 1 0
    outer loop
      vertex 241 0 164
      vertex 218.631 0 169.009
      vertex 218.759 0 169.034
    endloop
  endfacet
  facet normal 0 1 0
    outer loop
      vertex 218.5 0 169
      vertex 241 0 164
      vertex 196 0 164
    endloop
  endfacet
  facet normal 0 1 0
    outer loop
      vertex 217.576 0 169.617
      vertex 196 0 164
      vertex 196 0 166
    endloop
  endfacet
  facet normal 0 1 0
    outer loop
      vertex 22.5 0 171
      vertex 45 0 176
      vertex 45 0 174
    endloop
  endfacet
  facet normal 0 1 0
    outer loop
      vertex 196 0 174
      vertex 150.5 0 171
      vertex 45 0 174
    endloop
  endfacet
  facet normal 0 1 -0
    outer loop
      vertex 90.5 0 171
      vertex 45 0 174
      vertex 150.5 0 171
    endloop
  endfacet
  facet normal 0 1 -0
    outer loop
      vertex 90.3695 0 170.991
      vertex 45 0 174
      vertex 90.5 0 171
    endloop
  endfacet
  facet normal 0 1 0
    outer loop
      vertex 45 0 176
      vertex 22.5 0 171
      vertex 0 0 176
    endloop
  endfacet
  facet normal 0 1 -0
    outer loop
      vertex 22.3695 0 170.991
      vertex 0 0 176
      vertex 22.5 0 171
    endloop
  endfacet
  facet normal 0 1 -0
    outer loop
      vertex 22.2412 0 170.966
      vertex 0 0 176
      vertex 22.3695 0 170.991
    endloop
  endfacet
  facet normal 0 1 -0
    outer loop
      vertex 22.1173 0 170.924
      vertex 0 0 176
      vertex 22.2412 0 170.966
    endloop
  endfacet
  facet normal 0 1 -0
    outer loop
      vertex 22 0 170.866
      vertex 0 0 176
      vertex 22.1173 0 170.924
    endloop
  endfacet
  facet normal 0 1 -0
    outer loop
      vertex 21.8912 0 170.793
      vertex 0 0 176
      vertex 22 0 170.866
    endloop
  endfacet
  facet normal 0 1 -0
    outer loop
      vertex 21.7929 0 170.707
      vertex 0 0 176
      vertex 21.8912 0 170.793
    endloop
  endfacet
  facet normal 0 1 -0
    outer loop
      vertex 21.7066 0 170.609
      vertex 0 0 176
      vertex 21.7929 0 170.707
    endloop
  endfacet
  facet normal 0 1 -0
    outer loop
      vertex 21.634 0 170.5
      vertex 0 0 176
      vertex 21.7066 0 170.609
    endloop
  endfacet
  facet normal 0 1 -0
    outer loop
      vertex 21.5761 0 170.383
      vertex 0 0 176
      vertex 21.634 0 170.5
    endloop
  endfacet
  facet normal 0 1 -0
    outer loop
      vertex 21.5341 0 170.259
      vertex 0 0 176
      vertex 21.5761 0 170.383
    endloop
  endfacet
  facet normal 0 1 -0
    outer loop
      vertex 21.5086 0 170.131
      vertex 0 0 176
      vertex 21.5341 0 170.259
    endloop
  endfacet
  facet normal 0 1 -0
    outer loop
      vertex 21.5 0 170
      vertex 0 0 176
      vertex 21.5086 0 170.131
    endloop
  endfacet
  facet normal 0 1 0
    outer loop
      vertex 0 0 164
      vertex 21.5 0 170
      vertex 21.5086 0 169.869
    endloop
  endfacet
  facet normal 0 1 0
    outer loop
      vertex 0 0 164
      vertex 21.5086 0 169.869
      vertex 21.5341 0 169.741
    endloop
  endfacet
  facet normal 0 1 0
    outer loop
      vertex 0 0 164
      vertex 21.5341 0 169.741
      vertex 21.5761 0 169.617
    endloop
  endfacet
  facet normal 0 1 0
    outer loop
      vertex 0 0 164
      vertex 21.5761 0 169.617
      vertex 21.634 0 169.5
    endloop
  endfacet
  facet normal 0 1 0
    outer loop
      vertex 0 0 164
      vertex 21.634 0 169.5
      vertex 21.7066 0 169.391
    endloop
  endfacet
  facet normal 0 1 0
    outer loop
      vertex 0 0 164
      vertex 21.7066 0 169.391
      vertex 21.7929 0 169.293
    endloop
  endfacet
  facet normal 0 1 0
    outer loop
      vertex 0 0 164
      vertex 21.7929 0 169.293
      vertex 21.8912 0 169.207
    endloop
  endfacet
  facet normal 0 1 0
    outer loop
      vertex 0 0 164
      vertex 21.8912 0 169.207
      vertex 22 0 169.134
    endloop
  endfacet
  facet normal 0 1 0
    outer loop
      vertex 0 0 164
      vertex 22 0 169.134
      vertex 22.1173 0 169.076
    endloop
  endfacet
  facet normal 0 1 0
    outer loop
      vertex 0 0 164
      vertex 22.1173 0 169.076
      vertex 22.2412 0 169.034
    endloop
  endfacet
  facet normal 0 1 0
    outer loop
      vertex 22.7588 0 169.034
      vertex 45 0 164
      vertex 22.6305 0 169.009
    endloop
  endfacet
  facet normal 0 1 0
    outer loop
      vertex 22.6305 0 169.009
      vertex 45 0 164
      vertex 22.5 0 169
    endloop
  endfacet
  facet normal 0 1 0
    outer loop
      vertex 0 0 164
      vertex 22.5 0 169
      vertex 45 0 164
    endloop
  endfacet
  facet normal 0 1 0
    outer loop
      vertex 22.5 0 169
      vertex 0 0 164
      vertex 22.3695 0 169.009
    endloop
  endfacet
  facet normal 0 1 0
    outer loop
      vertex 21.5 0 170
      vertex 0 0 164
      vertex 0 0 176
    endloop
  endfacet
  facet normal 0 1 0
    outer loop
      vertex 22.3695 0 169.009
      vertex 0 0 164
      vertex 22.2412 0 169.034
    endloop
  endfacet
  facet normal 0 1 -0
    outer loop
      vertex 45 40.5 164
      vertex -4 40.5 176
      vertex 45 40.5 176
    endloop
  endfacet
  facet normal 0 1 0
    outer loop
      vertex -4 40.5 176
      vertex 45 40.5 164
      vertex -4 40.5 164
    endloop
  endfacet
  facet normal 1 -0 0
    outer loop
      vertex 45 36.5 176
      vertex 45 40.5 164
      vertex 45 40.5 176
    endloop
  endfacet
  facet normal 1 0 0
    outer loop
      vertex 45 40.5 164
      vertex 45 36.5 176
      vertex 45 36.5 164
    endloop
  endfacet
  facet normal 0 -1 0
    outer loop
      vertex 0 36.5 164
      vertex 45 36.5 176
      vertex 0 36.5 176
    endloop
  endfacet
  facet normal 0 -1 -0
    outer loop
      vertex 45 36.5 176
      vertex 0 36.5 164
      vertex 45 36.5 164
    endloop
  endfacet
  facet normal 0.557164 0 0.830403
    outer loop
      vertex 21.8912 0 169.207
      vertex 22 -4 169.134
      vertex 22 0 169.134
    endloop
  endfacet
  facet normal 0.557164 0 0.830403
    outer loop
      vertex 22 -4 169.134
      vertex 21.8912 0 169.207
      vertex 21.8912 -4 169.207
    endloop
  endfacet
  facet normal -0.980728 0 0.195379
    outer loop
      vertex 23.4659 -4 169.741
      vertex 23.4914 0 169.869
      vertex 23.4659 0 169.741
    endloop
  endfacet
  facet normal -0.980728 0 0.195379
    outer loop
      vertex 23.4914 0 169.869
      vertex 23.4659 -4 169.741
      vertex 23.4914 -4 169.869
    endloop
  endfacet
  facet normal -0.997852 0 0.0655078
    outer loop
      vertex 23.4914 -4 169.869
      vertex 23.5 0 170
      vertex 23.4914 0 169.869
    endloop
  endfacet
  facet normal -0.997852 0 0.0655078
    outer loop
      vertex 23.5 0 170
      vertex 23.4914 -4 169.869
      vertex 23.5 -4 170
    endloop
  endfacet
  facet normal 0.896258 0 -0.443533
    outer loop
      vertex 21.634 -4 170.5
      vertex 21.5761 0 170.383
      vertex 21.634 0 170.5
    endloop
  endfacet
  facet normal 0.896258 0 -0.443533
    outer loop
      vertex 21.5761 0 170.383
      vertex 21.634 -4 170.5
      vertex 21.5761 -4 170.383
    endloop
  endfacet
  facet normal -0.947145 0 -0.320807
    outer loop
      vertex 23.4659 -4 170.259
      vertex 23.4239 0 170.383
      vertex 23.4659 0 170.259
    endloop
  endfacet
  facet normal -0.947145 -0 -0.320807
    outer loop
      vertex 23.4239 0 170.383
      vertex 23.4659 -4 170.259
      vertex 23.4239 -4 170.383
    endloop
  endfacet
  facet normal -0.997852 0 -0.0655078
    outer loop
      vertex 23.5 -4 170
      vertex 23.4914 0 170.131
      vertex 23.5 0 170
    endloop
  endfacet
  facet normal -0.997852 -0 -0.0655078
    outer loop
      vertex 23.4914 0 170.131
      vertex 23.5 -4 170
      vertex 23.4914 -4 170.131
    endloop
  endfacet
  facet normal -0.896258 0 0.443533
    outer loop
      vertex 23.366 -4 169.5
      vertex 23.4239 0 169.617
      vertex 23.366 0 169.5
    endloop
  endfacet
  facet normal -0.896258 0 0.443533
    outer loop
      vertex 23.4239 0 169.617
      vertex 23.366 -4 169.5
      vertex 23.4239 -4 169.617
    endloop
  endfacet
  facet normal -0.65845 0 0.752624
    outer loop
      vertex 23.1088 0 169.207
      vertex 23.2071 -4 169.293
      vertex 23.2071 0 169.293
    endloop
  endfacet
  facet normal -0.65845 0 0.752624
    outer loop
      vertex 23.2071 -4 169.293
      vertex 23.1088 0 169.207
      vertex 23.1088 -4 169.207
    endloop
  endfacet
  facet normal 0.557164 0 -0.830403
    outer loop
      vertex 21.8912 -4 170.793
      vertex 22 0 170.866
      vertex 22 -4 170.866
    endloop
  endfacet
  facet normal 0.557164 0 -0.830403
    outer loop
      vertex 22 0 170.866
      vertex 21.8912 -4 170.793
      vertex 21.8912 0 170.793
    endloop
  endfacet
  facet normal -0.321039 0 0.947066
    outer loop
      vertex 22.7588 0 169.034
      vertex 22.8827 -4 169.076
      vertex 22.8827 0 169.076
    endloop
  endfacet
  facet normal -0.321039 0 0.947066
    outer loop
      vertex 22.8827 -4 169.076
      vertex 22.7588 0 169.034
      vertex 22.7588 -4 169.034
    endloop
  endfacet
  facet normal 0.997852 0 -0.0655078
    outer loop
      vertex 21.5086 -4 170.131
      vertex 21.5 0 170
      vertex 21.5086 0 170.131
    endloop
  endfacet
  facet normal 0.997852 0 -0.0655078
    outer loop
      vertex 21.5 0 170
      vertex 21.5086 -4 170.131
      vertex 21.5 -4 170
    endloop
  endfacet
  facet normal 0.191259 0 -0.98154
    outer loop
      vertex 22.2412 -4 170.966
      vertex 22.3695 0 170.991
      vertex 22.3695 -4 170.991
    endloop
  endfacet
  facet normal 0.191259 0 -0.98154
    outer loop
      vertex 22.3695 0 170.991
      vertex 22.2412 -4 170.966
      vertex 22.2412 0 170.966
    endloop
  endfacet
  facet normal -0.896258 0 -0.443533
    outer loop
      vertex 23.4239 -4 170.383
      vertex 23.366 0 170.5
      vertex 23.4239 0 170.383
    endloop
  endfacet
  facet normal -0.896258 -0 -0.443533
    outer loop
      vertex 23.366 0 170.5
      vertex 23.4239 -4 170.383
      vertex 23.366 -4 170.5
    endloop
  endfacet
  facet normal 0.947145 0 -0.320807
    outer loop
      vertex 21.5761 -4 170.383
      vertex 21.5341 0 170.259
      vertex 21.5761 0 170.383
    endloop
  endfacet
  facet normal 0.947145 0 -0.320807
    outer loop
      vertex 21.5341 0 170.259
      vertex 21.5761 -4 170.383
      vertex 21.5341 -4 170.259
    endloop
  endfacet
  facet normal -0.443235 0 -0.896405
    outer loop
      vertex 22.8827 -4 170.924
      vertex 23 0 170.866
      vertex 23 -4 170.866
    endloop
  endfacet
  facet normal -0.443235 0 -0.896405
    outer loop
      vertex 23 0 170.866
      vertex 22.8827 -4 170.924
      vertex 22.8827 0 170.924
    endloop
  endfacet
  facet normal 0.896258 -0 0.443533
    outer loop
      vertex 21.5761 -4 169.617
      vertex 21.634 0 169.5
      vertex 21.5761 0 169.617
    endloop
  endfacet
  facet normal 0.896258 0 0.443533
    outer loop
      vertex 21.634 0 169.5
      vertex 21.5761 -4 169.617
      vertex 21.634 -4 169.5
    endloop
  endfacet
  facet normal -0.321039 0 -0.947066
    outer loop
      vertex 22.7588 -4 170.966
      vertex 22.8827 0 170.924
      vertex 22.8827 -4 170.924
    endloop
  endfacet
  facet normal -0.321039 0 -0.947066
    outer loop
      vertex 22.8827 0 170.924
      vertex 22.7588 -4 170.966
      vertex 22.7588 0 170.966
    endloop
  endfacet
  facet normal 0.980728 -0 0.195379
    outer loop
      vertex 21.5086 -4 169.869
      vertex 21.5341 0 169.741
      vertex 21.5086 0 169.869
    endloop
  endfacet
  facet normal 0.980728 0 0.195379
    outer loop
      vertex 21.5341 0 169.741
      vertex 21.5086 -4 169.869
      vertex 21.5341 -4 169.741
    endloop
  endfacet
  facet normal 0.750486 0 -0.660887
    outer loop
      vertex 21.7929 -4 170.707
      vertex 21.7066 0 170.609
      vertex 21.7929 0 170.707
    endloop
  endfacet
  facet normal 0.750486 0 -0.660887
    outer loop
      vertex 21.7066 0 170.609
      vertex 21.7929 -4 170.707
      vertex 21.7066 -4 170.609
    endloop
  endfacet
  facet normal 0.750486 -0 0.660887
    outer loop
      vertex 21.7066 -4 169.391
      vertex 21.7929 0 169.293
      vertex 21.7066 0 169.391
    endloop
  endfacet
  facet normal 0.750486 0 0.660887
    outer loop
      vertex 21.7929 0 169.293
      vertex 21.7066 -4 169.391
      vertex 21.7929 -4 169.293
    endloop
  endfacet
  facet normal 0.997852 -0 0.0655078
    outer loop
      vertex 21.5 -4 170
      vertex 21.5086 0 169.869
      vertex 21.5 0 170
    endloop
  endfacet
  facet normal 0.997852 0 0.0655078
    outer loop
      vertex 21.5086 0 169.869
      vertex 21.5 -4 170
      vertex 21.5086 -4 169.869
    endloop
  endfacet
  facet normal -0.750486 0 -0.660887
    outer loop
      vertex 23.2934 -4 170.609
      vertex 23.2071 0 170.707
      vertex 23.2934 0 170.609
    endloop
  endfacet
  facet normal -0.750486 -0 -0.660887
    outer loop
      vertex 23.2071 0 170.707
      vertex 23.2934 -4 170.609
      vertex 23.2071 -4 170.707
    endloop
  endfacet
  facet normal -0.832285 0 0.554348
    outer loop
      vertex 23.2934 -4 169.391
      vertex 23.366 0 169.5
      vertex 23.2934 0 169.391
    endloop
  endfacet
  facet normal -0.832285 0 0.554348
    outer loop
      vertex 23.366 0 169.5
      vertex 23.2934 -4 169.391
      vertex 23.366 -4 169.5
    endloop
  endfacet
  facet normal -0.0688021 0 0.99763
    outer loop
      vertex 22.5 0 169
      vertex 22.6305 -4 169.009
      vertex 22.6305 0 169.009
    endloop
  endfacet
  facet normal -0.0688021 0 0.99763
    outer loop
      vertex 22.6305 -4 169.009
      vertex 22.5 0 169
      vertex 22.5 -4 169
    endloop
  endfacet
  facet normal 0.0688021 0 -0.99763
    outer loop
      vertex 22.3695 -4 170.991
      vertex 22.5 0 171
      vertex 22.5 -4 171
    endloop
  endfacet
  facet normal 0.0688021 0 -0.99763
    outer loop
      vertex 22.5 0 171
      vertex 22.3695 -4 170.991
      vertex 22.3695 0 170.991
    endloop
  endfacet
  facet normal 0.65845 0 0.752624
    outer loop
      vertex 21.7929 0 169.293
      vertex 21.8912 -4 169.207
      vertex 21.8912 0 169.207
    endloop
  endfacet
  facet normal 0.65845 0 0.752624
    outer loop
      vertex 21.8912 -4 169.207
      vertex 21.7929 0 169.293
      vertex 21.7929 -4 169.293
    endloop
  endfacet
  facet normal -0.191259 0 -0.98154
    outer loop
      vertex 22.6305 -4 170.991
      vertex 22.7588 0 170.966
      vertex 22.7588 -4 170.966
    endloop
  endfacet
  facet normal -0.191259 0 -0.98154
    outer loop
      vertex 22.7588 0 170.966
      vertex 22.6305 -4 170.991
      vertex 22.6305 0 170.991
    endloop
  endfacet
  facet normal -0.557164 0 0.830403
    outer loop
      vertex 23 0 169.134
      vertex 23.1088 -4 169.207
      vertex 23.1088 0 169.207
    endloop
  endfacet
  facet normal -0.557164 0 0.830403
    outer loop
      vertex 23.1088 -4 169.207
      vertex 23 0 169.134
      vertex 23 -4 169.134
    endloop
  endfacet
  facet normal -0.980728 0 -0.195379
    outer loop
      vertex 23.4914 -4 170.131
      vertex 23.4659 0 170.259
      vertex 23.4914 0 170.131
    endloop
  endfacet
  facet normal -0.980728 -0 -0.195379
    outer loop
      vertex 23.4659 0 170.259
      vertex 23.4914 -4 170.131
      vertex 23.4659 -4 170.259
    endloop
  endfacet
  facet normal 0.832285 0 -0.554348
    outer loop
      vertex 21.7066 -4 170.609
      vertex 21.634 0 170.5
      vertex 21.7066 0 170.609
    endloop
  endfacet
  facet normal 0.832285 0 -0.554348
    outer loop
      vertex 21.634 0 170.5
      vertex 21.7066 -4 170.609
      vertex 21.634 -4 170.5
    endloop
  endfacet
  facet normal 0.191259 0 0.98154
    outer loop
      vertex 22.2412 0 169.034
      vertex 22.3695 -4 169.009
      vertex 22.3695 0 169.009
    endloop
  endfacet
  facet normal 0.191259 0 0.98154
    outer loop
      vertex 22.3695 -4 169.009
      vertex 22.2412 0 169.034
      vertex 22.2412 -4 169.034
    endloop
  endfacet
  facet normal -0.0688021 0 -0.99763
    outer loop
      vertex 22.5 -4 171
      vertex 22.6305 0 170.991
      vertex 22.6305 -4 170.991
    endloop
  endfacet
  facet normal -0.0688021 0 -0.99763
    outer loop
      vertex 22.6305 0 170.991
      vertex 22.5 -4 171
      vertex 22.5 0 171
    endloop
  endfacet
  facet normal 0.980728 0 -0.195379
    outer loop
      vertex 21.5341 -4 170.259
      vertex 21.5086 0 170.131
      vertex 21.5341 0 170.259
    endloop
  endfacet
  facet normal 0.980728 0 -0.195379
    outer loop
      vertex 21.5086 0 170.131
      vertex 21.5341 -4 170.259
      vertex 21.5086 -4 170.131
    endloop
  endfacet
  facet normal -0.443235 0 0.896405
    outer loop
      vertex 22.8827 0 169.076
      vertex 23 -4 169.134
      vertex 23 0 169.134
    endloop
  endfacet
  facet normal -0.443235 0 0.896405
    outer loop
      vertex 23 -4 169.134
      vertex 22.8827 0 169.076
      vertex 22.8827 -4 169.076
    endloop
  endfacet
  facet normal -0.557164 0 -0.830403
    outer loop
      vertex 23 -4 170.866
      vertex 23.1088 0 170.793
      vertex 23.1088 -4 170.793
    endloop
  endfacet
  facet normal -0.557164 0 -0.830403
    outer loop
      vertex 23.1088 0 170.793
      vertex 23 -4 170.866
      vertex 23 0 170.866
    endloop
  endfacet
  facet normal 0.65845 0 -0.752624
    outer loop
      vertex 21.7929 -4 170.707
      vertex 21.8912 0 170.793
      vertex 21.8912 -4 170.793
    endloop
  endfacet
  facet normal 0.65845 0 -0.752624
    outer loop
      vertex 21.8912 0 170.793
      vertex 21.7929 -4 170.707
      vertex 21.7929 0 170.707
    endloop
  endfacet
  facet normal -0.65845 0 -0.752624
    outer loop
      vertex 23.1088 -4 170.793
      vertex 23.2071 0 170.707
      vertex 23.2071 -4 170.707
    endloop
  endfacet
  facet normal -0.65845 0 -0.752624
    outer loop
      vertex 23.2071 0 170.707
      vertex 23.1088 -4 170.793
      vertex 23.1088 0 170.793
    endloop
  endfacet
  facet normal 0.0688021 0 0.99763
    outer loop
      vertex 22.3695 0 169.009
      vertex 22.5 -4 169
      vertex 22.5 0 169
    endloop
  endfacet
  facet normal 0.0688021 0 0.99763
    outer loop
      vertex 22.5 -4 169
      vertex 22.3695 0 169.009
      vertex 22.3695 -4 169.009
    endloop
  endfacet
  facet normal -0.832285 0 -0.554348
    outer loop
      vertex 23.366 -4 170.5
      vertex 23.2934 0 170.609
      vertex 23.366 0 170.5
    endloop
  endfacet
  facet normal -0.832285 -0 -0.554348
    outer loop
      vertex 23.2934 0 170.609
      vertex 23.366 -4 170.5
      vertex 23.2934 -4 170.609
    endloop
  endfacet
  facet normal -0.191259 0 0.98154
    outer loop
      vertex 22.6305 0 169.009
      vertex 22.7588 -4 169.034
      vertex 22.7588 0 169.034
    endloop
  endfacet
  facet normal -0.191259 0 0.98154
    outer loop
      vertex 22.7588 -4 169.034
      vertex 22.6305 0 169.009
      vertex 22.6305 -4 169.009
    endloop
  endfacet
  facet normal -0.750486 0 0.660887
    outer loop
      vertex 23.2071 -4 169.293
      vertex 23.2934 0 169.391
      vertex 23.2071 0 169.293
    endloop
  endfacet
  facet normal -0.750486 0 0.660887
    outer loop
      vertex 23.2934 0 169.391
      vertex 23.2071 -4 169.293
      vertex 23.2934 -4 169.391
    endloop
  endfacet
  facet normal -0.947145 0 0.320807
    outer loop
      vertex 23.4239 -4 169.617
      vertex 23.4659 0 169.741
      vertex 23.4239 0 169.617
    endloop
  endfacet
  facet normal -0.947145 0 0.320807
    outer loop
      vertex 23.4659 0 169.741
      vertex 23.4239 -4 169.617
      vertex 23.4659 -4 169.741
    endloop
  endfacet
  facet normal 0.443235 0 0.896405
    outer loop
      vertex 22 0 169.134
      vertex 22.1173 -4 169.076
      vertex 22.1173 0 169.076
    endloop
  endfacet
  facet normal 0.443235 0 0.896405
    outer loop
      vertex 22.1173 -4 169.076
      vertex 22 0 169.134
      vertex 22 -4 169.134
    endloop
  endfacet
  facet normal 0.832285 -0 0.554348
    outer loop
      vertex 21.634 -4 169.5
      vertex 21.7066 0 169.391
      vertex 21.634 0 169.5
    endloop
  endfacet
  facet normal 0.832285 0 0.554348
    outer loop
      vertex 21.7066 0 169.391
      vertex 21.634 -4 169.5
      vertex 21.7066 -4 169.391
    endloop
  endfacet
  facet normal 0.321039 0 0.947066
    outer loop
      vertex 22.1173 0 169.076
      vertex 22.2412 -4 169.034
      vertex 22.2412 0 169.034
    endloop
  endfacet
  facet normal 0.321039 0 0.947066
    outer loop
      vertex 22.2412 -4 169.034
      vertex 22.1173 0 169.076
      vertex 22.1173 -4 169.076
    endloop
  endfacet
  facet normal 0.443235 0 -0.896405
    outer loop
      vertex 22 -4 170.866
      vertex 22.1173 0 170.924
      vertex 22.1173 -4 170.924
    endloop
  endfacet
  facet normal 0.443235 0 -0.896405
    outer loop
      vertex 22.1173 0 170.924
      vertex 22 -4 170.866
      vertex 22 0 170.866
    endloop
  endfacet
  facet normal 0.321039 0 -0.947066
    outer loop
      vertex 22.1173 -4 170.924
      vertex 22.2412 0 170.966
      vertex 22.2412 -4 170.966
    endloop
  endfacet
  facet normal 0.321039 0 -0.947066
    outer loop
      vertex 22.2412 0 170.966
      vertex 22.1173 -4 170.924
      vertex 22.1173 0 170.924
    endloop
  endfacet
  facet normal 0.947145 -0 0.320807
    outer loop
      vertex 21.5341 -4 169.741
      vertex 21.5761 0 169.617
      vertex 21.5341 0 169.741
    endloop
  endfacet
  facet normal 0.947145 0 0.320807
    outer loop
      vertex 21.5761 0 169.617
      vertex 21.5341 -4 169.741
      vertex 21.5761 -4 169.617
    endloop
  endfacet
  facet normal -1 0 0
    outer loop
      vertex 196 -4 174
      vertex 196 0 176
      vertex 196 0 174
    endloop
  endfacet
  facet normal -1 -0 0
    outer loop
      vertex 196 0 176
      vertex 196 -4 174
      vertex 196 -4 176
    endloop
  endfacet
  facet normal -1 0 0
    outer loop
      vertex 196 -4 164
      vertex 196 0 166
      vertex 196 0 164
    endloop
  endfacet
  facet normal -1 -0 0
    outer loop
      vertex 196 0 166
      vertex 196 -4 164
      vertex 196 -4 166
    endloop
  endfacet
  facet normal 0 0 1
    outer loop
      vertex 245 40.5 176
      vertex 241 36.5 176
      vertex 245 -4 176
    endloop
  endfacet
  facet normal -0 0 1
    outer loop
      vertex 196 40.5 176
      vertex 241 36.5 176
      vertex 245 40.5 176
    endloop
  endfacet
  facet normal 0 0 1
    outer loop
      vertex 241 36.5 176
      vertex 196 40.5 176
      vertex 196 36.5 176
    endloop
  endfacet
  facet normal -0 0 1
    outer loop
      vertex 241 0 176
      vertex 245 -4 176
      vertex 241 36.5 176
    endloop
  endfacet
  facet normal 0 0 1
    outer loop
      vertex 196 -4 176
      vertex 241 0 176
      vertex 196 0 176
    endloop
  endfacet
  facet normal 0 0 1
    outer loop
      vertex 241 0 176
      vertex 196 -4 176
      vertex 245 -4 176
    endloop
  endfacet
  facet normal 0 0 -1
    outer loop
      vertex 196 -4 164
      vertex 241 0 164
      vertex 241 -4 164
    endloop
  endfacet
  facet normal -0 0 -1
    outer loop
      vertex 241 0 164
      vertex 196 -4 164
      vertex 196 0 164
    endloop
  endfacet
  facet normal 0 0 -1
    outer loop
      vertex 241 36.5 164
      vertex 245 0 164
      vertex 241 0 164
    endloop
  endfacet
  facet normal 0 0 -1
    outer loop
      vertex 245 0 164
      vertex 241 36.5 164
      vertex 245 40.5 164
    endloop
  endfacet
  facet normal 0 0 -1
    outer loop
      vertex 196 40.5 164
      vertex 241 36.5 164
      vertex 196 36.5 164
    endloop
  endfacet
  facet normal 0 0 -1
    outer loop
      vertex 241 36.5 164
      vertex 196 40.5 164
      vertex 245 40.5 164
    endloop
  endfacet
  facet normal -1 0 0
    outer loop
      vertex 241 0 164
      vertex 241 36.5 176
      vertex 241 36.5 164
    endloop
  endfacet
  facet normal -1 -0 0
    outer loop
      vertex 241 36.5 176
      vertex 241 0 164
      vertex 241 0 176
    endloop
  endfacet
  facet normal 0 1 -0
    outer loop
      vertex 245 40.5 164
      vertex 196 40.5 176
      vertex 245 40.5 176
    endloop
  endfacet
  facet normal 0 1 0
    outer loop
      vertex 196 40.5 176
      vertex 245 40.5 164
      vertex 196 40.5 164
    endloop
  endfacet
  facet normal -1 0 0
    outer loop
      vertex 196 36.5 164
      vertex 196 40.5 176
      vertex 196 40.5 164
    endloop
  endfacet
  facet normal -1 -0 0
    outer loop
      vertex 196 40.5 176
      vertex 196 36.5 164
      vertex 196 36.5 176
    endloop
  endfacet
  facet normal 0 -1 0
    outer loop
      vertex 196 36.5 164
      vertex 241 36.5 176
      vertex 196 36.5 176
    endloop
  endfacet
  facet normal 0 -1 -0
    outer loop
      vertex 241 36.5 176
      vertex 196 36.5 164
      vertex 241 36.5 164
    endloop
  endfacet
  facet normal -0.556458 0 0.830876
    outer loop
      vertex 219 0 169.134
      vertex 219.109 -4 169.207
      vertex 219.109 0 169.207
    endloop
  endfacet
  facet normal -0.556458 0 0.830876
    outer loop
      vertex 219.109 -4 169.207
      vertex 219 0 169.134
      vertex 219 -4 169.134
    endloop
  endfacet
  facet normal 0.981455 -0 0.191691
    outer loop
      vertex 217.509 -4 169.869
      vertex 217.534 0 169.741
      vertex 217.509 0 169.869
    endloop
  endfacet
  facet normal 0.981455 0 0.191691
    outer loop
      vertex 217.534 0 169.741
      vertex 217.509 -4 169.869
      vertex 217.534 -4 169.741
    endloop
  endfacet
  facet normal 0.997648 -0 0.0685407
    outer loop
      vertex 217.5 -4 170
      vertex 217.509 0 169.869
      vertex 217.5 0 170
    endloop
  endfacet
  facet normal 0.997648 0 0.0685407
    outer loop
      vertex 217.509 0 169.869
      vertex 217.5 -4 170
      vertex 217.509 -4 169.869
    endloop
  endfacet
  facet normal -0.895953 0 -0.444148
    outer loop
      vertex 219.424 -4 170.383
      vertex 219.366 0 170.5
      vertex 219.424 0 170.383
    endloop
  endfacet
  facet normal -0.895953 -0 -0.444148
    outer loop
      vertex 219.366 0 170.5
      vertex 219.424 -4 170.383
      vertex 219.366 -4 170.5
    endloop
  endfacet
  facet normal 0.947145 0 -0.320807
    outer loop
      vertex 217.576 -4 170.383
      vertex 217.534 0 170.259
      vertex 217.576 0 170.383
    endloop
  endfacet
  facet normal 0.947145 0 -0.320807
    outer loop
      vertex 217.534 0 170.259
      vertex 217.576 -4 170.383
      vertex 217.534 -4 170.259
    endloop
  endfacet
  facet normal 0.997648 0 -0.0685407
    outer loop
      vertex 217.509 -4 170.131
      vertex 217.5 0 170
      vertex 217.509 0 170.131
    endloop
  endfacet
  facet normal 0.997648 0 -0.0685407
    outer loop
      vertex 217.5 0 170
      vertex 217.509 -4 170.131
      vertex 217.5 -4 170
    endloop
  endfacet
  facet normal 0.895953 -0 0.444148
    outer loop
      vertex 217.576 -4 169.617
      vertex 217.634 0 169.5
      vertex 217.576 0 169.617
    endloop
  endfacet
  facet normal 0.895953 0 0.444148
    outer loop
      vertex 217.634 0 169.5
      vertex 217.576 -4 169.617
      vertex 217.634 -4 169.5
    endloop
  endfacet
  facet normal 0.65959 0 0.751626
    outer loop
      vertex 217.793 0 169.293
      vertex 217.891 -4 169.207
      vertex 217.891 0 169.207
    endloop
  endfacet
  facet normal 0.65959 0 0.751626
    outer loop
      vertex 217.891 -4 169.207
      vertex 217.793 0 169.293
      vertex 217.793 -4 169.293
    endloop
  endfacet
  facet normal -0.556458 0 -0.830876
    outer loop
      vertex 219 -4 170.866
      vertex 219.109 0 170.793
      vertex 219.109 -4 170.793
    endloop
  endfacet
  facet normal -0.556458 0 -0.830876
    outer loop
      vertex 219.109 0 170.793
      vertex 219 -4 170.866
      vertex 219 0 170.866
    endloop
  endfacet
  facet normal 0.320807 0 0.947145
    outer loop
      vertex 218.117 0 169.076
      vertex 218.241 -4 169.034
      vertex 218.241 0 169.034
    endloop
  endfacet
  facet normal 0.320807 0 0.947145
    outer loop
      vertex 218.241 -4 169.034
      vertex 218.117 0 169.076
      vertex 218.117 -4 169.076
    endloop
  endfacet
  facet normal -0.997648 0 -0.0685407
    outer loop
      vertex 219.5 -4 170
      vertex 219.491 0 170.131
      vertex 219.5 0 170
    endloop
  endfacet
  facet normal -0.997648 -0 -0.0685407
    outer loop
      vertex 219.491 0 170.131
      vertex 219.5 -4 170
      vertex 219.491 -4 170.131
    endloop
  endfacet
  facet normal -0.191691 0 -0.981455
    outer loop
      vertex 218.631 -4 170.991
      vertex 218.759 0 170.966
      vertex 218.759 -4 170.966
    endloop
  endfacet
  facet normal -0.191691 0 -0.981455
    outer loop
      vertex 218.759 0 170.966
      vertex 218.631 -4 170.991
      vertex 218.631 0 170.991
    endloop
  endfacet
  facet normal 0.895953 0 -0.444148
    outer loop
      vertex 217.634 -4 170.5
      vertex 217.576 0 170.383
      vertex 217.634 0 170.5
    endloop
  endfacet
  facet normal 0.895953 0 -0.444148
    outer loop
      vertex 217.576 0 170.383
      vertex 217.634 -4 170.5
      vertex 217.576 -4 170.383
    endloop
  endfacet
  facet normal -0.947145 0 -0.320807
    outer loop
      vertex 219.466 -4 170.259
      vertex 219.424 0 170.383
      vertex 219.466 0 170.259
    endloop
  endfacet
  facet normal -0.947145 -0 -0.320807
    outer loop
      vertex 219.424 0 170.383
      vertex 219.466 -4 170.259
      vertex 219.424 -4 170.383
    endloop
  endfacet
  facet normal 0.444148 0 -0.895953
    outer loop
      vertex 218 -4 170.866
      vertex 218.117 0 170.924
      vertex 218.117 -4 170.924
    endloop
  endfacet
  facet normal 0.444148 0 -0.895953
    outer loop
      vertex 218.117 0 170.924
      vertex 218 -4 170.866
      vertex 218 0 170.866
    endloop
  endfacet
  facet normal -0.895953 0 0.444148
    outer loop
      vertex 219.366 -4 169.5
      vertex 219.424 0 169.617
      vertex 219.366 0 169.5
    endloop
  endfacet
  facet normal -0.895953 0 0.444148
    outer loop
      vertex 219.424 0 169.617
      vertex 219.366 -4 169.5
      vertex 219.424 -4 169.617
    endloop
  endfacet
  facet normal 0.320807 0 -0.947145
    outer loop
      vertex 218.117 -4 170.924
      vertex 218.241 0 170.966
      vertex 218.241 -4 170.966
    endloop
  endfacet
  facet normal 0.320807 0 -0.947145
    outer loop
      vertex 218.241 0 170.966
      vertex 218.117 -4 170.924
      vertex 218.117 0 170.924
    endloop
  endfacet
  facet normal -0.981455 0 0.191691
    outer loop
      vertex 219.466 -4 169.741
      vertex 219.491 0 169.869
      vertex 219.466 0 169.741
    endloop
  endfacet
  facet normal -0.981455 0 0.191691
    outer loop
      vertex 219.491 0 169.869
      vertex 219.466 -4 169.741
      vertex 219.491 -4 169.869
    endloop
  endfacet
  facet normal -0.751626 0 -0.65959
    outer loop
      vertex 219.293 -4 170.609
      vertex 219.207 0 170.707
      vertex 219.293 0 170.609
    endloop
  endfacet
  facet normal -0.751626 -0 -0.65959
    outer loop
      vertex 219.207 0 170.707
      vertex 219.293 -4 170.609
      vertex 219.207 -4 170.707
    endloop
  endfacet
  facet normal -0.751626 0 0.65959
    outer loop
      vertex 219.207 -4 169.293
      vertex 219.293 0 169.391
      vertex 219.207 0 169.293
    endloop
  endfacet
  facet normal -0.751626 0 0.65959
    outer loop
      vertex 219.293 0 169.391
      vertex 219.207 -4 169.293
      vertex 219.293 -4 169.391
    endloop
  endfacet
  facet normal -0.997648 0 0.0685407
    outer loop
      vertex 219.491 -4 169.869
      vertex 219.5 0 170
      vertex 219.491 0 169.869
    endloop
  endfacet
  facet normal -0.997648 0 0.0685407
    outer loop
      vertex 219.5 0 170
      vertex 219.491 -4 169.869
      vertex 219.5 -4 170
    endloop
  endfacet
  facet normal 0.751626 0 -0.65959
    outer loop
      vertex 217.793 -4 170.707
      vertex 217.707 0 170.609
      vertex 217.793 0 170.707
    endloop
  endfacet
  facet normal 0.751626 0 -0.65959
    outer loop
      vertex 217.707 0 170.609
      vertex 217.793 -4 170.707
      vertex 217.707 -4 170.609
    endloop
  endfacet
  facet normal 0.830876 -0 0.556458
    outer loop
      vertex 217.634 -4 169.5
      vertex 217.707 0 169.391
      vertex 217.634 0 169.5
    endloop
  endfacet
  facet normal 0.830876 0 0.556458
    outer loop
      vertex 217.707 0 169.391
      vertex 217.634 -4 169.5
      vertex 217.707 -4 169.391
    endloop
  endfacet
  facet normal 0.0685407 0 0.997648
    outer loop
      vertex 218.369 0 169.009
      vertex 218.5 -4 169
      vertex 218.5 0 169
    endloop
  endfacet
  facet normal 0.0685407 0 0.997648
    outer loop
      vertex 218.5 -4 169
      vertex 218.369 0 169.009
      vertex 218.369 -4 169.009
    endloop
  endfacet
  facet normal -0.0685407 0 -0.997648
    outer loop
      vertex 218.5 -4 171
      vertex 218.631 0 170.991
      vertex 218.631 -4 170.991
    endloop
  endfacet
  facet normal -0.0685407 0 -0.997648
    outer loop
      vertex 218.631 0 170.991
      vertex 218.5 -4 171
      vertex 218.5 0 171
    endloop
  endfacet
  facet normal -0.65959 0 0.751626
    outer loop
      vertex 219.109 0 169.207
      vertex 219.207 -4 169.293
      vertex 219.207 0 169.293
    endloop
  endfacet
  facet normal -0.65959 0 0.751626
    outer loop
      vertex 219.207 -4 169.293
      vertex 219.109 0 169.207
      vertex 219.109 -4 169.207
    endloop
  endfacet
  facet normal 0.191691 0 -0.981455
    outer loop
      vertex 218.241 -4 170.966
      vertex 218.369 0 170.991
      vertex 218.369 -4 170.991
    endloop
  endfacet
  facet normal 0.191691 0 -0.981455
    outer loop
      vertex 218.369 0 170.991
      vertex 218.241 -4 170.966
      vertex 218.241 0 170.966
    endloop
  endfacet
  facet normal 0.556458 0 0.830876
    outer loop
      vertex 217.891 0 169.207
      vertex 218 -4 169.134
      vertex 218 0 169.134
    endloop
  endfacet
  facet normal 0.556458 0 0.830876
    outer loop
      vertex 218 -4 169.134
      vertex 217.891 0 169.207
      vertex 217.891 -4 169.207
    endloop
  endfacet
  facet normal 0.981455 0 -0.191691
    outer loop
      vertex 217.534 -4 170.259
      vertex 217.509 0 170.131
      vertex 217.534 0 170.259
    endloop
  endfacet
  facet normal 0.981455 0 -0.191691
    outer loop
      vertex 217.509 0 170.131
      vertex 217.534 -4 170.259
      vertex 217.509 -4 170.131
    endloop
  endfacet
  facet normal -0.830876 0 -0.556458
    outer loop
      vertex 219.366 -4 170.5
      vertex 219.293 0 170.609
      vertex 219.366 0 170.5
    endloop
  endfacet
  facet normal -0.830876 -0 -0.556458
    outer loop
      vertex 219.293 0 170.609
      vertex 219.366 -4 170.5
      vertex 219.293 -4 170.609
    endloop
  endfacet
  facet normal -0.191691 0 0.981455
    outer loop
      vertex 218.631 0 169.009
      vertex 218.759 -4 169.034
      vertex 218.759 0 169.034
    endloop
  endfacet
  facet normal -0.191691 0 0.981455
    outer loop
      vertex 218.759 -4 169.034
      vertex 218.631 0 169.009
      vertex 218.631 -4 169.009
    endloop
  endfacet
  facet normal 0.0685407 0 -0.997648
    outer loop
      vertex 218.369 -4 170.991
      vertex 218.5 0 171
      vertex 218.5 -4 171
    endloop
  endfacet
  facet normal 0.0685407 0 -0.997648
    outer loop
      vertex 218.5 0 171
      vertex 218.369 -4 170.991
      vertex 218.369 0 170.991
    endloop
  endfacet
  facet normal -0.981455 0 -0.191691
    outer loop
      vertex 219.491 -4 170.131
      vertex 219.466 0 170.259
      vertex 219.491 0 170.131
    endloop
  endfacet
  facet normal -0.981455 -0 -0.191691
    outer loop
      vertex 219.466 0 170.259
      vertex 219.491 -4 170.131
      vertex 219.466 -4 170.259
    endloop
  endfacet
  facet normal 0.444148 0 0.895953
    outer loop
      vertex 218 0 169.134
      vertex 218.117 -4 169.076
      vertex 218.117 0 169.076
    endloop
  endfacet
  facet normal 0.444148 0 0.895953
    outer loop
      vertex 218.117 -4 169.076
      vertex 218 0 169.134
      vertex 218 -4 169.134
    endloop
  endfacet
  facet normal 0.556458 0 -0.830876
    outer loop
      vertex 217.891 -4 170.793
      vertex 218 0 170.866
      vertex 218 -4 170.866
    endloop
  endfacet
  facet normal 0.556458 0 -0.830876
    outer loop
      vertex 218 0 170.866
      vertex 217.891 -4 170.793
      vertex 217.891 0 170.793
    endloop
  endfacet
  facet normal -0.65959 0 -0.751626
    outer loop
      vertex 219.109 -4 170.793
      vertex 219.207 0 170.707
      vertex 219.207 -4 170.707
    endloop
  endfacet
  facet normal -0.65959 0 -0.751626
    outer loop
      vertex 219.207 0 170.707
      vertex 219.109 -4 170.793
      vertex 219.109 0 170.793
    endloop
  endfacet
  facet normal 0.65959 0 -0.751626
    outer loop
      vertex 217.793 -4 170.707
      vertex 217.891 0 170.793
      vertex 217.891 -4 170.793
    endloop
  endfacet
  facet normal 0.65959 0 -0.751626
    outer loop
      vertex 217.891 0 170.793
      vertex 217.793 -4 170.707
      vertex 217.793 0 170.707
    endloop
  endfacet
  facet normal -0.0685407 0 0.997648
    outer loop
      vertex 218.5 0 169
      vertex 218.631 -4 169.009
      vertex 218.631 0 169.009
    endloop
  endfacet
  facet normal -0.0685407 0 0.997648
    outer loop
      vertex 218.631 -4 169.009
      vertex 218.5 0 169
      vertex 218.5 -4 169
    endloop
  endfacet
  facet normal 0.830876 0 -0.556458
    outer loop
      vertex 217.707 -4 170.609
      vertex 217.634 0 170.5
      vertex 217.707 0 170.609
    endloop
  endfacet
  facet normal 0.830876 0 -0.556458
    outer loop
      vertex 217.634 0 170.5
      vertex 217.707 -4 170.609
      vertex 217.634 -4 170.5
    endloop
  endfacet
  facet normal 0.191691 0 0.981455
    outer loop
      vertex 218.241 0 169.034
      vertex 218.369 -4 169.009
      vertex 218.369 0 169.009
    endloop
  endfacet
  facet normal 0.191691 0 0.981455
    outer loop
      vertex 218.369 -4 169.009
      vertex 218.241 0 169.034
      vertex 218.241 -4 169.034
    endloop
  endfacet
  facet normal 0.751626 -0 0.65959
    outer loop
      vertex 217.707 -4 169.391
      vertex 217.793 0 169.293
      vertex 217.707 0 169.391
    endloop
  endfacet
  facet normal 0.751626 0 0.65959
    outer loop
      vertex 217.793 0 169.293
      vertex 217.707 -4 169.391
      vertex 217.793 -4 169.293
    endloop
  endfacet
  facet normal 0.947145 -0 0.320807
    outer loop
      vertex 217.534 -4 169.741
      vertex 217.576 0 169.617
      vertex 217.534 0 169.741
    endloop
  endfacet
  facet normal 0.947145 0 0.320807
    outer loop
      vertex 217.576 0 169.617
      vertex 217.534 -4 169.741
      vertex 217.576 -4 169.617
    endloop
  endfacet
  facet normal -0.444148 0 0.895953
    outer loop
      vertex 218.883 0 169.076
      vertex 219 -4 169.134
      vertex 219 0 169.134
    endloop
  endfacet
  facet normal -0.444148 0 0.895953
    outer loop
      vertex 219 -4 169.134
      vertex 218.883 0 169.076
      vertex 218.883 -4 169.076
    endloop
  endfacet
  facet normal -0.830876 0 0.556458
    outer loop
      vertex 219.293 -4 169.391
      vertex 219.366 0 169.5
      vertex 219.293 0 169.391
    endloop
  endfacet
  facet normal -0.830876 0 0.556458
    outer loop
      vertex 219.366 0 169.5
      vertex 219.293 -4 169.391
      vertex 219.366 -4 169.5
    endloop
  endfacet
  facet normal -0.320807 0 0.947145
    outer loop
      vertex 218.759 0 169.034
      vertex 218.883 -4 169.076
      vertex 218.883 0 169.076
    endloop
  endfacet
  facet normal -0.320807 0 0.947145
    outer loop
      vertex 218.883 -4 169.076
      vertex 218.759 0 169.034
      vertex 218.759 -4 169.034
    endloop
  endfacet
  facet normal -0.444148 0 -0.895953
    outer loop
      vertex 218.883 -4 170.924
      vertex 219 0 170.866
      vertex 219 -4 170.866
    endloop
  endfacet
  facet normal -0.444148 0 -0.895953
    outer loop
      vertex 219 0 170.866
      vertex 218.883 -4 170.924
      vertex 218.883 0 170.924
    endloop
  endfacet
  facet normal -0.320807 0 -0.947145
    outer loop
      vertex 218.759 -4 170.966
      vertex 218.883 0 170.924
      vertex 218.883 -4 170.924
    endloop
  endfacet
  facet normal -0.320807 0 -0.947145
    outer loop
      vertex 218.883 0 170.924
      vertex 218.759 -4 170.966
      vertex 218.759 0 170.966
    endloop
  endfacet
  facet normal -0.947145 0 0.320807
    outer loop
      vertex 219.424 -4 169.617
      vertex 219.466 0 169.741
      vertex 219.424 0 169.617
    endloop
  endfacet
  facet normal -0.947145 0 0.320807
    outer loop
      vertex 219.466 0 169.741
      vertex 219.424 -4 169.617
      vertex 219.466 -4 169.741
    endloop
  endfacet
  facet normal -0 0 1
    outer loop
      vertex 45 0 8
      vertex 196 -4 8
      vertex 196 0 8
    endloop
  endfacet
  facet normal 0 0 1
    outer loop
      vertex 196 -4 8
      vertex 45 0 8
      vertex 45 -4 8
    endloop
  endfacet
  facet normal 0.555476 0 0.831533
    outer loop
      vertex 89.8912 0 3.20665
      vertex 90 -4 3.13397
      vertex 90 0 3.13397
    endloop
  endfacet
  facet normal 0.555476 0 0.831533
    outer loop
      vertex 90 -4 3.13397
      vertex 89.8912 0 3.20665
      vertex 89.8912 -4 3.20665
    endloop
  endfacet
  facet normal -0.980812 0 0.194955
    outer loop
      vertex 91.4659 -4 3.74118
      vertex 91.4914 0 3.86947
      vertex 91.4659 0 3.74118
    endloop
  endfacet
  facet normal -0.980812 0 0.194955
    outer loop
      vertex 91.4914 0 3.86947
      vertex 91.4659 -4 3.74118
      vertex 91.4914 -4 3.86947
    endloop
  endfacet
  facet normal -0.997837 0 0.0657427
    outer loop
      vertex 91.4914 -4 3.86947
      vertex 91.5 0 4
      vertex 91.4914 0 3.86947
    endloop
  endfacet
  facet normal -0.997837 0 0.0657427
    outer loop
      vertex 91.5 0 4
      vertex 91.4914 -4 3.86947
      vertex 91.5 -4 4
    endloop
  endfacet
  facet normal 0.896739 0 -0.44256
    outer loop
      vertex 89.634 -4 4.5
      vertex 89.5761 0 4.38268
      vertex 89.634 0 4.5
    endloop
  endfacet
  facet normal 0.896739 0 -0.44256
    outer loop
      vertex 89.5761 0 4.38268
      vertex 89.634 -4 4.5
      vertex 89.5761 -4 4.38268
    endloop
  endfacet
  facet normal -0.947034 0 -0.321132
    outer loop
      vertex 91.4659 -4 4.25882
      vertex 91.4239 0 4.38268
      vertex 91.4659 0 4.25882
    endloop
  endfacet
  facet normal -0.947034 -0 -0.321132
    outer loop
      vertex 91.4239 0 4.38268
      vertex 91.4659 -4 4.25882
      vertex 91.4239 -4 4.38268
    endloop
  endfacet
  facet normal -0.997837 0 -0.0657427
    outer loop
      vertex 91.5 -4 4
      vertex 91.4914 0 4.13053
      vertex 91.5 0 4
    endloop
  endfacet
  facet normal -0.997837 -0 -0.0657427
    outer loop
      vertex 91.4914 0 4.13053
      vertex 91.5 -4 4
      vertex 91.4914 -4 4.13053
    endloop
  endfacet
  facet normal -0.896739 0 0.44256
    outer loop
      vertex 91.366 -4 3.5
      vertex 91.4239 0 3.61732
      vertex 91.366 0 3.5
    endloop
  endfacet
  facet normal -0.896739 0 0.44256
    outer loop
      vertex 91.4239 0 3.61732
      vertex 91.366 -4 3.5
      vertex 91.4239 -4 3.61732
    endloop
  endfacet
  facet normal -0.659489 0 0.751714
    outer loop
      vertex 91.1088 0 3.20665
      vertex 91.2071 -4 3.29289
      vertex 91.2071 0 3.29289
    endloop
  endfacet
  facet normal -0.659489 0 0.751714
    outer loop
      vertex 91.2071 -4 3.29289
      vertex 91.1088 0 3.20665
      vertex 91.1088 -4 3.20665
    endloop
  endfacet
  facet normal 0.555423 0 -0.831568
    outer loop
      vertex 89.8912 -4 4.79335
      vertex 90 0 4.86602
      vertex 90 -4 4.86602
    endloop
  endfacet
  facet normal 0.555423 0 -0.831568
    outer loop
      vertex 90 0 4.86602
      vertex 89.8912 -4 4.79335
      vertex 89.8912 0 4.79335
    endloop
  endfacet
  facet normal -0.321382 0 0.94695
    outer loop
      vertex 90.7588 0 3.03407
      vertex 90.8827 -4 3.07612
      vertex 90.8827 0 3.07612
    endloop
  endfacet
  facet normal -0.321382 0 0.94695
    outer loop
      vertex 90.8827 -4 3.07612
      vertex 90.7588 0 3.03407
      vertex 90.7588 -4 3.03407
    endloop
  endfacet
  facet normal 0.997837 0 -0.0657427
    outer loop
      vertex 89.5086 -4 4.13053
      vertex 89.5 0 4
      vertex 89.5086 0 4.13053
    endloop
  endfacet
  facet normal 0.997837 0 -0.0657427
    outer loop
      vertex 89.5 0 4
      vertex 89.5086 -4 4.13053
      vertex 89.5 -4 4
    endloop
  endfacet
  facet normal -0.659489 0 -0.751714
    outer loop
      vertex 91.1088 -4 4.79335
      vertex 91.2071 0 4.70711
      vertex 91.2071 -4 4.70711
    endloop
  endfacet
  facet normal -0.659489 0 -0.751714
    outer loop
      vertex 91.2071 0 4.70711
      vertex 91.1088 -4 4.79335
      vertex 91.1088 0 4.79335
    endloop
  endfacet
  facet normal 0.195013 0 -0.980801
    outer loop
      vertex 90.2412 -4 4.96593
      vertex 90.3695 0 4.99144
      vertex 90.3695 -4 4.99144
    endloop
  endfacet
  facet normal 0.195013 0 -0.980801
    outer loop
      vertex 90.3695 0 4.99144
      vertex 90.2412 -4 4.96593
      vertex 90.2412 0 4.96593
    endloop
  endfacet
  facet normal -0.896739 0 -0.44256
    outer loop
      vertex 91.4239 -4 4.38268
      vertex 91.366 0 4.5
      vertex 91.4239 0 4.38268
    endloop
  endfacet
  facet normal -0.896739 -0 -0.44256
    outer loop
      vertex 91.366 0 4.5
      vertex 91.4239 -4 4.38268
      vertex 91.366 -4 4.5
    endloop
  endfacet
  facet normal 0.947034 0 -0.321132
    outer loop
      vertex 89.5761 -4 4.38268
      vertex 89.5341 0 4.25882
      vertex 89.5761 0 4.38268
    endloop
  endfacet
  facet normal 0.947034 0 -0.321132
    outer loop
      vertex 89.5341 0 4.25882
      vertex 89.5761 -4 4.38268
      vertex 89.5341 -4 4.25882
    endloop
  endfacet
  facet normal -0.442375 0 -0.89683
    outer loop
      vertex 90.8827 -4 4.92388
      vertex 91 0 4.86602
      vertex 91 -4 4.86602
    endloop
  endfacet
  facet normal -0.442375 0 -0.89683
    outer loop
      vertex 91 0 4.86602
      vertex 90.8827 -4 4.92388
      vertex 90.8827 0 4.92388
    endloop
  endfacet
  facet normal 0.896739 -0 0.44256
    outer loop
      vertex 89.5761 -4 3.61732
      vertex 89.634 0 3.5
      vertex 89.5761 0 3.61732
    endloop
  endfacet
  facet normal 0.896739 0 0.44256
    outer loop
      vertex 89.634 0 3.5
      vertex 89.5761 -4 3.61732
      vertex 89.634 -4 3.5
    endloop
  endfacet
  facet normal -0.321382 0 -0.94695
    outer loop
      vertex 90.7588 -4 4.96593
      vertex 90.8827 0 4.92388
      vertex 90.8827 -4 4.92388
    endloop
  endfacet
  facet normal -0.321382 0 -0.94695
    outer loop
      vertex 90.8827 0 4.92388
      vertex 90.7588 -4 4.96593
      vertex 90.7588 0 4.96593
    endloop
  endfacet
  facet normal 0.980812 -0 0.194955
    outer loop
      vertex 89.5086 -4 3.86947
      vertex 89.5341 0 3.74118
      vertex 89.5086 0 3.86947
    endloop
  endfacet
  facet normal 0.980812 0 0.194955
    outer loop
      vertex 89.5341 0 3.74118
      vertex 89.5086 -4 3.86947
      vertex 89.5341 -4 3.74118
    endloop
  endfacet
  facet normal 0.751653 0 -0.659559
    outer loop
      vertex 89.7929 -4 4.70711
      vertex 89.7066 0 4.60876
      vertex 89.7929 0 4.70711
    endloop
  endfacet
  facet normal 0.751653 0 -0.659559
    outer loop
      vertex 89.7066 0 4.60876
      vertex 89.7929 -4 4.70711
      vertex 89.7066 -4 4.60876
    endloop
  endfacet
  facet normal 0.751653 -0 0.659559
    outer loop
      vertex 89.7066 -4 3.39124
      vertex 89.7929 0 3.29289
      vertex 89.7066 0 3.39124
    endloop
  endfacet
  facet normal 0.751653 0 0.659559
    outer loop
      vertex 89.7929 0 3.29289
      vertex 89.7066 -4 3.39124
      vertex 89.7929 -4 3.29289
    endloop
  endfacet
  facet normal 0.997837 -0 0.0657427
    outer loop
      vertex 89.5 -4 4
      vertex 89.5086 0 3.86947
      vertex 89.5 0 4
    endloop
  endfacet
  facet normal 0.997837 0 0.0657427
    outer loop
      vertex 89.5086 0 3.86947
      vertex 89.5 -4 4
      vertex 89.5086 -4 3.86947
    endloop
  endfacet
  facet normal -0.751653 0 -0.659559
    outer loop
      vertex 91.2934 -4 4.60876
      vertex 91.2071 0 4.70711
      vertex 91.2934 0 4.60876
    endloop
  endfacet
  facet normal -0.751653 -0 -0.659559
    outer loop
      vertex 91.2071 0 4.70711
      vertex 91.2934 -4 4.60876
      vertex 91.2071 -4 4.70711
    endloop
  endfacet
  facet normal -0.831721 0 0.555194
    outer loop
      vertex 91.2934 -4 3.39124
      vertex 91.366 0 3.5
      vertex 91.2934 0 3.39124
    endloop
  endfacet
  facet normal -0.831721 0 0.555194
    outer loop
      vertex 91.366 0 3.5
      vertex 91.2934 -4 3.39124
      vertex 91.366 -4 3.5
    endloop
  endfacet
  facet normal -0.0653771 0 0.997861
    outer loop
      vertex 90.5 0 3
      vertex 90.6305 -4 3.00855
      vertex 90.6305 0 3.00855
    endloop
  endfacet
  facet normal -0.0653771 0 0.997861
    outer loop
      vertex 90.6305 -4 3.00855
      vertex 90.5 0 3
      vertex 90.5 -4 3
    endloop
  endfacet
  facet normal 0.0654532 0 -0.997856
    outer loop
      vertex 90.3695 -4 4.99144
      vertex 90.5 0 5
      vertex 90.5 -4 5
    endloop
  endfacet
  facet normal 0.0654532 0 -0.997856
    outer loop
      vertex 90.5 0 5
      vertex 90.3695 -4 4.99144
      vertex 90.3695 0 4.99144
    endloop
  endfacet
  facet normal 0.659489 0 0.751714
    outer loop
      vertex 89.7929 0 3.29289
      vertex 89.8912 -4 3.20665
      vertex 89.8912 0 3.20665
    endloop
  endfacet
  facet normal 0.659489 0 0.751714
    outer loop
      vertex 89.8912 -4 3.20665
      vertex 89.7929 0 3.29289
      vertex 89.7929 -4 3.29289
    endloop
  endfacet
  facet normal -0.195013 0 -0.980801
    outer loop
      vertex 90.6305 -4 4.99144
      vertex 90.7588 0 4.96593
      vertex 90.7588 -4 4.96593
    endloop
  endfacet
  facet normal -0.195013 0 -0.980801
    outer loop
      vertex 90.7588 0 4.96593
      vertex 90.6305 -4 4.99144
      vertex 90.6305 0 4.99144
    endloop
  endfacet
  facet normal -0.555476 0 0.831533
    outer loop
      vertex 91 0 3.13397
      vertex 91.1088 -4 3.20665
      vertex 91.1088 0 3.20665
    endloop
  endfacet
  facet normal -0.555476 0 0.831533
    outer loop
      vertex 91.1088 -4 3.20665
      vertex 91 0 3.13397
      vertex 91 -4 3.13397
    endloop
  endfacet
  facet normal -0.980812 0 -0.194955
    outer loop
      vertex 91.4914 -4 4.13053
      vertex 91.4659 0 4.25882
      vertex 91.4914 0 4.13053
    endloop
  endfacet
  facet normal -0.980812 -0 -0.194955
    outer loop
      vertex 91.4659 0 4.25882
      vertex 91.4914 -4 4.13053
      vertex 91.4659 -4 4.25882
    endloop
  endfacet
  facet normal 0.831721 0 -0.555194
    outer loop
      vertex 89.7066 -4 4.60876
      vertex 89.634 0 4.5
      vertex 89.7066 0 4.60876
    endloop
  endfacet
  facet normal 0.831721 0 -0.555194
    outer loop
      vertex 89.634 0 4.5
      vertex 89.7066 -4 4.60876
      vertex 89.634 -4 4.5
    endloop
  endfacet
  facet normal 0.195087 0 0.980786
    outer loop
      vertex 90.2412 0 3.03407
      vertex 90.3695 -4 3.00855
      vertex 90.3695 0 3.00855
    endloop
  endfacet
  facet normal 0.195087 0 0.980786
    outer loop
      vertex 90.3695 -4 3.00855
      vertex 90.2412 0 3.03407
      vertex 90.2412 -4 3.03407
    endloop
  endfacet
  facet normal -0.0654532 0 -0.997856
    outer loop
      vertex 90.5 -4 5
      vertex 90.6305 0 4.99144
      vertex 90.6305 -4 4.99144
    endloop
  endfacet
  facet normal -0.0654532 0 -0.997856
    outer loop
      vertex 90.6305 0 4.99144
      vertex 90.5 -4 5
      vertex 90.5 0 5
    endloop
  endfacet
  facet normal 0.980812 0 -0.194955
    outer loop
      vertex 89.5341 -4 4.25882
      vertex 89.5086 0 4.13053
      vertex 89.5341 0 4.25882
    endloop
  endfacet
  facet normal 0.980812 0 -0.194955
    outer loop
      vertex 89.5086 0 4.13053
      vertex 89.5341 -4 4.25882
      vertex 89.5086 -4 4.13053
    endloop
  endfacet
  facet normal -0.442314 0 0.89686
    outer loop
      vertex 90.8827 0 3.07612
      vertex 91 -4 3.13397
      vertex 91 0 3.13397
    endloop
  endfacet
  facet normal -0.442314 0 0.89686
    outer loop
      vertex 91 -4 3.13397
      vertex 90.8827 0 3.07612
      vertex 90.8827 -4 3.07612
    endloop
  endfacet
  facet normal -0.555423 0 -0.831568
    outer loop
      vertex 91 -4 4.86602
      vertex 91.1088 0 4.79335
      vertex 91.1088 -4 4.79335
    endloop
  endfacet
  facet normal -0.555423 0 -0.831568
    outer loop
      vertex 91.1088 0 4.79335
      vertex 91 -4 4.86602
      vertex 91 0 4.86602
    endloop
  endfacet
  facet normal 0.659489 0 -0.751714
    outer loop
      vertex 89.7929 -4 4.70711
      vertex 89.8912 0 4.79335
      vertex 89.8912 -4 4.79335
    endloop
  endfacet
  facet normal 0.659489 0 -0.751714
    outer loop
      vertex 89.8912 0 4.79335
      vertex 89.7929 -4 4.70711
      vertex 89.7929 0 4.70711
    endloop
  endfacet
  facet normal 0.0653771 0 0.997861
    outer loop
      vertex 90.3695 0 3.00855
      vertex 90.5 -4 3
      vertex 90.5 0 3
    endloop
  endfacet
  facet normal 0.0653771 0 0.997861
    outer loop
      vertex 90.5 -4 3
      vertex 90.3695 0 3.00855
      vertex 90.3695 -4 3.00855
    endloop
  endfacet
  facet normal -0.831721 0 -0.555194
    outer loop
      vertex 91.366 -4 4.5
      vertex 91.2934 0 4.60876
      vertex 91.366 0 4.5
    endloop
  endfacet
  facet normal -0.831721 -0 -0.555194
    outer loop
      vertex 91.2934 0 4.60876
      vertex 91.366 -4 4.5
      vertex 91.2934 -4 4.60876
    endloop
  endfacet
  facet normal -0.195087 0 0.980786
    outer loop
      vertex 90.6305 0 3.00855
      vertex 90.7588 -4 3.03407
      vertex 90.7588 0 3.03407
    endloop
  endfacet
  facet normal -0.195087 0 0.980786
    outer loop
      vertex 90.7588 -4 3.03407
      vertex 90.6305 0 3.00855
      vertex 90.6305 -4 3.00855
    endloop
  endfacet
  facet normal -0.751653 0 0.659559
    outer loop
      vertex 91.2071 -4 3.29289
      vertex 91.2934 0 3.39124
      vertex 91.2071 0 3.29289
    endloop
  endfacet
  facet normal -0.751653 0 0.659559
    outer loop
      vertex 91.2934 0 3.39124
      vertex 91.2071 -4 3.29289
      vertex 91.2934 -4 3.39124
    endloop
  endfacet
  facet normal -0.947034 0 0.321132
    outer loop
      vertex 91.4239 -4 3.61732
      vertex 91.4659 0 3.74118
      vertex 91.4239 0 3.61732
    endloop
  endfacet
  facet normal -0.947034 0 0.321132
    outer loop
      vertex 91.4659 0 3.74118
      vertex 91.4239 -4 3.61732
      vertex 91.4659 -4 3.74118
    endloop
  endfacet
  facet normal 0.442314 0 0.89686
    outer loop
      vertex 90 0 3.13397
      vertex 90.1173 -4 3.07612
      vertex 90.1173 0 3.07612
    endloop
  endfacet
  facet normal 0.442314 0 0.89686
    outer loop
      vertex 90.1173 -4 3.07612
      vertex 90 0 3.13397
      vertex 90 -4 3.13397
    endloop
  endfacet
  facet normal 0.321382 0 0.94695
    outer loop
      vertex 90.1173 0 3.07612
      vertex 90.2412 -4 3.03407
      vertex 90.2412 0 3.03407
    endloop
  endfacet
  facet normal 0.321382 0 0.94695
    outer loop
      vertex 90.2412 -4 3.03407
      vertex 90.1173 0 3.07612
      vertex 90.1173 -4 3.07612
    endloop
  endfacet
  facet normal 0.442375 0 -0.89683
    outer loop
      vertex 90 -4 4.86602
      vertex 90.1173 0 4.92388
      vertex 90.1173 -4 4.92388
    endloop
  endfacet
  facet normal 0.442375 0 -0.89683
    outer loop
      vertex 90.1173 0 4.92388
      vertex 90 -4 4.86602
      vertex 90 0 4.86602
    endloop
  endfacet
  facet normal 0.947034 -0 0.321132
    outer loop
      vertex 89.5341 -4 3.74118
      vertex 89.5761 0 3.61732
      vertex 89.5341 0 3.74118
    endloop
  endfacet
  facet normal 0.947034 0 0.321132
    outer loop
      vertex 89.5761 0 3.61732
      vertex 89.5341 -4 3.74118
      vertex 89.5761 -4 3.61732
    endloop
  endfacet
  facet normal 0.831721 -0 0.555194
    outer loop
      vertex 89.634 -4 3.5
      vertex 89.7066 0 3.39124
      vertex 89.634 0 3.5
    endloop
  endfacet
  facet normal 0.831721 0 0.555194
    outer loop
      vertex 89.7066 0 3.39124
      vertex 89.634 -4 3.5
      vertex 89.7066 -4 3.39124
    endloop
  endfacet
  facet normal 0.321382 0 -0.94695
    outer loop
      vertex 90.1173 -4 4.92388
      vertex 90.2412 0 4.96593
      vertex 90.2412 -4 4.96593
    endloop
  endfacet
  facet normal 0.321382 0 -0.94695
    outer loop
      vertex 90.2412 0 4.96593
      vertex 90.1173 -4 4.92388
      vertex 90.1173 0 4.92388
    endloop
  endfacet
  facet normal 0.554771 0 0.832003
    outer loop
      vertex 149.891 0 3.20665
      vertex 150 -4 3.13397
      vertex 150 0 3.13397
    endloop
  endfacet
  facet normal 0.554771 0 0.832003
    outer loop
      vertex 150 -4 3.13397
      vertex 149.891 0 3.20665
      vertex 149.891 -4 3.20665
    endloop
  endfacet
  facet normal -0.981537 0 0.191273
    outer loop
      vertex 151.466 -4 3.74118
      vertex 151.491 0 3.86947
      vertex 151.466 0 3.74118
    endloop
  endfacet
  facet normal -0.981537 0 0.191273
    outer loop
      vertex 151.491 0 3.86947
      vertex 151.466 -4 3.74118
      vertex 151.491 -4 3.86947
    endloop
  endfacet
  facet normal -0.997631 0 0.0687864
    outer loop
      vertex 151.491 -4 3.86947
      vertex 151.5 0 4
      vertex 151.491 0 3.86947
    endloop
  endfacet
  facet normal -0.997631 0 0.0687864
    outer loop
      vertex 151.5 0 4
      vertex 151.491 -4 3.86947
      vertex 151.5 -4 4
    endloop
  endfacet
  facet normal 0.896435 0 -0.443175
    outer loop
      vertex 149.634 -4 4.5
      vertex 149.576 0 4.38268
      vertex 149.634 0 4.5
    endloop
  endfacet
  facet normal 0.896435 0 -0.443175
    outer loop
      vertex 149.576 0 4.38268
      vertex 149.634 -4 4.5
      vertex 149.576 -4 4.38268
    endloop
  endfacet
  facet normal -0.947034 0 -0.321132
    outer loop
      vertex 151.466 -4 4.25882
      vertex 151.424 0 4.38268
      vertex 151.466 0 4.25882
    endloop
  endfacet
  facet normal -0.947034 -0 -0.321132
    outer loop
      vertex 151.424 0 4.38268
      vertex 151.466 -4 4.25882
      vertex 151.424 -4 4.38268
    endloop
  endfacet
  facet normal -0.997631 0 -0.0687864
    outer loop
      vertex 151.5 -4 4
      vertex 151.491 0 4.13053
      vertex 151.5 0 4
    endloop
  endfacet
  facet normal -0.997631 -0 -0.0687864
    outer loop
      vertex 151.491 0 4.13053
      vertex 151.5 -4 4
      vertex 151.491 -4 4.13053
    endloop
  endfacet
  facet normal -0.896435 0 0.443175
    outer loop
      vertex 151.366 -4 3.5
      vertex 151.424 0 3.61732
      vertex 151.366 0 3.5
    endloop
  endfacet
  facet normal -0.896435 0 0.443175
    outer loop
      vertex 151.424 0 3.61732
      vertex 151.366 -4 3.5
      vertex 151.424 -4 3.61732
    endloop
  endfacet
  facet normal -0.660628 0 0.750714
    outer loop
      vertex 151.109 0 3.20665
      vertex 151.207 -4 3.29289
      vertex 151.207 0 3.29289
    endloop
  endfacet
  facet normal -0.660628 0 0.750714
    outer loop
      vertex 151.207 -4 3.29289
      vertex 151.109 0 3.20665
      vertex 151.109 -4 3.20665
    endloop
  endfacet
  facet normal 0.554718 0 -0.832039
    outer loop
      vertex 149.891 -4 4.79335
      vertex 150 0 4.86602
      vertex 150 -4 4.86602
    endloop
  endfacet
  facet normal 0.554718 0 -0.832039
    outer loop
      vertex 150 0 4.86602
      vertex 149.891 -4 4.79335
      vertex 149.891 0 4.79335
    endloop
  endfacet
  facet normal -0.32115 0 0.947028
    outer loop
      vertex 150.759 0 3.03407
      vertex 150.883 -4 3.07612
      vertex 150.883 0 3.07612
    endloop
  endfacet
  facet normal -0.32115 0 0.947028
    outer loop
      vertex 150.883 -4 3.07612
      vertex 150.759 0 3.03407
      vertex 150.759 -4 3.03407
    endloop
  endfacet
  facet normal 0.997631 0 -0.0687864
    outer loop
      vertex 149.509 -4 4.13053
      vertex 149.5 0 4
      vertex 149.509 0 4.13053
    endloop
  endfacet
  facet normal 0.997631 0 -0.0687864
    outer loop
      vertex 149.5 0 4
      vertex 149.509 -4 4.13053
      vertex 149.5 -4 4
    endloop
  endfacet
  facet normal -0.660628 0 -0.750714
    outer loop
      vertex 151.109 -4 4.79335
      vertex 151.207 0 4.70711
      vertex 151.207 -4 4.70711
    endloop
  endfacet
  facet normal -0.660628 0 -0.750714
    outer loop
      vertex 151.207 0 4.70711
      vertex 151.109 -4 4.79335
      vertex 151.109 0 4.79335
    endloop
  endfacet
  facet normal 0.195453 0 -0.980713
    outer loop
      vertex 150.241 -4 4.96593
      vertex 150.369 0 4.99144
      vertex 150.369 -4 4.99144
    endloop
  endfacet
  facet normal 0.195453 0 -0.980713
    outer loop
      vertex 150.369 0 4.99144
      vertex 150.241 -4 4.96593
      vertex 150.241 0 4.96593
    endloop
  endfacet
  facet normal -0.896435 0 -0.443175
    outer loop
      vertex 151.424 -4 4.38268
      vertex 151.366 0 4.5
      vertex 151.424 0 4.38268
    endloop
  endfacet
  facet normal -0.896435 -0 -0.443175
    outer loop
      vertex 151.366 0 4.5
      vertex 151.424 -4 4.38268
      vertex 151.366 -4 4.5
    endloop
  endfacet
  facet normal 0.947034 0 -0.321132
    outer loop
      vertex 149.576 -4 4.38268
      vertex 149.534 0 4.25882
      vertex 149.576 0 4.38268
    endloop
  endfacet
  facet normal 0.947034 0 -0.321132
    outer loop
      vertex 149.534 0 4.25882
      vertex 149.576 -4 4.38268
      vertex 149.534 -4 4.25882
    endloop
  endfacet
  facet normal -0.443287 0 -0.89638
    outer loop
      vertex 150.883 -4 4.92388
      vertex 151 0 4.86602
      vertex 151 -4 4.86602
    endloop
  endfacet
  facet normal -0.443287 0 -0.89638
    outer loop
      vertex 151 0 4.86602
      vertex 150.883 -4 4.92388
      vertex 150.883 0 4.92388
    endloop
  endfacet
  facet normal 0.896435 -0 0.443175
    outer loop
      vertex 149.576 -4 3.61732
      vertex 149.634 0 3.5
      vertex 149.576 0 3.61732
    endloop
  endfacet
  facet normal 0.896435 0 0.443175
    outer loop
      vertex 149.634 0 3.5
      vertex 149.576 -4 3.61732
      vertex 149.634 -4 3.5
    endloop
  endfacet
  facet normal -0.32115 0 -0.947028
    outer loop
      vertex 150.759 -4 4.96593
      vertex 150.883 0 4.92388
      vertex 150.883 -4 4.92388
    endloop
  endfacet
  facet normal -0.32115 0 -0.947028
    outer loop
      vertex 150.883 0 4.92388
      vertex 150.759 -4 4.96593
      vertex 150.759 0 4.96593
    endloop
  endfacet
  facet normal 0.981537 -0 0.191273
    outer loop
      vertex 149.509 -4 3.86947
      vertex 149.534 0 3.74118
      vertex 149.509 0 3.86947
    endloop
  endfacet
  facet normal 0.981537 0 0.191273
    outer loop
      vertex 149.534 0 3.74118
      vertex 149.509 -4 3.86947
      vertex 149.534 -4 3.74118
    endloop
  endfacet
  facet normal 0.75279 0 -0.658261
    outer loop
      vertex 149.793 -4 4.70711
      vertex 149.707 0 4.60876
      vertex 149.793 0 4.70711
    endloop
  endfacet
  facet normal 0.75279 0 -0.658261
    outer loop
      vertex 149.707 0 4.60876
      vertex 149.793 -4 4.70711
      vertex 149.707 -4 4.60876
    endloop
  endfacet
  facet normal 0.75279 -0 0.658261
    outer loop
      vertex 149.707 -4 3.39124
      vertex 149.793 0 3.29289
      vertex 149.707 0 3.39124
    endloop
  endfacet
  facet normal 0.75279 0 0.658261
    outer loop
      vertex 149.793 0 3.29289
      vertex 149.707 -4 3.39124
      vertex 149.793 -4 3.29289
    endloop
  endfacet
  facet normal 0.997631 -0 0.0687864
    outer loop
      vertex 149.5 -4 4
      vertex 149.509 0 3.86947
      vertex 149.5 0 4
    endloop
  endfacet
  facet normal 0.997631 0 0.0687864
    outer loop
      vertex 149.509 0 3.86947
      vertex 149.5 -4 4
      vertex 149.509 -4 3.86947
    endloop
  endfacet
  facet normal -0.75279 0 -0.658261
    outer loop
      vertex 151.293 -4 4.60876
      vertex 151.207 0 4.70711
      vertex 151.293 0 4.60876
    endloop
  endfacet
  facet normal -0.75279 -0 -0.658261
    outer loop
      vertex 151.207 0 4.70711
      vertex 151.293 -4 4.60876
      vertex 151.207 -4 4.70711
    endloop
  endfacet
  facet normal -0.830308 0 0.557305
    outer loop
      vertex 151.293 -4 3.39124
      vertex 151.366 0 3.5
      vertex 151.293 0 3.39124
    endloop
  endfacet
  facet normal -0.830308 0 0.557305
    outer loop
      vertex 151.366 0 3.5
      vertex 151.293 -4 3.39124
      vertex 151.366 -4 3.5
    endloop
  endfacet
  facet normal -0.0651286 0 0.997877
    outer loop
      vertex 150.5 0 3
      vertex 150.631 -4 3.00855
      vertex 150.631 0 3.00855
    endloop
  endfacet
  facet normal -0.0651286 0 0.997877
    outer loop
      vertex 150.631 -4 3.00855
      vertex 150.5 0 3
      vertex 150.5 -4 3
    endloop
  endfacet
  facet normal 0.0652045 0 -0.997872
    outer loop
      vertex 150.369 -4 4.99144
      vertex 150.5 0 5
      vertex 150.5 -4 5
    endloop
  endfacet
  facet normal 0.0652045 0 -0.997872
    outer loop
      vertex 150.5 0 5
      vertex 150.369 -4 4.99144
      vertex 150.369 0 4.99144
    endloop
  endfacet
  facet normal 0.660628 0 0.750714
    outer loop
      vertex 149.793 0 3.29289
      vertex 149.891 -4 3.20665
      vertex 149.891 0 3.20665
    endloop
  endfacet
  facet normal 0.660628 0 0.750714
    outer loop
      vertex 149.891 -4 3.20665
      vertex 149.793 0 3.29289
      vertex 149.793 -4 3.29289
    endloop
  endfacet
  facet normal -0.195453 0 -0.980713
    outer loop
      vertex 150.631 -4 4.99144
      vertex 150.759 0 4.96593
      vertex 150.759 -4 4.96593
    endloop
  endfacet
  facet normal -0.195453 0 -0.980713
    outer loop
      vertex 150.759 0 4.96593
      vertex 150.631 -4 4.99144
      vertex 150.631 0 4.99144
    endloop
  endfacet
  facet normal -0.554771 0 0.832003
    outer loop
      vertex 151 0 3.13397
      vertex 151.109 -4 3.20665
      vertex 151.109 0 3.20665
    endloop
  endfacet
  facet normal -0.554771 0 0.832003
    outer loop
      vertex 151.109 -4 3.20665
      vertex 151 0 3.13397
      vertex 151 -4 3.13397
    endloop
  endfacet
  facet normal -0.981537 0 -0.191273
    outer loop
      vertex 151.491 -4 4.13053
      vertex 151.466 0 4.25882
      vertex 151.491 0 4.13053
    endloop
  endfacet
  facet normal -0.981537 -0 -0.191273
    outer loop
      vertex 151.466 0 4.25882
      vertex 151.491 -4 4.13053
      vertex 151.466 -4 4.25882
    endloop
  endfacet
  facet normal 0.830308 0 -0.557305
    outer loop
      vertex 149.707 -4 4.60876
      vertex 149.634 0 4.5
      vertex 149.707 0 4.60876
    endloop
  endfacet
  facet normal 0.830308 0 -0.557305
    outer loop
      vertex 149.634 0 4.5
      vertex 149.707 -4 4.60876
      vertex 149.634 -4 4.5
    endloop
  endfacet
  facet normal 0.195527 0 0.980698
    outer loop
      vertex 150.241 0 3.03407
      vertex 150.369 -4 3.00855
      vertex 150.369 0 3.00855
    endloop
  endfacet
  facet normal 0.195527 0 0.980698
    outer loop
      vertex 150.369 -4 3.00855
      vertex 150.241 0 3.03407
      vertex 150.241 -4 3.03407
    endloop
  endfacet
  facet normal -0.0652045 0 -0.997872
    outer loop
      vertex 150.5 -4 5
      vertex 150.631 0 4.99144
      vertex 150.631 -4 4.99144
    endloop
  endfacet
  facet normal -0.0652045 0 -0.997872
    outer loop
      vertex 150.631 0 4.99144
      vertex 150.5 -4 5
      vertex 150.5 0 5
    endloop
  endfacet
  facet normal 0.981537 0 -0.191273
    outer loop
      vertex 149.534 -4 4.25882
      vertex 149.509 0 4.13053
      vertex 149.534 0 4.25882
    endloop
  endfacet
  facet normal 0.981537 0 -0.191273
    outer loop
      vertex 149.509 0 4.13053
      vertex 149.534 -4 4.25882
      vertex 149.509 -4 4.13053
    endloop
  endfacet
  facet normal -0.443225 0 0.89641
    outer loop
      vertex 150.883 0 3.07612
      vertex 151 -4 3.13397
      vertex 151 0 3.13397
    endloop
  endfacet
  facet normal -0.443225 0 0.89641
    outer loop
      vertex 151 -4 3.13397
      vertex 150.883 0 3.07612
      vertex 150.883 -4 3.07612
    endloop
  endfacet
  facet normal -0.554718 0 -0.832039
    outer loop
      vertex 151 -4 4.86602
      vertex 151.109 0 4.79335
      vertex 151.109 -4 4.79335
    endloop
  endfacet
  facet normal -0.554718 0 -0.832039
    outer loop
      vertex 151.109 0 4.79335
      vertex 151 -4 4.86602
      vertex 151 0 4.86602
    endloop
  endfacet
  facet normal 0.660628 0 -0.750714
    outer loop
      vertex 149.793 -4 4.70711
      vertex 149.891 0 4.79335
      vertex 149.891 -4 4.79335
    endloop
  endfacet
  facet normal 0.660628 0 -0.750714
    outer loop
      vertex 149.891 0 4.79335
      vertex 149.793 -4 4.70711
      vertex 149.793 0 4.70711
    endloop
  endfacet
  facet normal 0.0651286 0 0.997877
    outer loop
      vertex 150.369 0 3.00855
      vertex 150.5 -4 3
      vertex 150.5 0 3
    endloop
  endfacet
  facet normal 0.0651286 0 0.997877
    outer loop
      vertex 150.5 -4 3
      vertex 150.369 0 3.00855
      vertex 150.369 -4 3.00855
    endloop
  endfacet
  facet normal -0.830308 0 -0.557305
    outer loop
      vertex 151.366 -4 4.5
      vertex 151.293 0 4.60876
      vertex 151.366 0 4.5
    endloop
  endfacet
  facet normal -0.830308 -0 -0.557305
    outer loop
      vertex 151.293 0 4.60876
      vertex 151.366 -4 4.5
      vertex 151.293 -4 4.60876
    endloop
  endfacet
  facet normal -0.195527 0 0.980698
    outer loop
      vertex 150.631 0 3.00855
      vertex 150.759 -4 3.03407
      vertex 150.759 0 3.03407
    endloop
  endfacet
  facet normal -0.195527 0 0.980698
    outer loop
      vertex 150.759 -4 3.03407
      vertex 150.631 0 3.00855
      vertex 150.631 -4 3.00855
    endloop
  endfacet
  facet normal -0.75279 0 0.658261
    outer loop
      vertex 151.207 -4 3.29289
      vertex 151.293 0 3.39124
      vertex 151.207 0 3.29289
    endloop
  endfacet
  facet normal -0.75279 0 0.658261
    outer loop
      vertex 151.293 0 3.39124
      vertex 151.207 -4 3.29289
      vertex 151.293 -4 3.39124
    endloop
  endfacet
  facet normal -0.947034 0 0.321132
    outer loop
      vertex 151.424 -4 3.61732
      vertex 151.466 0 3.74118
      vertex 151.424 0 3.61732
    endloop
  endfacet
  facet normal -0.947034 0 0.321132
    outer loop
      vertex 151.466 0 3.74118
      vertex 151.424 -4 3.61732
      vertex 151.466 -4 3.74118
    endloop
  endfacet
  facet normal 0.443225 0 0.89641
    outer loop
      vertex 150 0 3.13397
      vertex 150.117 -4 3.07612
      vertex 150.117 0 3.07612
    endloop
  endfacet
  facet normal 0.443225 0 0.89641
    outer loop
      vertex 150.117 -4 3.07612
      vertex 150 0 3.13397
      vertex 150 -4 3.13397
    endloop
  endfacet
  facet normal 0.32115 0 0.947028
    outer loop
      vertex 150.117 0 3.07612
      vertex 150.241 -4 3.03407
      vertex 150.241 0 3.03407
    endloop
  endfacet
  facet normal 0.32115 0 0.947028
    outer loop
      vertex 150.241 -4 3.03407
      vertex 150.117 0 3.07612
      vertex 150.117 -4 3.07612
    endloop
  endfacet
  facet normal 0.443287 0 -0.89638
    outer loop
      vertex 150 -4 4.86602
      vertex 150.117 0 4.92388
      vertex 150.117 -4 4.92388
    endloop
  endfacet
  facet normal 0.443287 0 -0.89638
    outer loop
      vertex 150.117 0 4.92388
      vertex 150 -4 4.86602
      vertex 150 0 4.86602
    endloop
  endfacet
  facet normal 0.947034 -0 0.321132
    outer loop
      vertex 149.534 -4 3.74118
      vertex 149.576 0 3.61732
      vertex 149.534 0 3.74118
    endloop
  endfacet
  facet normal 0.947034 0 0.321132
    outer loop
      vertex 149.576 0 3.61732
      vertex 149.534 -4 3.74118
      vertex 149.576 -4 3.61732
    endloop
  endfacet
  facet normal 0.830308 -0 0.557305
    outer loop
      vertex 149.634 -4 3.5
      vertex 149.707 0 3.39124
      vertex 149.634 0 3.5
    endloop
  endfacet
  facet normal 0.830308 0 0.557305
    outer loop
      vertex 149.707 0 3.39124
      vertex 149.634 -4 3.5
      vertex 149.707 -4 3.39124
    endloop
  endfacet
  facet normal 0.32115 0 -0.947028
    outer loop
      vertex 150.117 -4 4.92388
      vertex 150.241 0 4.96593
      vertex 150.241 -4 4.96593
    endloop
  endfacet
  facet normal 0.32115 0 -0.947028
    outer loop
      vertex 150.241 0 4.96593
      vertex 150.117 -4 4.92388
      vertex 150.117 0 4.92388
    endloop
  endfacet
  facet normal -0 0 1
    outer loop
      vertex 45 0 174
      vertex 196 -4 174
      vertex 196 0 174
    endloop
  endfacet
  facet normal 0 0 1
    outer loop
      vertex 196 -4 174
      vertex 45 0 174
      vertex 45 -4 174
    endloop
  endfacet
  facet normal 0 0 -1
    outer loop
      vertex 45 -4 166
      vertex 196 0 166
      vertex 196 -4 166
    endloop
  endfacet
  facet normal -0 0 -1
    outer loop
      vertex 196 0 166
      vertex 45 -4 166
      vertex 45 0 166
    endloop
  endfacet
  facet normal 0.557164 0 0.830403
    outer loop
      vertex 89.8912 0 169.207
      vertex 90 -4 169.134
      vertex 90 0 169.134
    endloop
  endfacet
  facet normal 0.557164 0 0.830403
    outer loop
      vertex 90 -4 169.134
      vertex 89.8912 0 169.207
      vertex 89.8912 -4 169.207
    endloop
  endfacet
  facet normal -0.980728 0 0.195379
    outer loop
      vertex 91.4659 -4 169.741
      vertex 91.4914 0 169.869
      vertex 91.4659 0 169.741
    endloop
  endfacet
  facet normal -0.980728 0 0.195379
    outer loop
      vertex 91.4914 0 169.869
      vertex 91.4659 -4 169.741
      vertex 91.4914 -4 169.869
    endloop
  endfacet
  facet normal -0.997852 0 0.0655078
    outer loop
      vertex 91.4914 -4 169.869
      vertex 91.5 0 170
      vertex 91.4914 0 169.869
    endloop
  endfacet
  facet normal -0.997852 0 0.0655078
    outer loop
      vertex 91.5 0 170
      vertex 91.4914 -4 169.869
      vertex 91.5 -4 170
    endloop
  endfacet
  facet normal 0.896258 0 -0.443533
    outer loop
      vertex 89.634 -4 170.5
      vertex 89.5761 0 170.383
      vertex 89.634 0 170.5
    endloop
  endfacet
  facet normal 0.896258 0 -0.443533
    outer loop
      vertex 89.5761 0 170.383
      vertex 89.634 -4 170.5
      vertex 89.5761 -4 170.383
    endloop
  endfacet
  facet normal -0.947145 0 -0.320807
    outer loop
      vertex 91.4659 -4 170.259
      vertex 91.4239 0 170.383
      vertex 91.4659 0 170.259
    endloop
  endfacet
  facet normal -0.947145 -0 -0.320807
    outer loop
      vertex 91.4239 0 170.383
      vertex 91.4659 -4 170.259
      vertex 91.4239 -4 170.383
    endloop
  endfacet
  facet normal -0.997852 0 -0.0655078
    outer loop
      vertex 91.5 -4 170
      vertex 91.4914 0 170.131
      vertex 91.5 0 170
    endloop
  endfacet
  facet normal -0.997852 -0 -0.0655078
    outer loop
      vertex 91.4914 0 170.131
      vertex 91.5 -4 170
      vertex 91.4914 -4 170.131
    endloop
  endfacet
  facet normal -0.896258 0 0.443533
    outer loop
      vertex 91.366 -4 169.5
      vertex 91.4239 0 169.617
      vertex 91.366 0 169.5
    endloop
  endfacet
  facet normal -0.896258 0 0.443533
    outer loop
      vertex 91.4239 0 169.617
      vertex 91.366 -4 169.5
      vertex 91.4239 -4 169.617
    endloop
  endfacet
  facet normal -0.65845 0 0.752624
    outer loop
      vertex 91.1088 0 169.207
      vertex 91.2071 -4 169.293
      vertex 91.2071 0 169.293
    endloop
  endfacet
  facet normal -0.65845 0 0.752624
    outer loop
      vertex 91.2071 -4 169.293
      vertex 91.1088 0 169.207
      vertex 91.1088 -4 169.207
    endloop
  endfacet
  facet normal 0.557164 0 -0.830403
    outer loop
      vertex 89.8912 -4 170.793
      vertex 90 0 170.866
      vertex 90 -4 170.866
    endloop
  endfacet
  facet normal 0.557164 0 -0.830403
    outer loop
      vertex 90 0 170.866
      vertex 89.8912 -4 170.793
      vertex 89.8912 0 170.793
    endloop
  endfacet
  facet normal -0.321039 0 0.947066
    outer loop
      vertex 90.7588 0 169.034
      vertex 90.8827 -4 169.076
      vertex 90.8827 0 169.076
    endloop
  endfacet
  facet normal -0.321039 0 0.947066
    outer loop
      vertex 90.8827 -4 169.076
      vertex 90.7588 0 169.034
      vertex 90.7588 -4 169.034
    endloop
  endfacet
  facet normal 0.997852 0 -0.0655078
    outer loop
      vertex 89.5086 -4 170.131
      vertex 89.5 0 170
      vertex 89.5086 0 170.131
    endloop
  endfacet
  facet normal 0.997852 0 -0.0655078
    outer loop
      vertex 89.5 0 170
      vertex 89.5086 -4 170.131
      vertex 89.5 -4 170
    endloop
  endfacet
  facet normal 0.191259 0 -0.98154
    outer loop
      vertex 90.2412 -4 170.966
      vertex 90.3695 0 170.991
      vertex 90.3695 -4 170.991
    endloop
  endfacet
  facet normal 0.191259 0 -0.98154
    outer loop
      vertex 90.3695 0 170.991
      vertex 90.2412 -4 170.966
      vertex 90.2412 0 170.966
    endloop
  endfacet
  facet normal -0.896258 0 -0.443533
    outer loop
      vertex 91.4239 -4 170.383
      vertex 91.366 0 170.5
      vertex 91.4239 0 170.383
    endloop
  endfacet
  facet normal -0.896258 -0 -0.443533
    outer loop
      vertex 91.366 0 170.5
      vertex 91.4239 -4 170.383
      vertex 91.366 -4 170.5
    endloop
  endfacet
  facet normal 0.947145 0 -0.320807
    outer loop
      vertex 89.5761 -4 170.383
      vertex 89.5341 0 170.259
      vertex 89.5761 0 170.383
    endloop
  endfacet
  facet normal 0.947145 0 -0.320807
    outer loop
      vertex 89.5341 0 170.259
      vertex 89.5761 -4 170.383
      vertex 89.5341 -4 170.259
    endloop
  endfacet
  facet normal -0.443235 0 -0.896405
    outer loop
      vertex 90.8827 -4 170.924
      vertex 91 0 170.866
      vertex 91 -4 170.866
    endloop
  endfacet
  facet normal -0.443235 0 -0.896405
    outer loop
      vertex 91 0 170.866
      vertex 90.8827 -4 170.924
      vertex 90.8827 0 170.924
    endloop
  endfacet
  facet normal 0.896258 -0 0.443533
    outer loop
      vertex 89.5761 -4 169.617
      vertex 89.634 0 169.5
      vertex 89.5761 0 169.617
    endloop
  endfacet
  facet normal 0.896258 0 0.443533
    outer loop
      vertex 89.634 0 169.5
      vertex 89.5761 -4 169.617
      vertex 89.634 -4 169.5
    endloop
  endfacet
  facet normal -0.321039 0 -0.947066
    outer loop
      vertex 90.7588 -4 170.966
      vertex 90.8827 0 170.924
      vertex 90.8827 -4 170.924
    endloop
  endfacet
  facet normal -0.321039 0 -0.947066
    outer loop
      vertex 90.8827 0 170.924
      vertex 90.7588 -4 170.966
      vertex 90.7588 0 170.966
    endloop
  endfacet
  facet normal 0.980728 -0 0.195379
    outer loop
      vertex 89.5086 -4 169.869
      vertex 89.5341 0 169.741
      vertex 89.5086 0 169.869
    endloop
  endfacet
  facet normal 0.980728 0 0.195379
    outer loop
      vertex 89.5341 0 169.741
      vertex 89.5086 -4 169.869
      vertex 89.5341 -4 169.741
    endloop
  endfacet
  facet normal 0.750486 0 -0.660887
    outer loop
      vertex 89.7929 -4 170.707
      vertex 89.7066 0 170.609
      vertex 89.7929 0 170.707
    endloop
  endfacet
  facet normal 0.750486 0 -0.660887
    outer loop
      vertex 89.7066 0 170.609
      vertex 89.7929 -4 170.707
      vertex 89.7066 -4 170.609
    endloop
  endfacet
  facet normal 0.750486 -0 0.660887
    outer loop
      vertex 89.7066 -4 169.391
      vertex 89.7929 0 169.293
      vertex 89.7066 0 169.391
    endloop
  endfacet
  facet normal 0.750486 0 0.660887
    outer loop
      vertex 89.7929 0 169.293
      vertex 89.7066 -4 169.391
      vertex 89.7929 -4 169.293
    endloop
  endfacet
  facet normal 0.997852 -0 0.0655078
    outer loop
      vertex 89.5 -4 170
      vertex 89.5086 0 169.869
      vertex 89.5 0 170
    endloop
  endfacet
  facet normal 0.997852 0 0.0655078
    outer loop
      vertex 89.5086 0 169.869
      vertex 89.5 -4 170
      vertex 89.5086 -4 169.869
    endloop
  endfacet
  facet normal -0.750486 0 -0.660887
    outer loop
      vertex 91.2934 -4 170.609
      vertex 91.2071 0 170.707
      vertex 91.2934 0 170.609
    endloop
  endfacet
  facet normal -0.750486 -0 -0.660887
    outer loop
      vertex 91.2071 0 170.707
      vertex 91.2934 -4 170.609
      vertex 91.2071 -4 170.707
    endloop
  endfacet
  facet normal -0.832285 0 0.554348
    outer loop
      vertex 91.2934 -4 169.391
      vertex 91.366 0 169.5
      vertex 91.2934 0 169.391
    endloop
  endfacet
  facet normal -0.832285 0 0.554348
    outer loop
      vertex 91.366 0 169.5
      vertex 91.2934 -4 169.391
      vertex 91.366 -4 169.5
    endloop
  endfacet
  facet normal -0.0688021 0 0.99763
    outer loop
      vertex 90.5 0 169
      vertex 90.6305 -4 169.009
      vertex 90.6305 0 169.009
    endloop
  endfacet
  facet normal -0.0688021 0 0.99763
    outer loop
      vertex 90.6305 -4 169.009
      vertex 90.5 0 169
      vertex 90.5 -4 169
    endloop
  endfacet
  facet normal 0.0688021 0 -0.99763
    outer loop
      vertex 90.3695 -4 170.991
      vertex 90.5 0 171
      vertex 90.5 -4 171
    endloop
  endfacet
  facet normal 0.0688021 0 -0.99763
    outer loop
      vertex 90.5 0 171
      vertex 90.3695 -4 170.991
      vertex 90.3695 0 170.991
    endloop
  endfacet
  facet normal 0.65845 0 0.752624
    outer loop
      vertex 89.7929 0 169.293
      vertex 89.8912 -4 169.207
      vertex 89.8912 0 169.207
    endloop
  endfacet
  facet normal 0.65845 0 0.752624
    outer loop
      vertex 89.8912 -4 169.207
      vertex 89.7929 0 169.293
      vertex 89.7929 -4 169.293
    endloop
  endfacet
  facet normal -0.191259 0 -0.98154
    outer loop
      vertex 90.6305 -4 170.991
      vertex 90.7588 0 170.966
      vertex 90.7588 -4 170.966
    endloop
  endfacet
  facet normal -0.191259 0 -0.98154
    outer loop
      vertex 90.7588 0 170.966
      vertex 90.6305 -4 170.991
      vertex 90.6305 0 170.991
    endloop
  endfacet
  facet normal -0.557164 0 0.830403
    outer loop
      vertex 91 0 169.134
      vertex 91.1088 -4 169.207
      vertex 91.1088 0 169.207
    endloop
  endfacet
  facet normal -0.557164 0 0.830403
    outer loop
      vertex 91.1088 -4 169.207
      vertex 91 0 169.134
      vertex 91 -4 169.134
    endloop
  endfacet
  facet normal -0.980728 0 -0.195379
    outer loop
      vertex 91.4914 -4 170.131
      vertex 91.4659 0 170.259
      vertex 91.4914 0 170.131
    endloop
  endfacet
  facet normal -0.980728 -0 -0.195379
    outer loop
      vertex 91.4659 0 170.259
      vertex 91.4914 -4 170.131
      vertex 91.4659 -4 170.259
    endloop
  endfacet
  facet normal 0.832285 0 -0.554348
    outer loop
      vertex 89.7066 -4 170.609
      vertex 89.634 0 170.5
      vertex 89.7066 0 170.609
    endloop
  endfacet
  facet normal 0.832285 0 -0.554348
    outer loop
      vertex 89.634 0 170.5
      vertex 89.7066 -4 170.609
      vertex 89.634 -4 170.5
    endloop
  endfacet
  facet normal 0.191259 0 0.98154
    outer loop
      vertex 90.2412 0 169.034
      vertex 90.3695 -4 169.009
      vertex 90.3695 0 169.009
    endloop
  endfacet
  facet normal 0.191259 0 0.98154
    outer loop
      vertex 90.3695 -4 169.009
      vertex 90.2412 0 169.034
      vertex 90.2412 -4 169.034
    endloop
  endfacet
  facet normal -0.0688021 0 -0.99763
    outer loop
      vertex 90.5 -4 171
      vertex 90.6305 0 170.991
      vertex 90.6305 -4 170.991
    endloop
  endfacet
  facet normal -0.0688021 0 -0.99763
    outer loop
      vertex 90.6305 0 170.991
      vertex 90.5 -4 171
      vertex 90.5 0 171
    endloop
  endfacet
  facet normal 0.980728 0 -0.195379
    outer loop
      vertex 89.5341 -4 170.259
      vertex 89.5086 0 170.131
      vertex 89.5341 0 170.259
    endloop
  endfacet
  facet normal 0.980728 0 -0.195379
    outer loop
      vertex 89.5086 0 170.131
      vertex 89.5341 -4 170.259
      vertex 89.5086 -4 170.131
    endloop
  endfacet
  facet normal -0.443235 0 0.896405
    outer loop
      vertex 90.8827 0 169.076
      vertex 91 -4 169.134
      vertex 91 0 169.134
    endloop
  endfacet
  facet normal -0.443235 0 0.896405
    outer loop
      vertex 91 -4 169.134
      vertex 90.8827 0 169.076
      vertex 90.8827 -4 169.076
    endloop
  endfacet
  facet normal -0.557164 0 -0.830403
    outer loop
      vertex 91 -4 170.866
      vertex 91.1088 0 170.793
      vertex 91.1088 -4 170.793
    endloop
  endfacet
  facet normal -0.557164 0 -0.830403
    outer loop
      vertex 91.1088 0 170.793
      vertex 91 -4 170.866
      vertex 91 0 170.866
    endloop
  endfacet
  facet normal 0.65845 0 -0.752624
    outer loop
      vertex 89.7929 -4 170.707
      vertex 89.8912 0 170.793
      vertex 89.8912 -4 170.793
    endloop
  endfacet
  facet normal 0.65845 0 -0.752624
    outer loop
      vertex 89.8912 0 170.793
      vertex 89.7929 -4 170.707
      vertex 89.7929 0 170.707
    endloop
  endfacet
  facet normal -0.65845 0 -0.752624
    outer loop
      vertex 91.1088 -4 170.793
      vertex 91.2071 0 170.707
      vertex 91.2071 -4 170.707
    endloop
  endfacet
  facet normal -0.65845 0 -0.752624
    outer loop
      vertex 91.2071 0 170.707
      vertex 91.1088 -4 170.793
      vertex 91.1088 0 170.793
    endloop
  endfacet
  facet normal 0.0688021 0 0.99763
    outer loop
      vertex 90.3695 0 169.009
      vertex 90.5 -4 169
      vertex 90.5 0 169
    endloop
  endfacet
  facet normal 0.0688021 0 0.99763
    outer loop
      vertex 90.5 -4 169
      vertex 90.3695 0 169.009
      vertex 90.3695 -4 169.009
    endloop
  endfacet
  facet normal -0.832285 0 -0.554348
    outer loop
      vertex 91.366 -4 170.5
      vertex 91.2934 0 170.609
      vertex 91.366 0 170.5
    endloop
  endfacet
  facet normal -0.832285 -0 -0.554348
    outer loop
      vertex 91.2934 0 170.609
      vertex 91.366 -4 170.5
      vertex 91.2934 -4 170.609
    endloop
  endfacet
  facet normal -0.191259 0 0.98154
    outer loop
      vertex 90.6305 0 169.009
      vertex 90.7588 -4 169.034
      vertex 90.7588 0 169.034
    endloop
  endfacet
  facet normal -0.191259 0 0.98154
    outer loop
      vertex 90.7588 -4 169.034
      vertex 90.6305 0 169.009
      vertex 90.6305 -4 169.009
    endloop
  endfacet
  facet normal -0.750486 0 0.660887
    outer loop
      vertex 91.2071 -4 169.293
      vertex 91.2934 0 169.391
      vertex 91.2071 0 169.293
    endloop
  endfacet
  facet normal -0.750486 0 0.660887
    outer loop
      vertex 91.2934 0 169.391
      vertex 91.2071 -4 169.293
      vertex 91.2934 -4 169.391
    endloop
  endfacet
  facet normal -0.947145 0 0.320807
    outer loop
      vertex 91.4239 -4 169.617
      vertex 91.4659 0 169.741
      vertex 91.4239 0 169.617
    endloop
  endfacet
  facet normal -0.947145 0 0.320807
    outer loop
      vertex 91.4659 0 169.741
      vertex 91.4239 -4 169.617
      vertex 91.4659 -4 169.741
    endloop
  endfacet
  facet normal 0.443235 0 0.896405
    outer loop
      vertex 90 0 169.134
      vertex 90.1173 -4 169.076
      vertex 90.1173 0 169.076
    endloop
  endfacet
  facet normal 0.443235 0 0.896405
    outer loop
      vertex 90.1173 -4 169.076
      vertex 90 0 169.134
      vertex 90 -4 169.134
    endloop
  endfacet
  facet normal 0.832285 -0 0.554348
    outer loop
      vertex 89.634 -4 169.5
      vertex 89.7066 0 169.391
      vertex 89.634 0 169.5
    endloop
  endfacet
  facet normal 0.832285 0 0.554348
    outer loop
      vertex 89.7066 0 169.391
      vertex 89.634 -4 169.5
      vertex 89.7066 -4 169.391
    endloop
  endfacet
  facet normal 0.321039 0 0.947066
    outer loop
      vertex 90.1173 0 169.076
      vertex 90.2412 -4 169.034
      vertex 90.2412 0 169.034
    endloop
  endfacet
  facet normal 0.321039 0 0.947066
    outer loop
      vertex 90.2412 -4 169.034
      vertex 90.1173 0 169.076
      vertex 90.1173 -4 169.076
    endloop
  endfacet
  facet normal 0.443235 0 -0.896405
    outer loop
      vertex 90 -4 170.866
      vertex 90.1173 0 170.924
      vertex 90.1173 -4 170.924
    endloop
  endfacet
  facet normal 0.443235 0 -0.896405
    outer loop
      vertex 90.1173 0 170.924
      vertex 90 -4 170.866
      vertex 90 0 170.866
    endloop
  endfacet
  facet normal 0.321039 0 -0.947066
    outer loop
      vertex 90.1173 -4 170.924
      vertex 90.2412 0 170.966
      vertex 90.2412 -4 170.966
    endloop
  endfacet
  facet normal 0.321039 0 -0.947066
    outer loop
      vertex 90.2412 0 170.966
      vertex 90.1173 -4 170.924
      vertex 90.1173 0 170.924
    endloop
  endfacet
  facet normal 0.947145 -0 0.320807
    outer loop
      vertex 89.5341 -4 169.741
      vertex 89.5761 0 169.617
      vertex 89.5341 0 169.741
    endloop
  endfacet
  facet normal 0.947145 0 0.320807
    outer loop
      vertex 89.5761 0 169.617
      vertex 89.5341 -4 169.741
      vertex 89.5761 -4 169.617
    endloop
  endfacet
  facet normal 0.556458 0 0.830876
    outer loop
      vertex 149.891 0 169.207
      vertex 150 -4 169.134
      vertex 150 0 169.134
    endloop
  endfacet
  facet normal 0.556458 0 0.830876
    outer loop
      vertex 150 -4 169.134
      vertex 149.891 0 169.207
      vertex 149.891 -4 169.207
    endloop
  endfacet
  facet normal -0.981455 0 0.191691
    outer loop
      vertex 151.466 -4 169.741
      vertex 151.491 0 169.869
      vertex 151.466 0 169.741
    endloop
  endfacet
  facet normal -0.981455 0 0.191691
    outer loop
      vertex 151.491 0 169.869
      vertex 151.466 -4 169.741
      vertex 151.491 -4 169.869
    endloop
  endfacet
  facet normal -0.997648 0 0.0685407
    outer loop
      vertex 151.491 -4 169.869
      vertex 151.5 0 170
      vertex 151.491 0 169.869
    endloop
  endfacet
  facet normal -0.997648 0 0.0685407
    outer loop
      vertex 151.5 0 170
      vertex 151.491 -4 169.869
      vertex 151.5 -4 170
    endloop
  endfacet
  facet normal 0.895953 0 -0.444148
    outer loop
      vertex 149.634 -4 170.5
      vertex 149.576 0 170.383
      vertex 149.634 0 170.5
    endloop
  endfacet
  facet normal 0.895953 0 -0.444148
    outer loop
      vertex 149.576 0 170.383
      vertex 149.634 -4 170.5
      vertex 149.576 -4 170.383
    endloop
  endfacet
  facet normal -0.947145 0 -0.320807
    outer loop
      vertex 151.466 -4 170.259
      vertex 151.424 0 170.383
      vertex 151.466 0 170.259
    endloop
  endfacet
  facet normal -0.947145 -0 -0.320807
    outer loop
      vertex 151.424 0 170.383
      vertex 151.466 -4 170.259
      vertex 151.424 -4 170.383
    endloop
  endfacet
  facet normal -0.997648 0 -0.0685407
    outer loop
      vertex 151.5 -4 170
      vertex 151.491 0 170.131
      vertex 151.5 0 170
    endloop
  endfacet
  facet normal -0.997648 -0 -0.0685407
    outer loop
      vertex 151.491 0 170.131
      vertex 151.5 -4 170
      vertex 151.491 -4 170.131
    endloop
  endfacet
  facet normal -0.895953 0 0.444148
    outer loop
      vertex 151.366 -4 169.5
      vertex 151.424 0 169.617
      vertex 151.366 0 169.5
    endloop
  endfacet
  facet normal -0.895953 0 0.444148
    outer loop
      vertex 151.424 0 169.617
      vertex 151.366 -4 169.5
      vertex 151.424 -4 169.617
    endloop
  endfacet
  facet normal -0.65959 0 0.751626
    outer loop
      vertex 151.109 0 169.207
      vertex 151.207 -4 169.293
      vertex 151.207 0 169.293
    endloop
  endfacet
  facet normal -0.65959 0 0.751626
    outer loop
      vertex 151.207 -4 169.293
      vertex 151.109 0 169.207
      vertex 151.109 -4 169.207
    endloop
  endfacet
  facet normal 0.556458 0 -0.830876
    outer loop
      vertex 149.891 -4 170.793
      vertex 150 0 170.866
      vertex 150 -4 170.866
    endloop
  endfacet
  facet normal 0.556458 0 -0.830876
    outer loop
      vertex 150 0 170.866
      vertex 149.891 -4 170.793
      vertex 149.891 0 170.793
    endloop
  endfacet
  facet normal -0.320807 0 0.947145
    outer loop
      vertex 150.759 0 169.034
      vertex 150.883 -4 169.076
      vertex 150.883 0 169.076
    endloop
  endfacet
  facet normal -0.320807 0 0.947145
    outer loop
      vertex 150.883 -4 169.076
      vertex 150.759 0 169.034
      vertex 150.759 -4 169.034
    endloop
  endfacet
  facet normal 0.997648 0 -0.0685407
    outer loop
      vertex 149.509 -4 170.131
      vertex 149.5 0 170
      vertex 149.509 0 170.131
    endloop
  endfacet
  facet normal 0.997648 0 -0.0685407
    outer loop
      vertex 149.5 0 170
      vertex 149.509 -4 170.131
      vertex 149.5 -4 170
    endloop
  endfacet
  facet normal -0.65959 0 -0.751626
    outer loop
      vertex 151.109 -4 170.793
      vertex 151.207 0 170.707
      vertex 151.207 -4 170.707
    endloop
  endfacet
  facet normal -0.65959 0 -0.751626
    outer loop
      vertex 151.207 0 170.707
      vertex 151.109 -4 170.793
      vertex 151.109 0 170.793
    endloop
  endfacet
  facet normal 0.191691 0 -0.981455
    outer loop
      vertex 150.241 -4 170.966
      vertex 150.369 0 170.991
      vertex 150.369 -4 170.991
    endloop
  endfacet
  facet normal 0.191691 0 -0.981455
    outer loop
      vertex 150.369 0 170.991
      vertex 150.241 -4 170.966
      vertex 150.241 0 170.966
    endloop
  endfacet
  facet normal -0.895953 0 -0.444148
    outer loop
      vertex 151.424 -4 170.383
      vertex 151.366 0 170.5
      vertex 151.424 0 170.383
    endloop
  endfacet
  facet normal -0.895953 -0 -0.444148
    outer loop
      vertex 151.366 0 170.5
      vertex 151.424 -4 170.383
      vertex 151.366 -4 170.5
    endloop
  endfacet
  facet normal 0.947145 0 -0.320807
    outer loop
      vertex 149.576 -4 170.383
      vertex 149.534 0 170.259
      vertex 149.576 0 170.383
    endloop
  endfacet
  facet normal 0.947145 0 -0.320807
    outer loop
      vertex 149.534 0 170.259
      vertex 149.576 -4 170.383
      vertex 149.534 -4 170.259
    endloop
  endfacet
  facet normal -0.444148 0 -0.895953
    outer loop
      vertex 150.883 -4 170.924
      vertex 151 0 170.866
      vertex 151 -4 170.866
    endloop
  endfacet
  facet normal -0.444148 0 -0.895953
    outer loop
      vertex 151 0 170.866
      vertex 150.883 -4 170.924
      vertex 150.883 0 170.924
    endloop
  endfacet
  facet normal 0.895953 -0 0.444148
    outer loop
      vertex 149.576 -4 169.617
      vertex 149.634 0 169.5
      vertex 149.576 0 169.617
    endloop
  endfacet
  facet normal 0.895953 0 0.444148
    outer loop
      vertex 149.634 0 169.5
      vertex 149.576 -4 169.617
      vertex 149.634 -4 169.5
    endloop
  endfacet
  facet normal -0.320807 0 -0.947145
    outer loop
      vertex 150.759 -4 170.966
      vertex 150.883 0 170.924
      vertex 150.883 -4 170.924
    endloop
  endfacet
  facet normal -0.320807 0 -0.947145
    outer loop
      vertex 150.883 0 170.924
      vertex 150.759 -4 170.966
      vertex 150.759 0 170.966
    endloop
  endfacet
  facet normal 0.981455 -0 0.191691
    outer loop
      vertex 149.509 -4 169.869
      vertex 149.534 0 169.741
      vertex 149.509 0 169.869
    endloop
  endfacet
  facet normal 0.981455 0 0.191691
    outer loop
      vertex 149.534 0 169.741
      vertex 149.509 -4 169.869
      vertex 149.534 -4 169.741
    endloop
  endfacet
  facet normal 0.751626 0 -0.65959
    outer loop
      vertex 149.793 -4 170.707
      vertex 149.707 0 170.609
      vertex 149.793 0 170.707
    endloop
  endfacet
  facet normal 0.751626 0 -0.65959
    outer loop
      vertex 149.707 0 170.609
      vertex 149.793 -4 170.707
      vertex 149.707 -4 170.609
    endloop
  endfacet
  facet normal 0.751626 -0 0.65959
    outer loop
      vertex 149.707 -4 169.391
      vertex 149.793 0 169.293
      vertex 149.707 0 169.391
    endloop
  endfacet
  facet normal 0.751626 0 0.65959
    outer loop
      vertex 149.793 0 169.293
      vertex 149.707 -4 169.391
      vertex 149.793 -4 169.293
    endloop
  endfacet
  facet normal 0.997648 -0 0.0685407
    outer loop
      vertex 149.5 -4 170
      vertex 149.509 0 169.869
      vertex 149.5 0 170
    endloop
  endfacet
  facet normal 0.997648 0 0.0685407
    outer loop
      vertex 149.509 0 169.869
      vertex 149.5 -4 170
      vertex 149.509 -4 169.869
    endloop
  endfacet
  facet normal -0.751626 0 -0.65959
    outer loop
      vertex 151.293 -4 170.609
      vertex 151.207 0 170.707
      vertex 151.293 0 170.609
    endloop
  endfacet
  facet normal -0.751626 -0 -0.65959
    outer loop
      vertex 151.207 0 170.707
      vertex 151.293 -4 170.609
      vertex 151.207 -4 170.707
    endloop
  endfacet
  facet normal -0.830876 0 0.556458
    outer loop
      vertex 151.293 -4 169.391
      vertex 151.366 0 169.5
      vertex 151.293 0 169.391
    endloop
  endfacet
  facet normal -0.830876 0 0.556458
    outer loop
      vertex 151.366 0 169.5
      vertex 151.293 -4 169.391
      vertex 151.366 -4 169.5
    endloop
  endfacet
  facet normal -0.0685407 0 0.997648
    outer loop
      vertex 150.5 0 169
      vertex 150.631 -4 169.009
      vertex 150.631 0 169.009
    endloop
  endfacet
  facet normal -0.0685407 0 0.997648
    outer loop
      vertex 150.631 -4 169.009
      vertex 150.5 0 169
      vertex 150.5 -4 169
    endloop
  endfacet
  facet normal 0.0685407 0 -0.997648
    outer loop
      vertex 150.369 -4 170.991
      vertex 150.5 0 171
      vertex 150.5 -4 171
    endloop
  endfacet
  facet normal 0.0685407 0 -0.997648
    outer loop
      vertex 150.5 0 171
      vertex 150.369 -4 170.991
      vertex 150.369 0 170.991
    endloop
  endfacet
  facet normal 0.65959 0 0.751626
    outer loop
      vertex 149.793 0 169.293
      vertex 149.891 -4 169.207
      vertex 149.891 0 169.207
    endloop
  endfacet
  facet normal 0.65959 0 0.751626
    outer loop
      vertex 149.891 -4 169.207
      vertex 149.793 0 169.293
      vertex 149.793 -4 169.293
    endloop
  endfacet
  facet normal -0.191691 0 -0.981455
    outer loop
      vertex 150.631 -4 170.991
      vertex 150.759 0 170.966
      vertex 150.759 -4 170.966
    endloop
  endfacet
  facet normal -0.191691 0 -0.981455
    outer loop
      vertex 150.759 0 170.966
      vertex 150.631 -4 170.991
      vertex 150.631 0 170.991
    endloop
  endfacet
  facet normal -0.556458 0 0.830876
    outer loop
      vertex 151 0 169.134
      vertex 151.109 -4 169.207
      vertex 151.109 0 169.207
    endloop
  endfacet
  facet normal -0.556458 0 0.830876
    outer loop
      vertex 151.109 -4 169.207
      vertex 151 0 169.134
      vertex 151 -4 169.134
    endloop
  endfacet
  facet normal -0.981455 0 -0.191691
    outer loop
      vertex 151.491 -4 170.131
      vertex 151.466 0 170.259
      vertex 151.491 0 170.131
    endloop
  endfacet
  facet normal -0.981455 -0 -0.191691
    outer loop
      vertex 151.466 0 170.259
      vertex 151.491 -4 170.131
      vertex 151.466 -4 170.259
    endloop
  endfacet
  facet normal 0.830876 0 -0.556458
    outer loop
      vertex 149.707 -4 170.609
      vertex 149.634 0 170.5
      vertex 149.707 0 170.609
    endloop
  endfacet
  facet normal 0.830876 0 -0.556458
    outer loop
      vertex 149.634 0 170.5
      vertex 149.707 -4 170.609
      vertex 149.634 -4 170.5
    endloop
  endfacet
  facet normal 0.191691 0 0.981455
    outer loop
      vertex 150.241 0 169.034
      vertex 150.369 -4 169.009
      vertex 150.369 0 169.009
    endloop
  endfacet
  facet normal 0.191691 0 0.981455
    outer loop
      vertex 150.369 -4 169.009
      vertex 150.241 0 169.034
      vertex 150.241 -4 169.034
    endloop
  endfacet
  facet normal -0.0685407 0 -0.997648
    outer loop
      vertex 150.5 -4 171
      vertex 150.631 0 170.991
      vertex 150.631 -4 170.991
    endloop
  endfacet
  facet normal -0.0685407 0 -0.997648
    outer loop
      vertex 150.631 0 170.991
      vertex 150.5 -4 171
      vertex 150.5 0 171
    endloop
  endfacet
  facet normal 0.981455 0 -0.191691
    outer loop
      vertex 149.534 -4 170.259
      vertex 149.509 0 170.131
      vertex 149.534 0 170.259
    endloop
  endfacet
  facet normal 0.981455 0 -0.191691
    outer loop
      vertex 149.509 0 170.131
      vertex 149.534 -4 170.259
      vertex 149.509 -4 170.131
    endloop
  endfacet
  facet normal -0.444148 0 0.895953
    outer loop
      vertex 150.883 0 169.076
      vertex 151 -4 169.134
      vertex 151 0 169.134
    endloop
  endfacet
  facet normal -0.444148 0 0.895953
    outer loop
      vertex 151 -4 169.134
      vertex 150.883 0 169.076
      vertex 150.883 -4 169.076
    endloop
  endfacet
  facet normal -0.556458 0 -0.830876
    outer loop
      vertex 151 -4 170.866
      vertex 151.109 0 170.793
      vertex 151.109 -4 170.793
    endloop
  endfacet
  facet normal -0.556458 0 -0.830876
    outer loop
      vertex 151.109 0 170.793
      vertex 151 -4 170.866
      vertex 151 0 170.866
    endloop
  endfacet
  facet normal 0.65959 0 -0.751626
    outer loop
      vertex 149.793 -4 170.707
      vertex 149.891 0 170.793
      vertex 149.891 -4 170.793
    endloop
  endfacet
  facet normal 0.65959 0 -0.751626
    outer loop
      vertex 149.891 0 170.793
      vertex 149.793 -4 170.707
      vertex 149.793 0 170.707
    endloop
  endfacet
  facet normal 0.0685407 0 0.997648
    outer loop
      vertex 150.369 0 169.009
      vertex 150.5 -4 169
      vertex 150.5 0 169
    endloop
  endfacet
  facet normal 0.0685407 0 0.997648
    outer loop
      vertex 150.5 -4 169
      vertex 150.369 0 169.009
      vertex 150.369 -4 169.009
    endloop
  endfacet
  facet normal -0.830876 0 -0.556458
    outer loop
      vertex 151.366 -4 170.5
      vertex 151.293 0 170.609
      vertex 151.366 0 170.5
    endloop
  endfacet
  facet normal -0.830876 -0 -0.556458
    outer loop
      vertex 151.293 0 170.609
      vertex 151.366 -4 170.5
      vertex 151.293 -4 170.609
    endloop
  endfacet
  facet normal -0.191691 0 0.981455
    outer loop
      vertex 150.631 0 169.009
      vertex 150.759 -4 169.034
      vertex 150.759 0 169.034
    endloop
  endfacet
  facet normal -0.191691 0 0.981455
    outer loop
      vertex 150.759 -4 169.034
      vertex 150.631 0 169.009
      vertex 150.631 -4 169.009
    endloop
  endfacet
  facet normal -0.751626 0 0.65959
    outer loop
      vertex 151.207 -4 169.293
      vertex 151.293 0 169.391
      vertex 151.207 0 169.293
    endloop
  endfacet
  facet normal -0.751626 0 0.65959
    outer loop
      vertex 151.293 0 169.391
      vertex 151.207 -4 169.293
      vertex 151.293 -4 169.391
    endloop
  endfacet
  facet normal -0.947145 0 0.320807
    outer loop
      vertex 151.424 -4 169.617
      vertex 151.466 0 169.741
      vertex 151.424 0 169.617
    endloop
  endfacet
  facet normal -0.947145 0 0.320807
    outer loop
      vertex 151.466 0 169.741
      vertex 151.424 -4 169.617
      vertex 151.466 -4 169.741
    endloop
  endfacet
  facet normal 0.444148 0 0.895953
    outer loop
      vertex 150 0 169.134
      vertex 150.117 -4 169.076
      vertex 150.117 0 169.076
    endloop
  endfacet
  facet normal 0.444148 0 0.895953
    outer loop
      vertex 150.117 -4 169.076
      vertex 150 0 169.134
      vertex 150 -4 169.134
    endloop
  endfacet
  facet normal 0.320807 0 0.947145
    outer loop
      vertex 150.117 0 169.076
      vertex 150.241 -4 169.034
      vertex 150.241 0 169.034
    endloop
  endfacet
  facet normal 0.320807 0 0.947145
    outer loop
      vertex 150.241 -4 169.034
      vertex 150.117 0 169.076
      vertex 150.117 -4 169.076
    endloop
  endfacet
  facet normal 0.444148 0 -0.895953
    outer loop
      vertex 150 -4 170.866
      vertex 150.117 0 170.924
      vertex 150.117 -4 170.924
    endloop
  endfacet
  facet normal 0.444148 0 -0.895953
    outer loop
      vertex 150.117 0 170.924
      vertex 150 -4 170.866
      vertex 150 0 170.866
    endloop
  endfacet
  facet normal 0.947145 -0 0.320807
    outer loop
      vertex 149.534 -4 169.741
      vertex 149.576 0 169.617
      vertex 149.534 0 169.741
    endloop
  endfacet
  facet normal 0.947145 0 0.320807
    outer loop
      vertex 149.576 0 169.617
      vertex 149.534 -4 169.741
      vertex 149.576 -4 169.617
    endloop
  endfacet
  facet normal 0.830876 -0 0.556458
    outer loop
      vertex 149.634 -4 169.5
      vertex 149.707 0 169.391
      vertex 149.634 0 169.5
    endloop
  endfacet
  facet normal 0.830876 0 0.556458
    outer loop
      vertex 149.707 0 169.391
      vertex 149.634 -4 169.5
      vertex 149.707 -4 169.391
    endloop
  endfacet
  facet normal 0.320807 0 -0.947145
    outer loop
      vertex 150.117 -4 170.924
      vertex 150.241 0 170.966
      vertex 150.241 -4 170.966
    endloop
  endfacet
  facet normal 0.320807 0 -0.947145
    outer loop
      vertex 150.241 0 170.966
      vertex 150.117 -4 170.924
      vertex 150.117 0 170.924
    endloop
  endfacet
  facet normal 1 -0 0
    outer loop
      vertex 0 -4 164
      vertex 0 0 14
      vertex 0 0 164
    endloop
  endfacet
  facet normal 1 0 0
    outer loop
      vertex 0 0 14
      vertex 0 -4 164
      vertex 0 -4 14
    endloop
  endfacet
  facet normal 0 1 -0
    outer loop
      vertex 0 0 14
      vertex -4 0 164
      vertex 0 0 164
    endloop
  endfacet
  facet normal 0 1 0
    outer loop
      vertex -4 0 164
      vertex 0 0 14
      vertex -4 0 14
    endloop
  endfacet
  facet normal -1 0 0
    outer loop
      vertex 241 -4 14
      vertex 241 0 164
      vertex 241 0 14
    endloop
  endfacet
  facet normal -1 -0 0
    outer loop
      vertex 241 0 164
      vertex 241 -4 14
      vertex 241 -4 164
    endloop
  endfacet
  facet normal 0 1 -0
    outer loop
      vertex 245 0 14
      vertex 241 0 164
      vertex 245 0 164
    endloop
  endfacet
  facet normal 0 1 0
    outer loop
      vertex 241 0 164
      vertex 245 0 14
      vertex 241 0 14
    endloop
  endfacet
endsolid OpenSCAD_Model
