solid OpenSCAD_Model
  facet normal 1 -0 0
    outer loop
      vertex 45 -4 14
      vertex 45 0 8
      vertex 45 0 14
    endloop
  endfacet
  facet normal 1 0 0
    outer loop
      vertex 45 0 8
      vertex 45 -4 14
      vertex 45 -4 8
    endloop
  endfacet
  facet normal 1 0 0
    outer loop
      vertex 45 27 4
      vertex 45 31 14
      vertex 45 27 14
    endloop
  endfacet
  facet normal 1 0 0
    outer loop
      vertex 45 31 14
      vertex 45 27 4
      vertex 45 31 0
    endloop
  endfacet
  facet normal 1 0 0
    outer loop
      vertex 45 0 0
      vertex 45 27 4
      vertex 45 0 4
    endloop
  endfacet
  facet normal 1 0 0
    outer loop
      vertex 45 27 4
      vertex 45 0 0
      vertex 45 31 0
    endloop
  endfacet
  facet normal -0 0 1
    outer loop
      vertex 0 27 4
      vertex 45 0 4
      vertex 45 27 4
    endloop
  endfacet
  facet normal 0 0 1
    outer loop
      vertex 45 0 4
      vertex 0 27 4
      vertex 0 0 4
    endloop
  endfacet
  facet normal 0 0 -1
    outer loop
      vertex 244 -4 0
      vertex 195 0 0
      vertex 244 31 0
    endloop
  endfacet
  facet normal 0 0 -1
    outer loop
      vertex 244 -4 0
      vertex 45 0 0
      vertex 195 0 0
    endloop
  endfacet
  facet normal 0 0 -1
    outer loop
      vertex -4 -4 0
      vertex 45 0 0
      vertex 244 -4 0
    endloop
  endfacet
  facet normal 0 0 -1
    outer loop
      vertex -4 31 0
      vertex 45 0 0
      vertex -4 -4 0
    endloop
  endfacet
  facet normal 0 0 -1
    outer loop
      vertex 45 0 0
      vertex -4 31 0
      vertex 45 31 0
    endloop
  endfacet
  facet normal -0 0 -1
    outer loop
      vertex 244 31 0
      vertex 195 0 0
      vertex 195 31 0
    endloop
  endfacet
  facet normal -1 0 0
    outer loop
      vertex -4 31 0
      vertex -4 0 14
      vertex -4 31 14
    endloop
  endfacet
  facet normal -1 0 0
    outer loop
      vertex -4 -4 175
      vertex -4 0 14
      vertex -4 -4 0
    endloop
  endfacet
  facet normal -1 0 0
    outer loop
      vertex -4 -4 0
      vertex -4 0 14
      vertex -4 31 0
    endloop
  endfacet
  facet normal -1 0 0
    outer loop
      vertex -4 0 163
      vertex -4 31 175
      vertex -4 31 163
    endloop
  endfacet
  facet normal -1 0 0
    outer loop
      vertex -4 0 163
      vertex -4 -4 175
      vertex -4 31 175
    endloop
  endfacet
  facet normal -1 0 0
    outer loop
      vertex -4 0 14
      vertex -4 -4 175
      vertex -4 0 163
    endloop
  endfacet
  facet normal 0 1 -0
    outer loop
      vertex 45 31 0
      vertex -4 31 14
      vertex 45 31 14
    endloop
  endfacet
  facet normal 0 1 0
    outer loop
      vertex -4 31 14
      vertex 45 31 0
      vertex -4 31 0
    endloop
  endfacet
  facet normal 0 -1 0
    outer loop
      vertex 216.576 -4 7.38268
      vertex 195 -4 14
      vertex 195 -4 8
    endloop
  endfacet
  facet normal 0 -1 0
    outer loop
      vertex 150.259 -4 169.966
      vertex 195 -4 173
      vertex 150.131 -4 169.991
    endloop
  endfacet
  facet normal 0 -1 0
    outer loop
      vertex 195 -4 173
      vertex 217.369 -4 169.991
      vertex 217.5 -4 170
    endloop
  endfacet
  facet normal 0 -1 0
    outer loop
      vertex 150.383 -4 169.924
      vertex 195 -4 173
      vertex 150.259 -4 169.966
    endloop
  endfacet
  facet normal 0 -1 0
    outer loop
      vertex 195 -4 173
      vertex 217.241 -4 169.966
      vertex 217.369 -4 169.991
    endloop
  endfacet
  facet normal 0 -1 0
    outer loop
      vertex 150.5 -4 169.866
      vertex 195 -4 173
      vertex 150.383 -4 169.924
    endloop
  endfacet
  facet normal 0 -1 0
    outer loop
      vertex 195 -4 173
      vertex 217.117 -4 169.924
      vertex 217.241 -4 169.966
    endloop
  endfacet
  facet normal 0 -1 0
    outer loop
      vertex 150.609 -4 169.793
      vertex 195 -4 173
      vertex 150.5 -4 169.866
    endloop
  endfacet
  facet normal -0 -1 0
    outer loop
      vertex 216.5 -4 169
      vertex 195 -4 173
      vertex 195 -4 165
    endloop
  endfacet
  facet normal 0 -1 0
    outer loop
      vertex 150.707 -4 169.707
      vertex 195 -4 173
      vertex 150.609 -4 169.793
    endloop
  endfacet
  facet normal 0 -1 0
    outer loop
      vertex 195 -4 173
      vertex 217 -4 169.866
      vertex 217.117 -4 169.924
    endloop
  endfacet
  facet normal 0 -1 0
    outer loop
      vertex 150.793 -4 169.609
      vertex 195 -4 173
      vertex 150.707 -4 169.707
    endloop
  endfacet
  facet normal 0 -1 0
    outer loop
      vertex 195 -4 173
      vertex 216.891 -4 169.793
      vertex 217 -4 169.866
    endloop
  endfacet
  facet normal 0 -1 0
    outer loop
      vertex 150.866 -4 169.5
      vertex 195 -4 173
      vertex 150.793 -4 169.609
    endloop
  endfacet
  facet normal 0 -1 0
    outer loop
      vertex 195 -4 173
      vertex 216.793 -4 169.707
      vertex 216.891 -4 169.793
    endloop
  endfacet
  facet normal 0 -1 0
    outer loop
      vertex 150.924 -4 169.383
      vertex 195 -4 173
      vertex 150.866 -4 169.5
    endloop
  endfacet
  facet normal 0 -1 0
    outer loop
      vertex 195 -4 173
      vertex 216.707 -4 169.609
      vertex 216.793 -4 169.707
    endloop
  endfacet
  facet normal 0 -1 0
    outer loop
      vertex 150.966 -4 169.259
      vertex 195 -4 173
      vertex 150.924 -4 169.383
    endloop
  endfacet
  facet normal 0 -1 0
    outer loop
      vertex 195 -4 173
      vertex 216.634 -4 169.5
      vertex 216.707 -4 169.609
    endloop
  endfacet
  facet normal 0 -1 0
    outer loop
      vertex 150.991 -4 169.131
      vertex 195 -4 173
      vertex 150.966 -4 169.259
    endloop
  endfacet
  facet normal 0 -1 0
    outer loop
      vertex 195 -4 173
      vertex 216.576 -4 169.383
      vertex 216.634 -4 169.5
    endloop
  endfacet
  facet normal 0 -1 0
    outer loop
      vertex 151 -4 169
      vertex 195 -4 173
      vertex 150.991 -4 169.131
    endloop
  endfacet
  facet normal 0 -1 0
    outer loop
      vertex 195 -4 173
      vertex 216.534 -4 169.259
      vertex 216.576 -4 169.383
    endloop
  endfacet
  facet normal 0 -1 -0
    outer loop
      vertex 195 -4 173
      vertex 151 -4 169
      vertex 195 -4 165
    endloop
  endfacet
  facet normal 0 -1 0
    outer loop
      vertex 195 -4 173
      vertex 216.509 -4 169.131
      vertex 216.534 -4 169.259
    endloop
  endfacet
  facet normal 0 -1 0
    outer loop
      vertex 195 -4 165
      vertex 151 -4 169
      vertex 150.991 -4 168.869
    endloop
  endfacet
  facet normal 0 -1 0
    outer loop
      vertex 195 -4 173
      vertex 216.5 -4 169
      vertex 216.509 -4 169.131
    endloop
  endfacet
  facet normal 0 -1 0
    outer loop
      vertex 195 -4 165
      vertex 150.991 -4 168.869
      vertex 150.966 -4 168.741
    endloop
  endfacet
  facet normal 0 -1 -0
    outer loop
      vertex 216.5 -4 169
      vertex 195 -4 165
      vertex 216.509 -4 168.869
    endloop
  endfacet
  facet normal 0 -1 0
    outer loop
      vertex 195 -4 165
      vertex 150.966 -4 168.741
      vertex 150.924 -4 168.617
    endloop
  endfacet
  facet normal 0 -1 -0
    outer loop
      vertex 216.509 -4 168.869
      vertex 195 -4 165
      vertex 216.534 -4 168.741
    endloop
  endfacet
  facet normal 0 -1 0
    outer loop
      vertex 195 -4 165
      vertex 150.924 -4 168.617
      vertex 150.866 -4 168.5
    endloop
  endfacet
  facet normal 0 -1 -0
    outer loop
      vertex 216.534 -4 168.741
      vertex 195 -4 165
      vertex 216.576 -4 168.617
    endloop
  endfacet
  facet normal 0 -1 0
    outer loop
      vertex 195 -4 165
      vertex 150.866 -4 168.5
      vertex 150.793 -4 168.391
    endloop
  endfacet
  facet normal 0 -1 0
    outer loop
      vertex 195 -4 163
      vertex 216.576 -4 168.617
      vertex 195 -4 165
    endloop
  endfacet
  facet normal 0 -1 0
    outer loop
      vertex 195 -4 165
      vertex 150.793 -4 168.391
      vertex 150.707 -4 168.293
    endloop
  endfacet
  facet normal 0 -1 -0
    outer loop
      vertex 216.576 -4 168.617
      vertex 195 -4 163
      vertex 216.634 -4 168.5
    endloop
  endfacet
  facet normal 0 -1 0
    outer loop
      vertex 195 -4 165
      vertex 150.707 -4 168.293
      vertex 150.609 -4 168.207
    endloop
  endfacet
  facet normal 0 -1 -0
    outer loop
      vertex 216.634 -4 168.5
      vertex 195 -4 163
      vertex 216.707 -4 168.391
    endloop
  endfacet
  facet normal 0 -1 0
    outer loop
      vertex 195 -4 165
      vertex 150.609 -4 168.207
      vertex 150.5 -4 168.134
    endloop
  endfacet
  facet normal 0 -1 -0
    outer loop
      vertex 216.707 -4 168.391
      vertex 195 -4 163
      vertex 216.793 -4 168.293
    endloop
  endfacet
  facet normal 0 -1 0
    outer loop
      vertex 195 -4 165
      vertex 150.5 -4 168.134
      vertex 150.383 -4 168.076
    endloop
  endfacet
  facet normal 0 -1 -0
    outer loop
      vertex 216.793 -4 168.293
      vertex 195 -4 163
      vertex 216.891 -4 168.207
    endloop
  endfacet
  facet normal 0 -1 0
    outer loop
      vertex 195 -4 165
      vertex 150.383 -4 168.076
      vertex 150.259 -4 168.034
    endloop
  endfacet
  facet normal 0 -1 -0
    outer loop
      vertex 216.891 -4 168.207
      vertex 195 -4 163
      vertex 217 -4 168.134
    endloop
  endfacet
  facet normal 0 -1 0
    outer loop
      vertex 195 -4 165
      vertex 150.259 -4 168.034
      vertex 150.131 -4 168.009
    endloop
  endfacet
  facet normal 0 -1 -0
    outer loop
      vertex 217 -4 168.134
      vertex 195 -4 163
      vertex 217.117 -4 168.076
    endloop
  endfacet
  facet normal 0 -1 0
    outer loop
      vertex 195 -4 165
      vertex 150.131 -4 168.009
      vertex 150 -4 168
    endloop
  endfacet
  facet normal 0 -1 -0
    outer loop
      vertex 217.117 -4 168.076
      vertex 195 -4 163
      vertex 217.241 -4 168.034
    endloop
  endfacet
  facet normal 0 -1 0
    outer loop
      vertex 90.1305 -4 169.991
      vertex 150 -4 170
      vertex 90 -4 170
    endloop
  endfacet
  facet normal 0 -1 0
    outer loop
      vertex 90.1305 -4 169.991
      vertex 149.869 -4 169.991
      vertex 150 -4 170
    endloop
  endfacet
  facet normal 0 -1 0
    outer loop
      vertex 90.2588 -4 169.966
      vertex 149.869 -4 169.991
      vertex 90.1305 -4 169.991
    endloop
  endfacet
  facet normal 0 -1 0
    outer loop
      vertex 90.2588 -4 169.966
      vertex 149.741 -4 169.966
      vertex 149.869 -4 169.991
    endloop
  endfacet
  facet normal 0 -1 0
    outer loop
      vertex 90.3827 -4 169.924
      vertex 149.741 -4 169.966
      vertex 90.2588 -4 169.966
    endloop
  endfacet
  facet normal 0 -1 0
    outer loop
      vertex 90.3827 -4 169.924
      vertex 149.617 -4 169.924
      vertex 149.741 -4 169.966
    endloop
  endfacet
  facet normal 0 -1 0
    outer loop
      vertex 90.5 -4 169.866
      vertex 149.617 -4 169.924
      vertex 90.3827 -4 169.924
    endloop
  endfacet
  facet normal 0 -1 0
    outer loop
      vertex 90.5 -4 169.866
      vertex 149.5 -4 169.866
      vertex 149.617 -4 169.924
    endloop
  endfacet
  facet normal 0 -1 0
    outer loop
      vertex 90.6088 -4 169.793
      vertex 149.5 -4 169.866
      vertex 90.5 -4 169.866
    endloop
  endfacet
  facet normal 0 -1 0
    outer loop
      vertex 90.6088 -4 169.793
      vertex 149.391 -4 169.793
      vertex 149.5 -4 169.866
    endloop
  endfacet
  facet normal 0 -1 0
    outer loop
      vertex 90.7071 -4 169.707
      vertex 149.391 -4 169.793
      vertex 90.6088 -4 169.793
    endloop
  endfacet
  facet normal 0 -1 0
    outer loop
      vertex 90.7071 -4 169.707
      vertex 149.293 -4 169.707
      vertex 149.391 -4 169.793
    endloop
  endfacet
  facet normal 0 -1 0
    outer loop
      vertex 90.7934 -4 169.609
      vertex 149.293 -4 169.707
      vertex 90.7071 -4 169.707
    endloop
  endfacet
  facet normal 0 -1 0
    outer loop
      vertex 90.7934 -4 169.609
      vertex 149.207 -4 169.609
      vertex 149.293 -4 169.707
    endloop
  endfacet
  facet normal 0 -1 0
    outer loop
      vertex 90.866 -4 169.5
      vertex 149.207 -4 169.609
      vertex 90.7934 -4 169.609
    endloop
  endfacet
  facet normal 0 -1 0
    outer loop
      vertex 90.866 -4 169.5
      vertex 149.134 -4 169.5
      vertex 149.207 -4 169.609
    endloop
  endfacet
  facet normal 0 -1 0
    outer loop
      vertex 90.9239 -4 169.383
      vertex 149.134 -4 169.5
      vertex 90.866 -4 169.5
    endloop
  endfacet
  facet normal 0 -1 0
    outer loop
      vertex 90.9239 -4 169.383
      vertex 149.076 -4 169.383
      vertex 149.134 -4 169.5
    endloop
  endfacet
  facet normal 0 -1 0
    outer loop
      vertex 90.9659 -4 169.259
      vertex 149.076 -4 169.383
      vertex 90.9239 -4 169.383
    endloop
  endfacet
  facet normal 0 -1 0
    outer loop
      vertex 90.9659 -4 169.259
      vertex 149.034 -4 169.259
      vertex 149.076 -4 169.383
    endloop
  endfacet
  facet normal 0 -1 0
    outer loop
      vertex 90.9914 -4 169.131
      vertex 149.034 -4 169.259
      vertex 90.9659 -4 169.259
    endloop
  endfacet
  facet normal 0 -1 0
    outer loop
      vertex 90.9914 -4 169.131
      vertex 149.009 -4 169.131
      vertex 149.034 -4 169.259
    endloop
  endfacet
  facet normal 0 -1 0
    outer loop
      vertex 91 -4 169
      vertex 149.009 -4 169.131
      vertex 90.9914 -4 169.131
    endloop
  endfacet
  facet normal 0 -1 0
    outer loop
      vertex 91 -4 169
      vertex 149 -4 169
      vertex 149.009 -4 169.131
    endloop
  endfacet
  facet normal 0 -1 0
    outer loop
      vertex 90.9914 -4 168.869
      vertex 149 -4 169
      vertex 91 -4 169
    endloop
  endfacet
  facet normal 0 -1 0
    outer loop
      vertex 90.9914 -4 168.869
      vertex 149.009 -4 168.869
      vertex 149 -4 169
    endloop
  endfacet
  facet normal 0 -1 0
    outer loop
      vertex 90.9659 -4 168.741
      vertex 149.009 -4 168.869
      vertex 90.9914 -4 168.869
    endloop
  endfacet
  facet normal 0 -1 0
    outer loop
      vertex 90.9659 -4 168.741
      vertex 149.034 -4 168.741
      vertex 149.009 -4 168.869
    endloop
  endfacet
  facet normal 0 -1 0
    outer loop
      vertex 90.9239 -4 168.617
      vertex 149.034 -4 168.741
      vertex 90.9659 -4 168.741
    endloop
  endfacet
  facet normal 0 -1 0
    outer loop
      vertex 90.9239 -4 168.617
      vertex 149.076 -4 168.617
      vertex 149.034 -4 168.741
    endloop
  endfacet
  facet normal 0 -1 0
    outer loop
      vertex 90.866 -4 168.5
      vertex 149.076 -4 168.617
      vertex 90.9239 -4 168.617
    endloop
  endfacet
  facet normal 0 -1 0
    outer loop
      vertex 90.866 -4 168.5
      vertex 149.134 -4 168.5
      vertex 149.076 -4 168.617
    endloop
  endfacet
  facet normal 0 -1 0
    outer loop
      vertex 90.7934 -4 168.391
      vertex 149.134 -4 168.5
      vertex 90.866 -4 168.5
    endloop
  endfacet
  facet normal 0 -1 0
    outer loop
      vertex 90.7934 -4 168.391
      vertex 149.207 -4 168.391
      vertex 149.134 -4 168.5
    endloop
  endfacet
  facet normal 0 -1 0
    outer loop
      vertex 90.7071 -4 168.293
      vertex 149.207 -4 168.391
      vertex 90.7934 -4 168.391
    endloop
  endfacet
  facet normal 0 -1 0
    outer loop
      vertex 90.7071 -4 168.293
      vertex 149.293 -4 168.293
      vertex 149.207 -4 168.391
    endloop
  endfacet
  facet normal 0 -1 0
    outer loop
      vertex 90.6088 -4 168.207
      vertex 149.293 -4 168.293
      vertex 90.7071 -4 168.293
    endloop
  endfacet
  facet normal 0 -1 0
    outer loop
      vertex 90.6088 -4 168.207
      vertex 149.391 -4 168.207
      vertex 149.293 -4 168.293
    endloop
  endfacet
  facet normal 0 -1 0
    outer loop
      vertex 90.5 -4 168.134
      vertex 149.391 -4 168.207
      vertex 90.6088 -4 168.207
    endloop
  endfacet
  facet normal 0 -1 0
    outer loop
      vertex 90.5 -4 168.134
      vertex 149.5 -4 168.134
      vertex 149.391 -4 168.207
    endloop
  endfacet
  facet normal 0 -1 0
    outer loop
      vertex 90.3827 -4 168.076
      vertex 149.5 -4 168.134
      vertex 90.5 -4 168.134
    endloop
  endfacet
  facet normal 0 -1 0
    outer loop
      vertex 90.3827 -4 168.076
      vertex 149.617 -4 168.076
      vertex 149.5 -4 168.134
    endloop
  endfacet
  facet normal 0 -1 0
    outer loop
      vertex 90.2588 -4 168.034
      vertex 149.617 -4 168.076
      vertex 90.3827 -4 168.076
    endloop
  endfacet
  facet normal 0 -1 0
    outer loop
      vertex 90.2588 -4 168.034
      vertex 149.741 -4 168.034
      vertex 149.617 -4 168.076
    endloop
  endfacet
  facet normal 0 -1 0
    outer loop
      vertex 90.1305 -4 168.009
      vertex 149.741 -4 168.034
      vertex 90.2588 -4 168.034
    endloop
  endfacet
  facet normal 0 -1 0
    outer loop
      vertex 90.1305 -4 168.009
      vertex 149.869 -4 168.009
      vertex 149.741 -4 168.034
    endloop
  endfacet
  facet normal 0 -1 0
    outer loop
      vertex 90 -4 168
      vertex 149.869 -4 168.009
      vertex 90.1305 -4 168.009
    endloop
  endfacet
  facet normal 0 -1 -0
    outer loop
      vertex 149.869 -4 168.009
      vertex 90 -4 168
      vertex 150 -4 168
    endloop
  endfacet
  facet normal 0 -1 0
    outer loop
      vertex 22.8827 -4 169.924
      vertex 45 -4 175
      vertex 22.7588 -4 169.966
    endloop
  endfacet
  facet normal 0 -1 0
    outer loop
      vertex 45 -4 173
      vertex 89.8695 -4 169.991
      vertex 90 -4 170
    endloop
  endfacet
  facet normal 0 -1 0
    outer loop
      vertex 23 -4 169.866
      vertex 45 -4 175
      vertex 22.8827 -4 169.924
    endloop
  endfacet
  facet normal 0 -1 0
    outer loop
      vertex 45 -4 173
      vertex 89.7412 -4 169.966
      vertex 89.8695 -4 169.991
    endloop
  endfacet
  facet normal 0 -1 0
    outer loop
      vertex 23.1088 -4 169.793
      vertex 45 -4 175
      vertex 23 -4 169.866
    endloop
  endfacet
  facet normal 0 -1 0
    outer loop
      vertex 45 -4 173
      vertex 89.6173 -4 169.924
      vertex 89.7412 -4 169.966
    endloop
  endfacet
  facet normal 0 -1 0
    outer loop
      vertex 23.2071 -4 169.707
      vertex 45 -4 175
      vertex 23.1088 -4 169.793
    endloop
  endfacet
  facet normal -0 -1 0
    outer loop
      vertex 89 -4 169
      vertex 45 -4 173
      vertex 45 -4 165
    endloop
  endfacet
  facet normal 0 -1 0
    outer loop
      vertex 23.2934 -4 169.609
      vertex 45 -4 175
      vertex 23.2071 -4 169.707
    endloop
  endfacet
  facet normal 0 -1 0
    outer loop
      vertex 45 -4 173
      vertex 89.5 -4 169.866
      vertex 89.6173 -4 169.924
    endloop
  endfacet
  facet normal 0 -1 0
    outer loop
      vertex 23.366 -4 169.5
      vertex 45 -4 175
      vertex 23.2934 -4 169.609
    endloop
  endfacet
  facet normal 0 -1 0
    outer loop
      vertex 45 -4 173
      vertex 89.3912 -4 169.793
      vertex 89.5 -4 169.866
    endloop
  endfacet
  facet normal 0 -1 0
    outer loop
      vertex 23.4239 -4 169.383
      vertex 45 -4 175
      vertex 23.366 -4 169.5
    endloop
  endfacet
  facet normal 0 -1 0
    outer loop
      vertex 45 -4 173
      vertex 89.2929 -4 169.707
      vertex 89.3912 -4 169.793
    endloop
  endfacet
  facet normal 0 -1 -0
    outer loop
      vertex 45 -4 175
      vertex 23.4239 -4 169.383
      vertex 45 -4 173
    endloop
  endfacet
  facet normal 0 -1 0
    outer loop
      vertex 45 -4 173
      vertex 89.2066 -4 169.609
      vertex 89.2929 -4 169.707
    endloop
  endfacet
  facet normal 0 -1 0
    outer loop
      vertex 23.4659 -4 169.259
      vertex 45 -4 173
      vertex 23.4239 -4 169.383
    endloop
  endfacet
  facet normal 0 -1 0
    outer loop
      vertex 45 -4 173
      vertex 89.134 -4 169.5
      vertex 89.2066 -4 169.609
    endloop
  endfacet
  facet normal 0 -1 0
    outer loop
      vertex 23.4914 -4 169.131
      vertex 45 -4 173
      vertex 23.4659 -4 169.259
    endloop
  endfacet
  facet normal 0 -1 0
    outer loop
      vertex 45 -4 173
      vertex 89.0761 -4 169.383
      vertex 89.134 -4 169.5
    endloop
  endfacet
  facet normal 0 -1 0
    outer loop
      vertex 23.5 -4 169
      vertex 45 -4 173
      vertex 23.4914 -4 169.131
    endloop
  endfacet
  facet normal 0 -1 0
    outer loop
      vertex 45 -4 173
      vertex 89.0341 -4 169.259
      vertex 89.0761 -4 169.383
    endloop
  endfacet
  facet normal 0 -1 -0
    outer loop
      vertex 45 -4 173
      vertex 23.5 -4 169
      vertex 45 -4 165
    endloop
  endfacet
  facet normal 0 -1 0
    outer loop
      vertex 45 -4 173
      vertex 89.0086 -4 169.131
      vertex 89.0341 -4 169.259
    endloop
  endfacet
  facet normal 0 -1 0
    outer loop
      vertex 45 -4 165
      vertex 23.5 -4 169
      vertex 23.4914 -4 168.869
    endloop
  endfacet
  facet normal 0 -1 0
    outer loop
      vertex 45 -4 173
      vertex 89 -4 169
      vertex 89.0086 -4 169.131
    endloop
  endfacet
  facet normal 0 -1 0
    outer loop
      vertex 45 -4 165
      vertex 23.4914 -4 168.869
      vertex 23.4659 -4 168.741
    endloop
  endfacet
  facet normal 0 -1 -0
    outer loop
      vertex 89 -4 169
      vertex 45 -4 165
      vertex 89.0086 -4 168.869
    endloop
  endfacet
  facet normal 0 -1 0
    outer loop
      vertex 45 -4 165
      vertex 23.4659 -4 168.741
      vertex 23.4239 -4 168.617
    endloop
  endfacet
  facet normal 0 -1 -0
    outer loop
      vertex 89.0086 -4 168.869
      vertex 45 -4 165
      vertex 89.0341 -4 168.741
    endloop
  endfacet
  facet normal 0 -1 0
    outer loop
      vertex 45 -4 163
      vertex 23.4239 -4 168.617
      vertex 23.366 -4 168.5
    endloop
  endfacet
  facet normal 0 -1 -0
    outer loop
      vertex 89.0341 -4 168.741
      vertex 45 -4 165
      vertex 89.0761 -4 168.617
    endloop
  endfacet
  facet normal 0 -1 0
    outer loop
      vertex 45 -4 163
      vertex 23.366 -4 168.5
      vertex 23.2934 -4 168.391
    endloop
  endfacet
  facet normal 0 -1 -0
    outer loop
      vertex 89.0761 -4 168.617
      vertex 45 -4 165
      vertex 89.134 -4 168.5
    endloop
  endfacet
  facet normal 0 -1 0
    outer loop
      vertex 45 -4 163
      vertex 23.2934 -4 168.391
      vertex 23.2071 -4 168.293
    endloop
  endfacet
  facet normal 0 -1 -0
    outer loop
      vertex 89.134 -4 168.5
      vertex 45 -4 165
      vertex 89.2066 -4 168.391
    endloop
  endfacet
  facet normal 0 -1 0
    outer loop
      vertex 45 -4 163
      vertex 23.2071 -4 168.293
      vertex 23.1088 -4 168.207
    endloop
  endfacet
  facet normal 0 -1 -0
    outer loop
      vertex 89.2066 -4 168.391
      vertex 45 -4 165
      vertex 89.2929 -4 168.293
    endloop
  endfacet
  facet normal 0 -1 0
    outer loop
      vertex 45 -4 163
      vertex 23.1088 -4 168.207
      vertex 23 -4 168.134
    endloop
  endfacet
  facet normal 0 -1 -0
    outer loop
      vertex 89.2929 -4 168.293
      vertex 45 -4 165
      vertex 89.3912 -4 168.207
    endloop
  endfacet
  facet normal 0 -1 0
    outer loop
      vertex 45 -4 163
      vertex 23 -4 168.134
      vertex 22.8827 -4 168.076
    endloop
  endfacet
  facet normal 0 -1 -0
    outer loop
      vertex 89.3912 -4 168.207
      vertex 45 -4 165
      vertex 89.5 -4 168.134
    endloop
  endfacet
  facet normal 0 -1 0
    outer loop
      vertex 45 -4 163
      vertex 22.8827 -4 168.076
      vertex 22.7588 -4 168.034
    endloop
  endfacet
  facet normal 0 -1 -0
    outer loop
      vertex 89.5 -4 168.134
      vertex 45 -4 165
      vertex 89.6173 -4 168.076
    endloop
  endfacet
  facet normal 0 -1 0
    outer loop
      vertex 45 -4 163
      vertex 22.7588 -4 168.034
      vertex 22.6305 -4 168.009
    endloop
  endfacet
  facet normal 0 -1 -0
    outer loop
      vertex 89.6173 -4 168.076
      vertex 45 -4 165
      vertex 89.7412 -4 168.034
    endloop
  endfacet
  facet normal 0 -1 0
    outer loop
      vertex 45 -4 163
      vertex 22.6305 -4 168.009
      vertex 22.5 -4 168
    endloop
  endfacet
  facet normal 0 -1 -0
    outer loop
      vertex 89.7412 -4 168.034
      vertex 45 -4 165
      vertex 89.8695 -4 168.009
    endloop
  endfacet
  facet normal 0 -1 0
    outer loop
      vertex 22.5 -4 170
      vertex 45 -4 175
      vertex -4 -4 175
    endloop
  endfacet
  facet normal 0 -1 0
    outer loop
      vertex 22.7588 -4 169.966
      vertex 45 -4 175
      vertex 22.6305 -4 169.991
    endloop
  endfacet
  facet normal 0 -1 0
    outer loop
      vertex 22.6305 -4 169.991
      vertex 45 -4 175
      vertex 22.5 -4 170
    endloop
  endfacet
  facet normal 0 -1 0
    outer loop
      vertex -4 -4 175
      vertex 22.3695 -4 169.991
      vertex 22.5 -4 170
    endloop
  endfacet
  facet normal 0 -1 0
    outer loop
      vertex -4 -4 175
      vertex 22.2412 -4 169.966
      vertex 22.3695 -4 169.991
    endloop
  endfacet
  facet normal 0 -1 0
    outer loop
      vertex -4 -4 175
      vertex 22.1173 -4 169.924
      vertex 22.2412 -4 169.966
    endloop
  endfacet
  facet normal 0 -1 0
    outer loop
      vertex -4 -4 175
      vertex 22 -4 169.866
      vertex 22.1173 -4 169.924
    endloop
  endfacet
  facet normal 0 -1 0
    outer loop
      vertex -4 -4 175
      vertex 21.8912 -4 169.793
      vertex 22 -4 169.866
    endloop
  endfacet
  facet normal 0 -1 0
    outer loop
      vertex -4 -4 175
      vertex 21.7929 -4 169.707
      vertex 21.8912 -4 169.793
    endloop
  endfacet
  facet normal 0 -1 0
    outer loop
      vertex -4 -4 175
      vertex 21.7066 -4 169.609
      vertex 21.7929 -4 169.707
    endloop
  endfacet
  facet normal 0 -1 0
    outer loop
      vertex -4 -4 175
      vertex 21.634 -4 169.5
      vertex 21.7066 -4 169.609
    endloop
  endfacet
  facet normal 0 -1 0
    outer loop
      vertex -4 -4 175
      vertex 21.5761 -4 169.383
      vertex 21.634 -4 169.5
    endloop
  endfacet
  facet normal 0 -1 0
    outer loop
      vertex -4 -4 175
      vertex 21.5341 -4 169.259
      vertex 21.5761 -4 169.383
    endloop
  endfacet
  facet normal 0 -1 0
    outer loop
      vertex 0 -4 163
      vertex 21.5341 -4 169.259
      vertex -4 -4 175
    endloop
  endfacet
  facet normal 0 -1 0
    outer loop
      vertex 21.5341 -4 169.259
      vertex 0 -4 163
      vertex 21.5086 -4 169.131
    endloop
  endfacet
  facet normal 0 -1 0
    outer loop
      vertex 21.5086 -4 169.131
      vertex 0 -4 163
      vertex 21.5 -4 169
    endloop
  endfacet
  facet normal 0 -1 -0
    outer loop
      vertex 21.5 -4 169
      vertex 0 -4 163
      vertex 21.5086 -4 168.869
    endloop
  endfacet
  facet normal 0 -1 -0
    outer loop
      vertex 21.5086 -4 168.869
      vertex 0 -4 163
      vertex 21.5341 -4 168.741
    endloop
  endfacet
  facet normal 0 -1 -0
    outer loop
      vertex 21.5341 -4 168.741
      vertex 0 -4 163
      vertex 21.5761 -4 168.617
    endloop
  endfacet
  facet normal 0 -1 -0
    outer loop
      vertex 21.5761 -4 168.617
      vertex 0 -4 163
      vertex 21.634 -4 168.5
    endloop
  endfacet
  facet normal 0 -1 -0
    outer loop
      vertex 21.634 -4 168.5
      vertex 0 -4 163
      vertex 21.7066 -4 168.391
    endloop
  endfacet
  facet normal 0 -1 -0
    outer loop
      vertex 21.7066 -4 168.391
      vertex 0 -4 163
      vertex 21.7929 -4 168.293
    endloop
  endfacet
  facet normal 0 -1 -0
    outer loop
      vertex 21.7929 -4 168.293
      vertex 0 -4 163
      vertex 21.8912 -4 168.207
    endloop
  endfacet
  facet normal 0 -1 -0
    outer loop
      vertex 21.8912 -4 168.207
      vertex 0 -4 163
      vertex 22 -4 168.134
    endloop
  endfacet
  facet normal 0 -1 -0
    outer loop
      vertex 22 -4 168.134
      vertex 0 -4 163
      vertex 22.1173 -4 168.076
    endloop
  endfacet
  facet normal 0 -1 -0
    outer loop
      vertex 89.8695 -4 168.009
      vertex 45 -4 165
      vertex 90 -4 168
    endloop
  endfacet
  facet normal 0 -1 -0
    outer loop
      vertex 90 -4 168
      vertex 45 -4 165
      vertex 150 -4 168
    endloop
  endfacet
  facet normal 0 -1 0
    outer loop
      vertex 195 -4 165
      vertex 150 -4 168
      vertex 45 -4 165
    endloop
  endfacet
  facet normal 0 -1 0
    outer loop
      vertex 0 -4 163
      vertex 22.5 -4 168
      vertex 22.3695 -4 168.009
    endloop
  endfacet
  facet normal 0 -1 -0
    outer loop
      vertex 22.5 -4 168
      vertex 0 -4 163
      vertex 45 -4 163
    endloop
  endfacet
  facet normal 0 -1 -0
    outer loop
      vertex 22.2412 -4 168.034
      vertex 0 -4 163
      vertex 22.3695 -4 168.009
    endloop
  endfacet
  facet normal 0 -1 -0
    outer loop
      vertex 22.1173 -4 168.076
      vertex 0 -4 163
      vertex 22.2412 -4 168.034
    endloop
  endfacet
  facet normal 0 -1 0
    outer loop
      vertex -4 -4 175
      vertex 0 -4 14
      vertex 0 -4 163
    endloop
  endfacet
  facet normal 0 -1 0
    outer loop
      vertex 0 -4 14
      vertex 22.5 -4 8
      vertex 45 -4 14
    endloop
  endfacet
  facet normal 0 -1 0
    outer loop
      vertex 0 -4 14
      vertex 22.3695 -4 7.99144
      vertex 22.5 -4 8
    endloop
  endfacet
  facet normal 0 -1 0
    outer loop
      vertex 0 -4 14
      vertex 22.2412 -4 7.96593
      vertex 22.3695 -4 7.99144
    endloop
  endfacet
  facet normal 0 -1 0
    outer loop
      vertex 0 -4 14
      vertex 22.1173 -4 7.92388
      vertex 22.2412 -4 7.96593
    endloop
  endfacet
  facet normal 0 -1 0
    outer loop
      vertex 0 -4 14
      vertex 22 -4 7.86602
      vertex 22.1173 -4 7.92388
    endloop
  endfacet
  facet normal 0 -1 0
    outer loop
      vertex 0 -4 14
      vertex 21.8912 -4 7.79335
      vertex 22 -4 7.86602
    endloop
  endfacet
  facet normal 0 -1 0
    outer loop
      vertex 0 -4 14
      vertex 21.7929 -4 7.70711
      vertex 21.8912 -4 7.79335
    endloop
  endfacet
  facet normal 0 -1 0
    outer loop
      vertex 0 -4 14
      vertex 21.7066 -4 7.60876
      vertex 21.7929 -4 7.70711
    endloop
  endfacet
  facet normal 0 -1 0
    outer loop
      vertex 0 -4 14
      vertex 21.634 -4 7.5
      vertex 21.7066 -4 7.60876
    endloop
  endfacet
  facet normal 0 -1 0
    outer loop
      vertex 0 -4 14
      vertex 21.5761 -4 7.38268
      vertex 21.634 -4 7.5
    endloop
  endfacet
  facet normal 0 -1 0
    outer loop
      vertex 0 -4 14
      vertex 21.5341 -4 7.25882
      vertex 21.5761 -4 7.38268
    endloop
  endfacet
  facet normal 0 -1 0
    outer loop
      vertex 0 -4 14
      vertex 21.5086 -4 7.13053
      vertex 21.5341 -4 7.25882
    endloop
  endfacet
  facet normal 0 -1 0
    outer loop
      vertex 0 -4 14
      vertex 21.5 -4 7
      vertex 21.5086 -4 7.13053
    endloop
  endfacet
  facet normal 0 -1 0
    outer loop
      vertex 0 -4 14
      vertex 21.5086 -4 6.86947
      vertex 21.5 -4 7
    endloop
  endfacet
  facet normal 0 -1 0
    outer loop
      vertex 0 -4 14
      vertex 21.5341 -4 6.74118
      vertex 21.5086 -4 6.86947
    endloop
  endfacet
  facet normal 0 -1 0
    outer loop
      vertex -4 -4 0
      vertex 21.5341 -4 6.74118
      vertex 0 -4 14
    endloop
  endfacet
  facet normal 0 -1 -0
    outer loop
      vertex 21.5341 -4 6.74118
      vertex -4 -4 0
      vertex 21.5761 -4 6.61732
    endloop
  endfacet
  facet normal 0 -1 -0
    outer loop
      vertex 21.5761 -4 6.61732
      vertex -4 -4 0
      vertex 21.634 -4 6.5
    endloop
  endfacet
  facet normal 0 -1 -0
    outer loop
      vertex 21.634 -4 6.5
      vertex -4 -4 0
      vertex 21.7066 -4 6.39124
    endloop
  endfacet
  facet normal 0 -1 -0
    outer loop
      vertex 21.7066 -4 6.39124
      vertex -4 -4 0
      vertex 21.7929 -4 6.29289
    endloop
  endfacet
  facet normal 0 -1 -0
    outer loop
      vertex 21.7929 -4 6.29289
      vertex -4 -4 0
      vertex 21.8912 -4 6.20665
    endloop
  endfacet
  facet normal 0 -1 -0
    outer loop
      vertex 21.8912 -4 6.20665
      vertex -4 -4 0
      vertex 22 -4 6.13397
    endloop
  endfacet
  facet normal 0 -1 0
    outer loop
      vertex 150.131 -4 4.99144
      vertex 195 -4 8
      vertex 150 -4 5
    endloop
  endfacet
  facet normal 0 -1 0
    outer loop
      vertex 22.6305 -4 6.00855
      vertex 89.8695 -4 4.99144
      vertex 90 -4 5
    endloop
  endfacet
  facet normal 0 -1 0
    outer loop
      vertex 22.6305 -4 6.00855
      vertex 89.7412 -4 4.96593
      vertex 89.8695 -4 4.99144
    endloop
  endfacet
  facet normal 0 -1 0
    outer loop
      vertex 22.6305 -4 6.00855
      vertex 89.6173 -4 4.92388
      vertex 89.7412 -4 4.96593
    endloop
  endfacet
  facet normal 0 -1 0
    outer loop
      vertex 22.6305 -4 6.00855
      vertex 89.5 -4 4.86602
      vertex 89.6173 -4 4.92388
    endloop
  endfacet
  facet normal 0 -1 0
    outer loop
      vertex 22.6305 -4 6.00855
      vertex 89.3912 -4 4.79335
      vertex 89.5 -4 4.86602
    endloop
  endfacet
  facet normal 0 -1 0
    outer loop
      vertex 22.6305 -4 6.00855
      vertex 89.2929 -4 4.70711
      vertex 89.3912 -4 4.79335
    endloop
  endfacet
  facet normal 0 -1 0
    outer loop
      vertex 22.6305 -4 6.00855
      vertex 89.2066 -4 4.60876
      vertex 89.2929 -4 4.70711
    endloop
  endfacet
  facet normal 0 -1 0
    outer loop
      vertex 22.6305 -4 6.00855
      vertex 89.134 -4 4.5
      vertex 89.2066 -4 4.60876
    endloop
  endfacet
  facet normal 0 -1 0
    outer loop
      vertex 22.6305 -4 6.00855
      vertex 89.0761 -4 4.38268
      vertex 89.134 -4 4.5
    endloop
  endfacet
  facet normal 0 -1 0
    outer loop
      vertex 22.6305 -4 6.00855
      vertex 89.0341 -4 4.25882
      vertex 89.0761 -4 4.38268
    endloop
  endfacet
  facet normal 0 -1 0
    outer loop
      vertex 22.6305 -4 6.00855
      vertex 89.0086 -4 4.13053
      vertex 89.0341 -4 4.25882
    endloop
  endfacet
  facet normal 0 -1 0
    outer loop
      vertex 22.6305 -4 6.00855
      vertex 89 -4 4
      vertex 89.0086 -4 4.13053
    endloop
  endfacet
  facet normal 0 -1 0
    outer loop
      vertex 22.6305 -4 6.00855
      vertex 89.0086 -4 3.86947
      vertex 89 -4 4
    endloop
  endfacet
  facet normal 0 -1 0
    outer loop
      vertex 22.6305 -4 6.00855
      vertex 89.0341 -4 3.74118
      vertex 89.0086 -4 3.86947
    endloop
  endfacet
  facet normal 0 -1 0
    outer loop
      vertex 22.6305 -4 6.00855
      vertex 89.0761 -4 3.61732
      vertex 89.0341 -4 3.74118
    endloop
  endfacet
  facet normal 0 -1 0
    outer loop
      vertex 22.6305 -4 6.00855
      vertex 89.134 -4 3.5
      vertex 89.0761 -4 3.61732
    endloop
  endfacet
  facet normal 0 -1 0
    outer loop
      vertex 22.6305 -4 6.00855
      vertex 89.2066 -4 3.39124
      vertex 89.134 -4 3.5
    endloop
  endfacet
  facet normal 0 -1 0
    outer loop
      vertex 22.6305 -4 6.00855
      vertex 89.2929 -4 3.29289
      vertex 89.2066 -4 3.39124
    endloop
  endfacet
  facet normal 0 -1 0
    outer loop
      vertex 22.6305 -4 6.00855
      vertex 89.3912 -4 3.20665
      vertex 89.2929 -4 3.29289
    endloop
  endfacet
  facet normal 0 -1 0
    outer loop
      vertex 22.6305 -4 6.00855
      vertex 89.5 -4 3.13397
      vertex 89.3912 -4 3.20665
    endloop
  endfacet
  facet normal 0 -1 0
    outer loop
      vertex 22.6305 -4 6.00855
      vertex 89.6173 -4 3.07612
      vertex 89.5 -4 3.13397
    endloop
  endfacet
  facet normal 0 -1 0
    outer loop
      vertex 22.6305 -4 6.00855
      vertex 89.7412 -4 3.03407
      vertex 89.6173 -4 3.07612
    endloop
  endfacet
  facet normal 0 -1 -0
    outer loop
      vertex 22.6305 -4 6.00855
      vertex -4 -4 0
      vertex 89.7412 -4 3.03407
    endloop
  endfacet
  facet normal 0 -1 -0
    outer loop
      vertex 89.7412 -4 3.03407
      vertex -4 -4 0
      vertex 89.8695 -4 3.00855
    endloop
  endfacet
  facet normal 0 -1 -0
    outer loop
      vertex 90 -4 3
      vertex -4 -4 0
      vertex 150 -4 3
    endloop
  endfacet
  facet normal 0 -1 -0
    outer loop
      vertex 89.8695 -4 3.00855
      vertex -4 -4 0
      vertex 90 -4 3
    endloop
  endfacet
  facet normal 0 -1 -0
    outer loop
      vertex 22.3695 -4 6.00855
      vertex -4 -4 0
      vertex 22.5 -4 6
    endloop
  endfacet
  facet normal 0 -1 -0
    outer loop
      vertex 22.2412 -4 6.03407
      vertex -4 -4 0
      vertex 22.3695 -4 6.00855
    endloop
  endfacet
  facet normal 0 -1 -0
    outer loop
      vertex 22.1173 -4 6.07612
      vertex -4 -4 0
      vertex 22.2412 -4 6.03407
    endloop
  endfacet
  facet normal 0 -1 -0
    outer loop
      vertex 22 -4 6.13397
      vertex -4 -4 0
      vertex 22.1173 -4 6.07612
    endloop
  endfacet
  facet normal 0 -1 0
    outer loop
      vertex -4 -4 0
      vertex 0 -4 14
      vertex -4 -4 175
    endloop
  endfacet
  facet normal 0 -1 0
    outer loop
      vertex 217.5 -4 170
      vertex 195 -4 175
      vertex 195 -4 173
    endloop
  endfacet
  facet normal 0 -1 0
    outer loop
      vertex 45 -4 173
      vertex 90 -4 170
      vertex 195 -4 173
    endloop
  endfacet
  facet normal 0 -1 0
    outer loop
      vertex 150 -4 170
      vertex 195 -4 173
      vertex 90 -4 170
    endloop
  endfacet
  facet normal 0 -1 0
    outer loop
      vertex 150.131 -4 169.991
      vertex 195 -4 173
      vertex 150 -4 170
    endloop
  endfacet
  facet normal 0 -1 0
    outer loop
      vertex 195 -4 175
      vertex 217.5 -4 170
      vertex 244 -4 175
    endloop
  endfacet
  facet normal 0 -1 0
    outer loop
      vertex 217.631 -4 169.991
      vertex 244 -4 175
      vertex 217.5 -4 170
    endloop
  endfacet
  facet normal 0 -1 0
    outer loop
      vertex 217.759 -4 169.966
      vertex 244 -4 175
      vertex 217.631 -4 169.991
    endloop
  endfacet
  facet normal 0 -1 0
    outer loop
      vertex 217.883 -4 169.924
      vertex 244 -4 175
      vertex 217.759 -4 169.966
    endloop
  endfacet
  facet normal 0 -1 0
    outer loop
      vertex 218 -4 169.866
      vertex 244 -4 175
      vertex 217.883 -4 169.924
    endloop
  endfacet
  facet normal 0 -1 0
    outer loop
      vertex 218.109 -4 169.793
      vertex 244 -4 175
      vertex 218 -4 169.866
    endloop
  endfacet
  facet normal 0 -1 0
    outer loop
      vertex 218.207 -4 169.707
      vertex 244 -4 175
      vertex 218.109 -4 169.793
    endloop
  endfacet
  facet normal 0 -1 0
    outer loop
      vertex 218.293 -4 169.609
      vertex 244 -4 175
      vertex 218.207 -4 169.707
    endloop
  endfacet
  facet normal 0 -1 0
    outer loop
      vertex 218.366 -4 169.5
      vertex 244 -4 175
      vertex 218.293 -4 169.609
    endloop
  endfacet
  facet normal 0 -1 0
    outer loop
      vertex 218.424 -4 169.383
      vertex 244 -4 175
      vertex 218.366 -4 169.5
    endloop
  endfacet
  facet normal 0 -1 0
    outer loop
      vertex 218.466 -4 169.259
      vertex 244 -4 175
      vertex 218.424 -4 169.383
    endloop
  endfacet
  facet normal 0 -1 0
    outer loop
      vertex 240 -4 163
      vertex 218.466 -4 169.259
      vertex 218.491 -4 169.131
    endloop
  endfacet
  facet normal 0 -1 0
    outer loop
      vertex 240 -4 163
      vertex 218.491 -4 169.131
      vertex 218.5 -4 169
    endloop
  endfacet
  facet normal 0 -1 0
    outer loop
      vertex 240 -4 163
      vertex 218.5 -4 169
      vertex 218.491 -4 168.869
    endloop
  endfacet
  facet normal 0 -1 0
    outer loop
      vertex 240 -4 163
      vertex 218.491 -4 168.869
      vertex 218.466 -4 168.741
    endloop
  endfacet
  facet normal 0 -1 0
    outer loop
      vertex 240 -4 163
      vertex 218.466 -4 168.741
      vertex 218.424 -4 168.617
    endloop
  endfacet
  facet normal 0 -1 0
    outer loop
      vertex 240 -4 163
      vertex 218.424 -4 168.617
      vertex 218.366 -4 168.5
    endloop
  endfacet
  facet normal 0 -1 0
    outer loop
      vertex 240 -4 163
      vertex 218.366 -4 168.5
      vertex 218.293 -4 168.391
    endloop
  endfacet
  facet normal 0 -1 0
    outer loop
      vertex 240 -4 163
      vertex 218.293 -4 168.391
      vertex 218.207 -4 168.293
    endloop
  endfacet
  facet normal 0 -1 0
    outer loop
      vertex 240 -4 163
      vertex 218.207 -4 168.293
      vertex 218.109 -4 168.207
    endloop
  endfacet
  facet normal 0 -1 0
    outer loop
      vertex 240 -4 163
      vertex 218.109 -4 168.207
      vertex 218 -4 168.134
    endloop
  endfacet
  facet normal 0 -1 0
    outer loop
      vertex 240 -4 163
      vertex 218 -4 168.134
      vertex 217.883 -4 168.076
    endloop
  endfacet
  facet normal 0 -1 0
    outer loop
      vertex 240 -4 163
      vertex 217.883 -4 168.076
      vertex 217.759 -4 168.034
    endloop
  endfacet
  facet normal 0 -1 -0
    outer loop
      vertex 217.241 -4 168.034
      vertex 195 -4 163
      vertex 217.369 -4 168.009
    endloop
  endfacet
  facet normal 0 -1 -0
    outer loop
      vertex 217.369 -4 168.009
      vertex 195 -4 163
      vertex 217.5 -4 168
    endloop
  endfacet
  facet normal 0 -1 0
    outer loop
      vertex 240 -4 163
      vertex 217.5 -4 168
      vertex 195 -4 163
    endloop
  endfacet
  facet normal 0 -1 0
    outer loop
      vertex 217.5 -4 168
      vertex 240 -4 163
      vertex 217.631 -4 168.009
    endloop
  endfacet
  facet normal 0 -1 0
    outer loop
      vertex 217.631 -4 168.009
      vertex 240 -4 163
      vertex 217.759 -4 168.034
    endloop
  endfacet
  facet normal 0 -1 0
    outer loop
      vertex 218.466 -4 169.259
      vertex 240 -4 163
      vertex 244 -4 175
    endloop
  endfacet
  facet normal 0 -1 0
    outer loop
      vertex 240 -4 14
      vertex 244 -4 175
      vertex 240 -4 163
    endloop
  endfacet
  facet normal -0 -1 0
    outer loop
      vertex 217.5 -4 8
      vertex 195 -4 14
      vertex 217.369 -4 7.99144
    endloop
  endfacet
  facet normal 0 -1 0
    outer loop
      vertex 217.631 -4 7.99144
      vertex 240 -4 14
      vertex 217.5 -4 8
    endloop
  endfacet
  facet normal 0 -1 0
    outer loop
      vertex 217.759 -4 7.96593
      vertex 240 -4 14
      vertex 217.631 -4 7.99144
    endloop
  endfacet
  facet normal 0 -1 0
    outer loop
      vertex 217.883 -4 7.92388
      vertex 240 -4 14
      vertex 217.759 -4 7.96593
    endloop
  endfacet
  facet normal 0 -1 0
    outer loop
      vertex 218 -4 7.86602
      vertex 240 -4 14
      vertex 217.883 -4 7.92388
    endloop
  endfacet
  facet normal 0 -1 0
    outer loop
      vertex 218.109 -4 7.79335
      vertex 240 -4 14
      vertex 218 -4 7.86602
    endloop
  endfacet
  facet normal 0 -1 0
    outer loop
      vertex 218.207 -4 7.70711
      vertex 240 -4 14
      vertex 218.109 -4 7.79335
    endloop
  endfacet
  facet normal 0 -1 0
    outer loop
      vertex 218.293 -4 7.60876
      vertex 240 -4 14
      vertex 218.207 -4 7.70711
    endloop
  endfacet
  facet normal 0 -1 0
    outer loop
      vertex 218.366 -4 7.5
      vertex 240 -4 14
      vertex 218.293 -4 7.60876
    endloop
  endfacet
  facet normal 0 -1 0
    outer loop
      vertex 218.424 -4 7.38268
      vertex 240 -4 14
      vertex 218.366 -4 7.5
    endloop
  endfacet
  facet normal 0 -1 0
    outer loop
      vertex 218.466 -4 7.25882
      vertex 240 -4 14
      vertex 218.424 -4 7.38268
    endloop
  endfacet
  facet normal 0 -1 0
    outer loop
      vertex 218.491 -4 7.13053
      vertex 240 -4 14
      vertex 218.466 -4 7.25882
    endloop
  endfacet
  facet normal 0 -1 0
    outer loop
      vertex 218.5 -4 7
      vertex 240 -4 14
      vertex 218.491 -4 7.13053
    endloop
  endfacet
  facet normal 0 -1 0
    outer loop
      vertex 218.491 -4 6.86947
      vertex 240 -4 14
      vertex 218.5 -4 7
    endloop
  endfacet
  facet normal 0 -1 0
    outer loop
      vertex 218.466 -4 6.74118
      vertex 240 -4 14
      vertex 218.491 -4 6.86947
    endloop
  endfacet
  facet normal 0 -1 0
    outer loop
      vertex 244 -4 0
      vertex 218.466 -4 6.74118
      vertex 218.424 -4 6.61732
    endloop
  endfacet
  facet normal 0 -1 0
    outer loop
      vertex 244 -4 0
      vertex 218.424 -4 6.61732
      vertex 218.366 -4 6.5
    endloop
  endfacet
  facet normal 0 -1 0
    outer loop
      vertex 244 -4 0
      vertex 218.366 -4 6.5
      vertex 218.293 -4 6.39124
    endloop
  endfacet
  facet normal 0 -1 0
    outer loop
      vertex 244 -4 0
      vertex 218.293 -4 6.39124
      vertex 218.207 -4 6.29289
    endloop
  endfacet
  facet normal 0 -1 0
    outer loop
      vertex 244 -4 0
      vertex 218.207 -4 6.29289
      vertex 218.109 -4 6.20665
    endloop
  endfacet
  facet normal 0 -1 0
    outer loop
      vertex 244 -4 0
      vertex 218.109 -4 6.20665
      vertex 218 -4 6.13397
    endloop
  endfacet
  facet normal 0 -1 0
    outer loop
      vertex 244 -4 0
      vertex 218 -4 6.13397
      vertex 217.883 -4 6.07612
    endloop
  endfacet
  facet normal 0 -1 0
    outer loop
      vertex 150.259 -4 4.96593
      vertex 195 -4 8
      vertex 150.131 -4 4.99144
    endloop
  endfacet
  facet normal 0 -1 0
    outer loop
      vertex 150.383 -4 4.92388
      vertex 195 -4 8
      vertex 150.259 -4 4.96593
    endloop
  endfacet
  facet normal 0 -1 0
    outer loop
      vertex 150.5 -4 4.86602
      vertex 195 -4 8
      vertex 150.383 -4 4.92388
    endloop
  endfacet
  facet normal 0 -1 0
    outer loop
      vertex 150.609 -4 4.79335
      vertex 195 -4 8
      vertex 150.5 -4 4.86602
    endloop
  endfacet
  facet normal 0 -1 0
    outer loop
      vertex 150.707 -4 4.70711
      vertex 195 -4 8
      vertex 150.609 -4 4.79335
    endloop
  endfacet
  facet normal 0 -1 0
    outer loop
      vertex 150.793 -4 4.60876
      vertex 195 -4 8
      vertex 150.707 -4 4.70711
    endloop
  endfacet
  facet normal 0 -1 0
    outer loop
      vertex 150.866 -4 4.5
      vertex 195 -4 8
      vertex 150.793 -4 4.60876
    endloop
  endfacet
  facet normal 0 -1 0
    outer loop
      vertex 150.924 -4 4.38268
      vertex 195 -4 8
      vertex 150.866 -4 4.5
    endloop
  endfacet
  facet normal 0 -1 0
    outer loop
      vertex 150.966 -4 4.25882
      vertex 195 -4 8
      vertex 150.924 -4 4.38268
    endloop
  endfacet
  facet normal 0 -1 0
    outer loop
      vertex 150.991 -4 4.13053
      vertex 195 -4 8
      vertex 150.966 -4 4.25882
    endloop
  endfacet
  facet normal 0 -1 0
    outer loop
      vertex 151 -4 4
      vertex 195 -4 8
      vertex 150.991 -4 4.13053
    endloop
  endfacet
  facet normal 0 -1 0
    outer loop
      vertex 150.991 -4 3.86947
      vertex 195 -4 8
      vertex 151 -4 4
    endloop
  endfacet
  facet normal 0 -1 0
    outer loop
      vertex 150.966 -4 3.74118
      vertex 195 -4 8
      vertex 150.991 -4 3.86947
    endloop
  endfacet
  facet normal 0 -1 0
    outer loop
      vertex 150.924 -4 3.61732
      vertex 195 -4 8
      vertex 150.966 -4 3.74118
    endloop
  endfacet
  facet normal 0 -1 0
    outer loop
      vertex 150.866 -4 3.5
      vertex 195 -4 8
      vertex 150.924 -4 3.61732
    endloop
  endfacet
  facet normal 0 -1 0
    outer loop
      vertex 150.793 -4 3.39124
      vertex 195 -4 8
      vertex 150.866 -4 3.5
    endloop
  endfacet
  facet normal 0 -1 0
    outer loop
      vertex 150.707 -4 3.29289
      vertex 195 -4 8
      vertex 150.793 -4 3.39124
    endloop
  endfacet
  facet normal 0 -1 0
    outer loop
      vertex 150.609 -4 3.20665
      vertex 195 -4 8
      vertex 150.707 -4 3.29289
    endloop
  endfacet
  facet normal 0 -1 0
    outer loop
      vertex 150.5 -4 3.13397
      vertex 195 -4 8
      vertex 150.609 -4 3.20665
    endloop
  endfacet
  facet normal 0 -1 0
    outer loop
      vertex 150.383 -4 3.07612
      vertex 195 -4 8
      vertex 150.5 -4 3.13397
    endloop
  endfacet
  facet normal 0 -1 0
    outer loop
      vertex 150.259 -4 3.03407
      vertex 195 -4 8
      vertex 150.383 -4 3.07612
    endloop
  endfacet
  facet normal 0 -1 -0
    outer loop
      vertex 195 -4 8
      vertex 150.259 -4 3.03407
      vertex 217.369 -4 6.00855
    endloop
  endfacet
  facet normal 0 -1 0
    outer loop
      vertex 244 -4 0
      vertex 217.369 -4 6.00855
      vertex 150.259 -4 3.03407
    endloop
  endfacet
  facet normal 0 -1 0
    outer loop
      vertex 244 -4 0
      vertex 150.259 -4 3.03407
      vertex 150.131 -4 3.00855
    endloop
  endfacet
  facet normal 0 -1 0
    outer loop
      vertex 244 -4 0
      vertex 150.131 -4 3.00855
      vertex 150 -4 3
    endloop
  endfacet
  facet normal 0 -1 0
    outer loop
      vertex 240 -4 14
      vertex 244 -4 0
      vertex 244 -4 175
    endloop
  endfacet
  facet normal 0 -1 0
    outer loop
      vertex 218.466 -4 6.74118
      vertex 244 -4 0
      vertex 240 -4 14
    endloop
  endfacet
  facet normal 0 -1 0
    outer loop
      vertex 217.759 -4 6.03407
      vertex 244 -4 0
      vertex 217.883 -4 6.07612
    endloop
  endfacet
  facet normal 0 -1 0
    outer loop
      vertex 217.631 -4 6.00855
      vertex 244 -4 0
      vertex 217.759 -4 6.03407
    endloop
  endfacet
  facet normal 0 -1 0
    outer loop
      vertex 217.5 -4 6
      vertex 244 -4 0
      vertex 217.631 -4 6.00855
    endloop
  endfacet
  facet normal 0 -1 0
    outer loop
      vertex 217.369 -4 6.00855
      vertex 244 -4 0
      vertex 217.5 -4 6
    endloop
  endfacet
  facet normal 0 -1 0
    outer loop
      vertex 244 -4 0
      vertex 150 -4 3
      vertex -4 -4 0
    endloop
  endfacet
  facet normal 0 -1 0
    outer loop
      vertex 23.4239 -4 168.617
      vertex 45 -4 163
      vertex 45 -4 165
    endloop
  endfacet
  facet normal 0 -1 0
    outer loop
      vertex 22.6305 -4 7.99144
      vertex 45 -4 14
      vertex 22.5 -4 8
    endloop
  endfacet
  facet normal 0 -1 0
    outer loop
      vertex 22.7588 -4 7.96593
      vertex 45 -4 14
      vertex 22.6305 -4 7.99144
    endloop
  endfacet
  facet normal 0 -1 0
    outer loop
      vertex 22.8827 -4 7.92388
      vertex 45 -4 14
      vertex 22.7588 -4 7.96593
    endloop
  endfacet
  facet normal 0 -1 0
    outer loop
      vertex 23 -4 7.86602
      vertex 45 -4 14
      vertex 22.8827 -4 7.92388
    endloop
  endfacet
  facet normal 0 -1 0
    outer loop
      vertex 195 -4 14
      vertex 217.5 -4 8
      vertex 240 -4 14
    endloop
  endfacet
  facet normal 0 -1 0
    outer loop
      vertex 23.1088 -4 7.79335
      vertex 45 -4 14
      vertex 23 -4 7.86602
    endloop
  endfacet
  facet normal 0 -1 0
    outer loop
      vertex 195 -4 14
      vertex 217.241 -4 7.96593
      vertex 217.369 -4 7.99144
    endloop
  endfacet
  facet normal 0 -1 0
    outer loop
      vertex 23.2071 -4 7.70711
      vertex 45 -4 14
      vertex 23.1088 -4 7.79335
    endloop
  endfacet
  facet normal 0 -1 0
    outer loop
      vertex 195 -4 14
      vertex 217.117 -4 7.92388
      vertex 217.241 -4 7.96593
    endloop
  endfacet
  facet normal 0 -1 0
    outer loop
      vertex 23.2934 -4 7.60876
      vertex 45 -4 14
      vertex 23.2071 -4 7.70711
    endloop
  endfacet
  facet normal 0 -1 0
    outer loop
      vertex 195 -4 14
      vertex 217 -4 7.86602
      vertex 217.117 -4 7.92388
    endloop
  endfacet
  facet normal 0 -1 0
    outer loop
      vertex 23.366 -4 7.5
      vertex 45 -4 14
      vertex 23.2934 -4 7.60876
    endloop
  endfacet
  facet normal 0 -1 0
    outer loop
      vertex 195 -4 14
      vertex 216.891 -4 7.79335
      vertex 217 -4 7.86602
    endloop
  endfacet
  facet normal 0 -1 0
    outer loop
      vertex 23.4239 -4 7.38268
      vertex 45 -4 14
      vertex 23.366 -4 7.5
    endloop
  endfacet
  facet normal 0 -1 0
    outer loop
      vertex 195 -4 14
      vertex 216.793 -4 7.70711
      vertex 216.891 -4 7.79335
    endloop
  endfacet
  facet normal 0 -1 -0
    outer loop
      vertex 45 -4 14
      vertex 23.4239 -4 7.38268
      vertex 45 -4 8
    endloop
  endfacet
  facet normal 0 -1 0
    outer loop
      vertex 195 -4 14
      vertex 216.707 -4 7.60876
      vertex 216.793 -4 7.70711
    endloop
  endfacet
  facet normal 0 -1 0
    outer loop
      vertex 23.4659 -4 7.25882
      vertex 45 -4 8
      vertex 23.4239 -4 7.38268
    endloop
  endfacet
  facet normal 0 -1 0
    outer loop
      vertex 195 -4 14
      vertex 216.634 -4 7.5
      vertex 216.707 -4 7.60876
    endloop
  endfacet
  facet normal 0 -1 0
    outer loop
      vertex 23.4914 -4 7.13053
      vertex 45 -4 8
      vertex 23.4659 -4 7.25882
    endloop
  endfacet
  facet normal 0 -1 0
    outer loop
      vertex 195 -4 14
      vertex 216.576 -4 7.38268
      vertex 216.634 -4 7.5
    endloop
  endfacet
  facet normal 0 -1 0
    outer loop
      vertex 23.5 -4 7
      vertex 45 -4 8
      vertex 23.4914 -4 7.13053
    endloop
  endfacet
  facet normal 0 -1 0
    outer loop
      vertex 195 -4 8
      vertex 216.534 -4 7.25882
      vertex 216.576 -4 7.38268
    endloop
  endfacet
  facet normal 0 -1 0
    outer loop
      vertex 23.4914 -4 6.86947
      vertex 45 -4 8
      vertex 23.5 -4 7
    endloop
  endfacet
  facet normal 0 -1 0
    outer loop
      vertex 195 -4 8
      vertex 216.509 -4 7.13053
      vertex 216.534 -4 7.25882
    endloop
  endfacet
  facet normal 0 -1 0
    outer loop
      vertex 23.4659 -4 6.74118
      vertex 45 -4 8
      vertex 23.4914 -4 6.86947
    endloop
  endfacet
  facet normal 0 -1 0
    outer loop
      vertex 195 -4 8
      vertex 216.5 -4 7
      vertex 216.509 -4 7.13053
    endloop
  endfacet
  facet normal 0 -1 0
    outer loop
      vertex 23.4239 -4 6.61732
      vertex 45 -4 8
      vertex 23.4659 -4 6.74118
    endloop
  endfacet
  facet normal 0 -1 0
    outer loop
      vertex 195 -4 8
      vertex 216.509 -4 6.86947
      vertex 216.5 -4 7
    endloop
  endfacet
  facet normal 0 -1 0
    outer loop
      vertex 23.366 -4 6.5
      vertex 45 -4 8
      vertex 23.4239 -4 6.61732
    endloop
  endfacet
  facet normal 0 -1 0
    outer loop
      vertex 195 -4 8
      vertex 216.534 -4 6.74118
      vertex 216.509 -4 6.86947
    endloop
  endfacet
  facet normal 0 -1 0
    outer loop
      vertex 23.2934 -4 6.39124
      vertex 45 -4 8
      vertex 23.366 -4 6.5
    endloop
  endfacet
  facet normal 0 -1 0
    outer loop
      vertex 195 -4 8
      vertex 216.576 -4 6.61732
      vertex 216.534 -4 6.74118
    endloop
  endfacet
  facet normal 0 -1 0
    outer loop
      vertex 23.2071 -4 6.29289
      vertex 45 -4 8
      vertex 23.2934 -4 6.39124
    endloop
  endfacet
  facet normal 0 -1 0
    outer loop
      vertex 195 -4 8
      vertex 216.634 -4 6.5
      vertex 216.576 -4 6.61732
    endloop
  endfacet
  facet normal 0 -1 0
    outer loop
      vertex 23.1088 -4 6.20665
      vertex 45 -4 8
      vertex 23.2071 -4 6.29289
    endloop
  endfacet
  facet normal 0 -1 0
    outer loop
      vertex 195 -4 8
      vertex 216.707 -4 6.39124
      vertex 216.634 -4 6.5
    endloop
  endfacet
  facet normal 0 -1 0
    outer loop
      vertex 23 -4 6.13397
      vertex 45 -4 8
      vertex 23.1088 -4 6.20665
    endloop
  endfacet
  facet normal 0 -1 0
    outer loop
      vertex 195 -4 8
      vertex 216.793 -4 6.29289
      vertex 216.707 -4 6.39124
    endloop
  endfacet
  facet normal 0 -1 0
    outer loop
      vertex 22.8827 -4 6.07612
      vertex 45 -4 8
      vertex 23 -4 6.13397
    endloop
  endfacet
  facet normal 0 -1 0
    outer loop
      vertex 195 -4 8
      vertex 216.891 -4 6.20665
      vertex 216.793 -4 6.29289
    endloop
  endfacet
  facet normal 0 -1 0
    outer loop
      vertex 22.7588 -4 6.03407
      vertex 45 -4 8
      vertex 22.8827 -4 6.07612
    endloop
  endfacet
  facet normal 0 -1 0
    outer loop
      vertex 195 -4 8
      vertex 217 -4 6.13397
      vertex 216.891 -4 6.20665
    endloop
  endfacet
  facet normal 0 -1 0
    outer loop
      vertex 22.6305 -4 6.00855
      vertex 45 -4 8
      vertex 22.7588 -4 6.03407
    endloop
  endfacet
  facet normal 0 -1 0
    outer loop
      vertex 195 -4 8
      vertex 217.117 -4 6.07612
      vertex 217 -4 6.13397
    endloop
  endfacet
  facet normal 0 -1 0
    outer loop
      vertex 90 -4 5
      vertex 45 -4 8
      vertex 22.6305 -4 6.00855
    endloop
  endfacet
  facet normal 0 -1 0
    outer loop
      vertex 195 -4 8
      vertex 217.241 -4 6.03407
      vertex 217.117 -4 6.07612
    endloop
  endfacet
  facet normal 0 -1 0
    outer loop
      vertex 45 -4 8
      vertex 90 -4 5
      vertex 195 -4 8
    endloop
  endfacet
  facet normal 0 -1 0
    outer loop
      vertex 195 -4 8
      vertex 217.369 -4 6.00855
      vertex 217.241 -4 6.03407
    endloop
  endfacet
  facet normal 0 -1 0
    outer loop
      vertex -4 -4 0
      vertex 22.6305 -4 6.00855
      vertex 22.5 -4 6
    endloop
  endfacet
  facet normal 0 -1 0
    outer loop
      vertex 150 -4 5
      vertex 195 -4 8
      vertex 90 -4 5
    endloop
  endfacet
  facet normal 0 -1 0
    outer loop
      vertex 90.1305 -4 4.99144
      vertex 150 -4 5
      vertex 90 -4 5
    endloop
  endfacet
  facet normal 0 -1 0
    outer loop
      vertex 90.1305 -4 4.99144
      vertex 149.869 -4 4.99144
      vertex 150 -4 5
    endloop
  endfacet
  facet normal 0 -1 0
    outer loop
      vertex 90.2588 -4 4.96593
      vertex 149.869 -4 4.99144
      vertex 90.1305 -4 4.99144
    endloop
  endfacet
  facet normal 0 -1 0
    outer loop
      vertex 90.2588 -4 4.96593
      vertex 149.741 -4 4.96593
      vertex 149.869 -4 4.99144
    endloop
  endfacet
  facet normal 0 -1 0
    outer loop
      vertex 90.3827 -4 4.92388
      vertex 149.741 -4 4.96593
      vertex 90.2588 -4 4.96593
    endloop
  endfacet
  facet normal 0 -1 0
    outer loop
      vertex 90.3827 -4 4.92388
      vertex 149.617 -4 4.92388
      vertex 149.741 -4 4.96593
    endloop
  endfacet
  facet normal 0 -1 0
    outer loop
      vertex 90.5 -4 4.86602
      vertex 149.617 -4 4.92388
      vertex 90.3827 -4 4.92388
    endloop
  endfacet
  facet normal 0 -1 0
    outer loop
      vertex 90.5 -4 4.86602
      vertex 149.5 -4 4.86602
      vertex 149.617 -4 4.92388
    endloop
  endfacet
  facet normal 0 -1 0
    outer loop
      vertex 90.6088 -4 4.79335
      vertex 149.5 -4 4.86602
      vertex 90.5 -4 4.86602
    endloop
  endfacet
  facet normal 0 -1 0
    outer loop
      vertex 90.6088 -4 4.79335
      vertex 149.391 -4 4.79335
      vertex 149.5 -4 4.86602
    endloop
  endfacet
  facet normal 0 -1 0
    outer loop
      vertex 90.7071 -4 4.70711
      vertex 149.391 -4 4.79335
      vertex 90.6088 -4 4.79335
    endloop
  endfacet
  facet normal 0 -1 0
    outer loop
      vertex 90.7071 -4 4.70711
      vertex 149.293 -4 4.70711
      vertex 149.391 -4 4.79335
    endloop
  endfacet
  facet normal 0 -1 0
    outer loop
      vertex 90.7934 -4 4.60876
      vertex 149.293 -4 4.70711
      vertex 90.7071 -4 4.70711
    endloop
  endfacet
  facet normal 0 -1 0
    outer loop
      vertex 90.7934 -4 4.60876
      vertex 149.207 -4 4.60876
      vertex 149.293 -4 4.70711
    endloop
  endfacet
  facet normal 0 -1 0
    outer loop
      vertex 90.866 -4 4.5
      vertex 149.207 -4 4.60876
      vertex 90.7934 -4 4.60876
    endloop
  endfacet
  facet normal 0 -1 0
    outer loop
      vertex 90.866 -4 4.5
      vertex 149.134 -4 4.5
      vertex 149.207 -4 4.60876
    endloop
  endfacet
  facet normal 0 -1 0
    outer loop
      vertex 90.9239 -4 4.38268
      vertex 149.134 -4 4.5
      vertex 90.866 -4 4.5
    endloop
  endfacet
  facet normal 0 -1 0
    outer loop
      vertex 90.9239 -4 4.38268
      vertex 149.076 -4 4.38268
      vertex 149.134 -4 4.5
    endloop
  endfacet
  facet normal 0 -1 0
    outer loop
      vertex 90.9659 -4 4.25882
      vertex 149.076 -4 4.38268
      vertex 90.9239 -4 4.38268
    endloop
  endfacet
  facet normal 0 -1 0
    outer loop
      vertex 90.9659 -4 4.25882
      vertex 149.034 -4 4.25882
      vertex 149.076 -4 4.38268
    endloop
  endfacet
  facet normal 0 -1 0
    outer loop
      vertex 90.9914 -4 4.13053
      vertex 149.034 -4 4.25882
      vertex 90.9659 -4 4.25882
    endloop
  endfacet
  facet normal 0 -1 0
    outer loop
      vertex 90.9914 -4 4.13053
      vertex 149.009 -4 4.13053
      vertex 149.034 -4 4.25882
    endloop
  endfacet
  facet normal 0 -1 0
    outer loop
      vertex 91 -4 4
      vertex 149.009 -4 4.13053
      vertex 90.9914 -4 4.13053
    endloop
  endfacet
  facet normal 0 -1 0
    outer loop
      vertex 91 -4 4
      vertex 149 -4 4
      vertex 149.009 -4 4.13053
    endloop
  endfacet
  facet normal 0 -1 0
    outer loop
      vertex 90.9914 -4 3.86947
      vertex 149 -4 4
      vertex 91 -4 4
    endloop
  endfacet
  facet normal 0 -1 0
    outer loop
      vertex 90.9914 -4 3.86947
      vertex 149.009 -4 3.86947
      vertex 149 -4 4
    endloop
  endfacet
  facet normal 0 -1 0
    outer loop
      vertex 90.9659 -4 3.74118
      vertex 149.009 -4 3.86947
      vertex 90.9914 -4 3.86947
    endloop
  endfacet
  facet normal 0 -1 0
    outer loop
      vertex 90.9659 -4 3.74118
      vertex 149.034 -4 3.74118
      vertex 149.009 -4 3.86947
    endloop
  endfacet
  facet normal 0 -1 0
    outer loop
      vertex 90.9239 -4 3.61732
      vertex 149.034 -4 3.74118
      vertex 90.9659 -4 3.74118
    endloop
  endfacet
  facet normal 0 -1 0
    outer loop
      vertex 90.9239 -4 3.61732
      vertex 149.076 -4 3.61732
      vertex 149.034 -4 3.74118
    endloop
  endfacet
  facet normal 0 -1 0
    outer loop
      vertex 90.866 -4 3.5
      vertex 149.076 -4 3.61732
      vertex 90.9239 -4 3.61732
    endloop
  endfacet
  facet normal 0 -1 0
    outer loop
      vertex 90.866 -4 3.5
      vertex 149.134 -4 3.5
      vertex 149.076 -4 3.61732
    endloop
  endfacet
  facet normal 0 -1 0
    outer loop
      vertex 90.7934 -4 3.39124
      vertex 149.134 -4 3.5
      vertex 90.866 -4 3.5
    endloop
  endfacet
  facet normal 0 -1 0
    outer loop
      vertex 90.7934 -4 3.39124
      vertex 149.207 -4 3.39124
      vertex 149.134 -4 3.5
    endloop
  endfacet
  facet normal 0 -1 0
    outer loop
      vertex 90.7071 -4 3.29289
      vertex 149.207 -4 3.39124
      vertex 90.7934 -4 3.39124
    endloop
  endfacet
  facet normal 0 -1 0
    outer loop
      vertex 90.7071 -4 3.29289
      vertex 149.293 -4 3.29289
      vertex 149.207 -4 3.39124
    endloop
  endfacet
  facet normal 0 -1 0
    outer loop
      vertex 90.6088 -4 3.20665
      vertex 149.293 -4 3.29289
      vertex 90.7071 -4 3.29289
    endloop
  endfacet
  facet normal 0 -1 0
    outer loop
      vertex 90.6088 -4 3.20665
      vertex 149.391 -4 3.20665
      vertex 149.293 -4 3.29289
    endloop
  endfacet
  facet normal 0 -1 0
    outer loop
      vertex 90.5 -4 3.13397
      vertex 149.391 -4 3.20665
      vertex 90.6088 -4 3.20665
    endloop
  endfacet
  facet normal 0 -1 0
    outer loop
      vertex 90.5 -4 3.13397
      vertex 149.5 -4 3.13397
      vertex 149.391 -4 3.20665
    endloop
  endfacet
  facet normal 0 -1 0
    outer loop
      vertex 90.3827 -4 3.07612
      vertex 149.5 -4 3.13397
      vertex 90.5 -4 3.13397
    endloop
  endfacet
  facet normal 0 -1 0
    outer loop
      vertex 90.3827 -4 3.07612
      vertex 149.617 -4 3.07612
      vertex 149.5 -4 3.13397
    endloop
  endfacet
  facet normal 0 -1 0
    outer loop
      vertex 90.2588 -4 3.03407
      vertex 149.617 -4 3.07612
      vertex 90.3827 -4 3.07612
    endloop
  endfacet
  facet normal 0 -1 0
    outer loop
      vertex 90.2588 -4 3.03407
      vertex 149.741 -4 3.03407
      vertex 149.617 -4 3.07612
    endloop
  endfacet
  facet normal 0 -1 0
    outer loop
      vertex 90.1305 -4 3.00855
      vertex 149.741 -4 3.03407
      vertex 90.2588 -4 3.03407
    endloop
  endfacet
  facet normal 0 -1 0
    outer loop
      vertex 90.1305 -4 3.00855
      vertex 149.869 -4 3.00855
      vertex 149.741 -4 3.03407
    endloop
  endfacet
  facet normal 0 -1 0
    outer loop
      vertex 90 -4 3
      vertex 149.869 -4 3.00855
      vertex 90.1305 -4 3.00855
    endloop
  endfacet
  facet normal 0 -1 -0
    outer loop
      vertex 149.869 -4 3.00855
      vertex 90 -4 3
      vertex 150 -4 3
    endloop
  endfacet
  facet normal -0 0 1
    outer loop
      vertex 0 0 14
      vertex 45 -4 14
      vertex 45 0 14
    endloop
  endfacet
  facet normal 0 0 1
    outer loop
      vertex 45 -4 14
      vertex 0 0 14
      vertex 0 -4 14
    endloop
  endfacet
  facet normal 0 0 1
    outer loop
      vertex 45 31 14
      vertex 0 27 14
      vertex 45 27 14
    endloop
  endfacet
  facet normal -0 0 1
    outer loop
      vertex -4 31 14
      vertex 0 27 14
      vertex 45 31 14
    endloop
  endfacet
  facet normal 0 0 1
    outer loop
      vertex -4 0 14
      vertex 0 27 14
      vertex -4 31 14
    endloop
  endfacet
  facet normal 0 0 1
    outer loop
      vertex 0 27 14
      vertex -4 0 14
      vertex 0 0 14
    endloop
  endfacet
  facet normal 1 -0 0
    outer loop
      vertex 0 0 14
      vertex 0 27 4
      vertex 0 27 14
    endloop
  endfacet
  facet normal 1 0 0
    outer loop
      vertex 0 27 4
      vertex 0 0 14
      vertex 0 0 4
    endloop
  endfacet
  facet normal 0 1 0
    outer loop
      vertex 89.0086 0 3.86947
      vertex 45 0 4
      vertex 89 0 4
    endloop
  endfacet
  facet normal 0 1 0
    outer loop
      vertex 45 0 0
      vertex 89.0086 0 3.86947
      vertex 89.0341 0 3.74118
    endloop
  endfacet
  facet normal 0 1 0
    outer loop
      vertex 45 0 0
      vertex 89.0341 0 3.74118
      vertex 89.0761 0 3.61732
    endloop
  endfacet
  facet normal 0 1 0
    outer loop
      vertex 45 0 0
      vertex 89.0761 0 3.61732
      vertex 89.134 0 3.5
    endloop
  endfacet
  facet normal 0 1 0
    outer loop
      vertex 45 0 0
      vertex 89.134 0 3.5
      vertex 89.2066 0 3.39124
    endloop
  endfacet
  facet normal 0 1 0
    outer loop
      vertex 45 0 0
      vertex 89.2066 0 3.39124
      vertex 89.2929 0 3.29289
    endloop
  endfacet
  facet normal 0 1 0
    outer loop
      vertex 45 0 0
      vertex 89.2929 0 3.29289
      vertex 89.3912 0 3.20665
    endloop
  endfacet
  facet normal 0 1 0
    outer loop
      vertex 45 0 0
      vertex 89.3912 0 3.20665
      vertex 89.5 0 3.13397
    endloop
  endfacet
  facet normal 0 1 0
    outer loop
      vertex 45 0 0
      vertex 89.5 0 3.13397
      vertex 89.6173 0 3.07612
    endloop
  endfacet
  facet normal 0 1 0
    outer loop
      vertex 45 0 0
      vertex 89.6173 0 3.07612
      vertex 89.7412 0 3.03407
    endloop
  endfacet
  facet normal 0 1 0
    outer loop
      vertex 45 0 0
      vertex 89.7412 0 3.03407
      vertex 89.8695 0 3.00855
    endloop
  endfacet
  facet normal 0 1 0
    outer loop
      vertex 45 0 0
      vertex 89.8695 0 3.00855
      vertex 90 0 3
    endloop
  endfacet
  facet normal 0 1 0
    outer loop
      vertex 45 0 0
      vertex 90 0 3
      vertex 195 0 0
    endloop
  endfacet
  facet normal 0 1 0
    outer loop
      vertex 89.0086 0 3.86947
      vertex 45 0 0
      vertex 45 0 4
    endloop
  endfacet
  facet normal 0 1 -0
    outer loop
      vertex 149.869 0 4.99144
      vertex 90 0 5
      vertex 150 0 5
    endloop
  endfacet
  facet normal 0 1 0
    outer loop
      vertex 149.869 0 4.99144
      vertex 90.1305 0 4.99144
      vertex 90 0 5
    endloop
  endfacet
  facet normal 0 1 -0
    outer loop
      vertex 149.741 0 4.96593
      vertex 90.1305 0 4.99144
      vertex 149.869 0 4.99144
    endloop
  endfacet
  facet normal 0 1 0
    outer loop
      vertex 149.741 0 4.96593
      vertex 90.2588 0 4.96593
      vertex 90.1305 0 4.99144
    endloop
  endfacet
  facet normal 0 1 -0
    outer loop
      vertex 149.617 0 4.92388
      vertex 90.2588 0 4.96593
      vertex 149.741 0 4.96593
    endloop
  endfacet
  facet normal 0 1 0
    outer loop
      vertex 149.617 0 4.92388
      vertex 90.3827 0 4.92388
      vertex 90.2588 0 4.96593
    endloop
  endfacet
  facet normal 0 1 -0
    outer loop
      vertex 149.5 0 4.86602
      vertex 90.3827 0 4.92388
      vertex 149.617 0 4.92388
    endloop
  endfacet
  facet normal 0 1 0
    outer loop
      vertex 149.5 0 4.86602
      vertex 90.5 0 4.86602
      vertex 90.3827 0 4.92388
    endloop
  endfacet
  facet normal 0 1 -0
    outer loop
      vertex 149.391 0 4.79335
      vertex 90.5 0 4.86602
      vertex 149.5 0 4.86602
    endloop
  endfacet
  facet normal 0 1 0
    outer loop
      vertex 149.391 0 4.79335
      vertex 90.6088 0 4.79335
      vertex 90.5 0 4.86602
    endloop
  endfacet
  facet normal 0 1 -0
    outer loop
      vertex 149.293 0 4.70711
      vertex 90.6088 0 4.79335
      vertex 149.391 0 4.79335
    endloop
  endfacet
  facet normal 0 1 0
    outer loop
      vertex 149.293 0 4.70711
      vertex 90.7071 0 4.70711
      vertex 90.6088 0 4.79335
    endloop
  endfacet
  facet normal 0 1 -0
    outer loop
      vertex 149.207 0 4.60876
      vertex 90.7071 0 4.70711
      vertex 149.293 0 4.70711
    endloop
  endfacet
  facet normal 0 1 0
    outer loop
      vertex 149.207 0 4.60876
      vertex 90.7934 0 4.60876
      vertex 90.7071 0 4.70711
    endloop
  endfacet
  facet normal 0 1 -0
    outer loop
      vertex 149.134 0 4.5
      vertex 90.7934 0 4.60876
      vertex 149.207 0 4.60876
    endloop
  endfacet
  facet normal 0 1 0
    outer loop
      vertex 149.134 0 4.5
      vertex 90.866 0 4.5
      vertex 90.7934 0 4.60876
    endloop
  endfacet
  facet normal 0 1 -0
    outer loop
      vertex 149.076 0 4.38268
      vertex 90.866 0 4.5
      vertex 149.134 0 4.5
    endloop
  endfacet
  facet normal 0 1 0
    outer loop
      vertex 149.076 0 4.38268
      vertex 90.9239 0 4.38268
      vertex 90.866 0 4.5
    endloop
  endfacet
  facet normal 0 1 -0
    outer loop
      vertex 149.034 0 4.25882
      vertex 90.9239 0 4.38268
      vertex 149.076 0 4.38268
    endloop
  endfacet
  facet normal 0 1 0
    outer loop
      vertex 149.034 0 4.25882
      vertex 90.9659 0 4.25882
      vertex 90.9239 0 4.38268
    endloop
  endfacet
  facet normal 0 1 -0
    outer loop
      vertex 149.009 0 4.13053
      vertex 90.9659 0 4.25882
      vertex 149.034 0 4.25882
    endloop
  endfacet
  facet normal 0 1 0
    outer loop
      vertex 149.009 0 4.13053
      vertex 90.9914 0 4.13053
      vertex 90.9659 0 4.25882
    endloop
  endfacet
  facet normal 0 1 -0
    outer loop
      vertex 149 0 4
      vertex 90.9914 0 4.13053
      vertex 149.009 0 4.13053
    endloop
  endfacet
  facet normal 0 1 0
    outer loop
      vertex 149 0 4
      vertex 91 0 4
      vertex 90.9914 0 4.13053
    endloop
  endfacet
  facet normal 0 1 0
    outer loop
      vertex 149.009 0 3.86947
      vertex 91 0 4
      vertex 149 0 4
    endloop
  endfacet
  facet normal 0 1 0
    outer loop
      vertex 149.009 0 3.86947
      vertex 90.9914 0 3.86947
      vertex 91 0 4
    endloop
  endfacet
  facet normal 0 1 0
    outer loop
      vertex 149.034 0 3.74118
      vertex 90.9914 0 3.86947
      vertex 149.009 0 3.86947
    endloop
  endfacet
  facet normal 0 1 0
    outer loop
      vertex 149.034 0 3.74118
      vertex 90.9659 0 3.74118
      vertex 90.9914 0 3.86947
    endloop
  endfacet
  facet normal 0 1 0
    outer loop
      vertex 149.076 0 3.61732
      vertex 90.9659 0 3.74118
      vertex 149.034 0 3.74118
    endloop
  endfacet
  facet normal 0 1 0
    outer loop
      vertex 149.076 0 3.61732
      vertex 90.9239 0 3.61732
      vertex 90.9659 0 3.74118
    endloop
  endfacet
  facet normal 0 1 0
    outer loop
      vertex 149.134 0 3.5
      vertex 90.9239 0 3.61732
      vertex 149.076 0 3.61732
    endloop
  endfacet
  facet normal 0 1 0
    outer loop
      vertex 149.134 0 3.5
      vertex 90.866 0 3.5
      vertex 90.9239 0 3.61732
    endloop
  endfacet
  facet normal 0 1 0
    outer loop
      vertex 149.207 0 3.39124
      vertex 90.866 0 3.5
      vertex 149.134 0 3.5
    endloop
  endfacet
  facet normal 0 1 0
    outer loop
      vertex 149.207 0 3.39124
      vertex 90.7934 0 3.39124
      vertex 90.866 0 3.5
    endloop
  endfacet
  facet normal 0 1 0
    outer loop
      vertex 149.293 0 3.29289
      vertex 90.7934 0 3.39124
      vertex 149.207 0 3.39124
    endloop
  endfacet
  facet normal 0 1 0
    outer loop
      vertex 149.293 0 3.29289
      vertex 90.7071 0 3.29289
      vertex 90.7934 0 3.39124
    endloop
  endfacet
  facet normal 0 1 0
    outer loop
      vertex 149.391 0 3.20665
      vertex 90.7071 0 3.29289
      vertex 149.293 0 3.29289
    endloop
  endfacet
  facet normal 0 1 0
    outer loop
      vertex 149.391 0 3.20665
      vertex 90.6088 0 3.20665
      vertex 90.7071 0 3.29289
    endloop
  endfacet
  facet normal 0 1 0
    outer loop
      vertex 149.5 0 3.13397
      vertex 90.6088 0 3.20665
      vertex 149.391 0 3.20665
    endloop
  endfacet
  facet normal 0 1 0
    outer loop
      vertex 149.5 0 3.13397
      vertex 90.5 0 3.13397
      vertex 90.6088 0 3.20665
    endloop
  endfacet
  facet normal 0 1 0
    outer loop
      vertex 149.617 0 3.07612
      vertex 90.5 0 3.13397
      vertex 149.5 0 3.13397
    endloop
  endfacet
  facet normal 0 1 0
    outer loop
      vertex 149.617 0 3.07612
      vertex 90.3827 0 3.07612
      vertex 90.5 0 3.13397
    endloop
  endfacet
  facet normal 0 1 0
    outer loop
      vertex 149.741 0 3.03407
      vertex 90.3827 0 3.07612
      vertex 149.617 0 3.07612
    endloop
  endfacet
  facet normal 0 1 0
    outer loop
      vertex 149.741 0 3.03407
      vertex 90.2588 0 3.03407
      vertex 90.3827 0 3.07612
    endloop
  endfacet
  facet normal 0 1 0
    outer loop
      vertex 149.869 0 3.00855
      vertex 90.2588 0 3.03407
      vertex 149.741 0 3.03407
    endloop
  endfacet
  facet normal 0 1 0
    outer loop
      vertex 149.869 0 3.00855
      vertex 90.1305 0 3.00855
      vertex 90.2588 0 3.03407
    endloop
  endfacet
  facet normal 0 1 0
    outer loop
      vertex 150 0 3
      vertex 90.1305 0 3.00855
      vertex 149.869 0 3.00855
    endloop
  endfacet
  facet normal 0 1 0
    outer loop
      vertex 90.1305 0 3.00855
      vertex 150 0 3
      vertex 90 0 3
    endloop
  endfacet
  facet normal 0 1 0
    outer loop
      vertex 23.4239 0 7.38268
      vertex 45 0 14
      vertex 45 0 8
    endloop
  endfacet
  facet normal -0 1 0
    outer loop
      vertex 22.5 0 8
      vertex 45 0 14
      vertex 22.6305 0 7.99144
    endloop
  endfacet
  facet normal 0 1 -0
    outer loop
      vertex 22.3695 0 7.99144
      vertex 0 0 14
      vertex 22.5 0 8
    endloop
  endfacet
  facet normal 0 1 -0
    outer loop
      vertex 22.2412 0 7.96593
      vertex 0 0 14
      vertex 22.3695 0 7.99144
    endloop
  endfacet
  facet normal 0 1 -0
    outer loop
      vertex 22.1173 0 7.92388
      vertex 0 0 14
      vertex 22.2412 0 7.96593
    endloop
  endfacet
  facet normal 0 1 -0
    outer loop
      vertex 22 0 7.86602
      vertex 0 0 14
      vertex 22.1173 0 7.92388
    endloop
  endfacet
  facet normal 0 1 -0
    outer loop
      vertex 21.8912 0 7.79335
      vertex 0 0 14
      vertex 22 0 7.86602
    endloop
  endfacet
  facet normal 0 1 -0
    outer loop
      vertex 21.7929 0 7.70711
      vertex 0 0 14
      vertex 21.8912 0 7.79335
    endloop
  endfacet
  facet normal 0 1 -0
    outer loop
      vertex 21.7066 0 7.60876
      vertex 0 0 14
      vertex 21.7929 0 7.70711
    endloop
  endfacet
  facet normal 0 1 -0
    outer loop
      vertex 21.634 0 7.5
      vertex 0 0 14
      vertex 21.7066 0 7.60876
    endloop
  endfacet
  facet normal 0 1 -0
    outer loop
      vertex 21.5761 0 7.38268
      vertex 0 0 14
      vertex 21.634 0 7.5
    endloop
  endfacet
  facet normal 0 1 -0
    outer loop
      vertex 21.5341 0 7.25882
      vertex 0 0 14
      vertex 21.5761 0 7.38268
    endloop
  endfacet
  facet normal 0 1 -0
    outer loop
      vertex 21.5086 0 7.13053
      vertex 0 0 14
      vertex 21.5341 0 7.25882
    endloop
  endfacet
  facet normal 0 1 0
    outer loop
      vertex 0 0 4
      vertex 21.5086 0 7.13053
      vertex 21.5 0 7
    endloop
  endfacet
  facet normal 0 1 0
    outer loop
      vertex 0 0 4
      vertex 21.5 0 7
      vertex 21.5086 0 6.86947
    endloop
  endfacet
  facet normal 0 1 0
    outer loop
      vertex 0 0 4
      vertex 21.5086 0 6.86947
      vertex 21.5341 0 6.74118
    endloop
  endfacet
  facet normal 0 1 0
    outer loop
      vertex 0 0 4
      vertex 21.5341 0 6.74118
      vertex 21.5761 0 6.61732
    endloop
  endfacet
  facet normal 0 1 0
    outer loop
      vertex 0 0 4
      vertex 21.5761 0 6.61732
      vertex 21.634 0 6.5
    endloop
  endfacet
  facet normal 0 1 0
    outer loop
      vertex 0 0 4
      vertex 21.634 0 6.5
      vertex 21.7066 0 6.39124
    endloop
  endfacet
  facet normal 0 1 0
    outer loop
      vertex 0 0 4
      vertex 21.7066 0 6.39124
      vertex 21.7929 0 6.29289
    endloop
  endfacet
  facet normal 0 1 0
    outer loop
      vertex 0 0 4
      vertex 21.7929 0 6.29289
      vertex 21.8912 0 6.20665
    endloop
  endfacet
  facet normal 0 1 0
    outer loop
      vertex 0 0 4
      vertex 21.8912 0 6.20665
      vertex 22 0 6.13397
    endloop
  endfacet
  facet normal 0 1 0
    outer loop
      vertex 0 0 4
      vertex 22 0 6.13397
      vertex 22.1173 0 6.07612
    endloop
  endfacet
  facet normal 0 1 -0
    outer loop
      vertex 89.7412 0 4.96593
      vertex 45 0 8
      vertex 89.8695 0 4.99144
    endloop
  endfacet
  facet normal 0 1 0
    outer loop
      vertex 45 0 8
      vertex 45 0 4
      vertex 22.6305 0 6.00855
    endloop
  endfacet
  facet normal 0 1 -0
    outer loop
      vertex 89.6173 0 4.92388
      vertex 45 0 8
      vertex 89.7412 0 4.96593
    endloop
  endfacet
  facet normal 0 1 -0
    outer loop
      vertex 89.5 0 4.86602
      vertex 45 0 8
      vertex 89.6173 0 4.92388
    endloop
  endfacet
  facet normal 0 1 -0
    outer loop
      vertex 89.3912 0 4.79335
      vertex 45 0 8
      vertex 89.5 0 4.86602
    endloop
  endfacet
  facet normal 0 1 -0
    outer loop
      vertex 89.2929 0 4.70711
      vertex 45 0 8
      vertex 89.3912 0 4.79335
    endloop
  endfacet
  facet normal 0 1 -0
    outer loop
      vertex 89.2066 0 4.60876
      vertex 45 0 8
      vertex 89.2929 0 4.70711
    endloop
  endfacet
  facet normal 0 1 -0
    outer loop
      vertex 89.134 0 4.5
      vertex 45 0 8
      vertex 89.2066 0 4.60876
    endloop
  endfacet
  facet normal 0 1 -0
    outer loop
      vertex 89.0761 0 4.38268
      vertex 45 0 8
      vertex 89.134 0 4.5
    endloop
  endfacet
  facet normal 0 1 -0
    outer loop
      vertex 89.0341 0 4.25882
      vertex 45 0 8
      vertex 89.0761 0 4.38268
    endloop
  endfacet
  facet normal 0 1 -0
    outer loop
      vertex 89.0086 0 4.13053
      vertex 45 0 8
      vertex 89.0341 0 4.25882
    endloop
  endfacet
  facet normal 0 1 0
    outer loop
      vertex 45 0 8
      vertex 89.0086 0 4.13053
      vertex 45 0 4
    endloop
  endfacet
  facet normal 0 1 0
    outer loop
      vertex 45 0 4
      vertex 89.0086 0 4.13053
      vertex 89 0 4
    endloop
  endfacet
  facet normal 0 1 0
    outer loop
      vertex 22.6305 0 6.00855
      vertex 45 0 4
      vertex 22.5 0 6
    endloop
  endfacet
  facet normal 0 1 0
    outer loop
      vertex 0 0 4
      vertex 22.5 0 6
      vertex 45 0 4
    endloop
  endfacet
  facet normal 0 1 0
    outer loop
      vertex 21.5086 0 7.13053
      vertex 0 0 4
      vertex 0 0 14
    endloop
  endfacet
  facet normal 0 1 0
    outer loop
      vertex 22.2412 0 6.03407
      vertex 0 0 4
      vertex 22.1173 0 6.07612
    endloop
  endfacet
  facet normal 0 1 0
    outer loop
      vertex 22.3695 0 6.00855
      vertex 0 0 4
      vertex 22.2412 0 6.03407
    endloop
  endfacet
  facet normal 0 1 0
    outer loop
      vertex 22.5 0 6
      vertex 0 0 4
      vertex 22.3695 0 6.00855
    endloop
  endfacet
  facet normal 0 1 0
    outer loop
      vertex 240 0 14
      vertex 217.5 0 8
      vertex 195 0 14
    endloop
  endfacet
  facet normal 0 1 0
    outer loop
      vertex 240 0 14
      vertex 217.631 0 7.99144
      vertex 217.5 0 8
    endloop
  endfacet
  facet normal 0 1 0
    outer loop
      vertex 240 0 14
      vertex 217.759 0 7.96593
      vertex 217.631 0 7.99144
    endloop
  endfacet
  facet normal 0 1 0
    outer loop
      vertex 240 0 14
      vertex 217.883 0 7.92388
      vertex 217.759 0 7.96593
    endloop
  endfacet
  facet normal 0 1 0
    outer loop
      vertex 240 0 14
      vertex 218 0 7.86602
      vertex 217.883 0 7.92388
    endloop
  endfacet
  facet normal 0 1 0
    outer loop
      vertex 240 0 14
      vertex 218.109 0 7.79335
      vertex 218 0 7.86602
    endloop
  endfacet
  facet normal 0 1 0
    outer loop
      vertex 240 0 14
      vertex 218.207 0 7.70711
      vertex 218.109 0 7.79335
    endloop
  endfacet
  facet normal 0 1 0
    outer loop
      vertex 240 0 14
      vertex 218.293 0 7.60876
      vertex 218.207 0 7.70711
    endloop
  endfacet
  facet normal 0 1 0
    outer loop
      vertex 240 0 14
      vertex 218.366 0 7.5
      vertex 218.293 0 7.60876
    endloop
  endfacet
  facet normal 0 1 0
    outer loop
      vertex 240 0 14
      vertex 218.424 0 7.38268
      vertex 218.366 0 7.5
    endloop
  endfacet
  facet normal 0 1 0
    outer loop
      vertex 240 0 14
      vertex 218.466 0 7.25882
      vertex 218.424 0 7.38268
    endloop
  endfacet
  facet normal 0 1 0
    outer loop
      vertex 240 0 14
      vertex 218.491 0 7.13053
      vertex 218.466 0 7.25882
    endloop
  endfacet
  facet normal 0 1 -0
    outer loop
      vertex 240 0 4
      vertex 218.491 0 7.13053
      vertex 240 0 14
    endloop
  endfacet
  facet normal 0 1 0
    outer loop
      vertex 218.491 0 7.13053
      vertex 240 0 4
      vertex 218.5 0 7
    endloop
  endfacet
  facet normal 0 1 0
    outer loop
      vertex 218.5 0 7
      vertex 240 0 4
      vertex 218.491 0 6.86947
    endloop
  endfacet
  facet normal 0 1 0
    outer loop
      vertex 218.491 0 6.86947
      vertex 240 0 4
      vertex 218.466 0 6.74118
    endloop
  endfacet
  facet normal 0 1 0
    outer loop
      vertex 218.466 0 6.74118
      vertex 240 0 4
      vertex 218.424 0 6.61732
    endloop
  endfacet
  facet normal 0 1 0
    outer loop
      vertex 218.424 0 6.61732
      vertex 240 0 4
      vertex 218.366 0 6.5
    endloop
  endfacet
  facet normal 0 1 0
    outer loop
      vertex 218.366 0 6.5
      vertex 240 0 4
      vertex 218.293 0 6.39124
    endloop
  endfacet
  facet normal 0 1 0
    outer loop
      vertex 218.293 0 6.39124
      vertex 240 0 4
      vertex 218.207 0 6.29289
    endloop
  endfacet
  facet normal 0 1 0
    outer loop
      vertex 218.207 0 6.29289
      vertex 240 0 4
      vertex 218.109 0 6.20665
    endloop
  endfacet
  facet normal 0 1 0
    outer loop
      vertex 218.109 0 6.20665
      vertex 240 0 4
      vertex 218 0 6.13397
    endloop
  endfacet
  facet normal 0 1 -0
    outer loop
      vertex 89.8695 0 4.99144
      vertex 45 0 8
      vertex 90 0 5
    endloop
  endfacet
  facet normal 0 1 0
    outer loop
      vertex 217.369 0 6.00855
      vertex 150.131 0 4.99144
      vertex 150 0 5
    endloop
  endfacet
  facet normal 0 1 0
    outer loop
      vertex 217.369 0 6.00855
      vertex 195 0 4
      vertex 150.131 0 4.99144
    endloop
  endfacet
  facet normal 0 1 0
    outer loop
      vertex 150.131 0 4.99144
      vertex 195 0 4
      vertex 150.259 0 4.96593
    endloop
  endfacet
  facet normal 0 1 0
    outer loop
      vertex 150.259 0 4.96593
      vertex 195 0 4
      vertex 150.383 0 4.92388
    endloop
  endfacet
  facet normal 0 1 0
    outer loop
      vertex 150.383 0 4.92388
      vertex 195 0 4
      vertex 150.5 0 4.86602
    endloop
  endfacet
  facet normal 0 1 0
    outer loop
      vertex 150.5 0 4.86602
      vertex 195 0 4
      vertex 150.609 0 4.79335
    endloop
  endfacet
  facet normal 0 1 0
    outer loop
      vertex 150.609 0 4.79335
      vertex 195 0 4
      vertex 150.707 0 4.70711
    endloop
  endfacet
  facet normal 0 1 0
    outer loop
      vertex 150.707 0 4.70711
      vertex 195 0 4
      vertex 150.793 0 4.60876
    endloop
  endfacet
  facet normal 0 1 0
    outer loop
      vertex 150.793 0 4.60876
      vertex 195 0 4
      vertex 150.866 0 4.5
    endloop
  endfacet
  facet normal 0 1 0
    outer loop
      vertex 150.866 0 4.5
      vertex 195 0 4
      vertex 150.924 0 4.38268
    endloop
  endfacet
  facet normal 0 1 0
    outer loop
      vertex 150.924 0 4.38268
      vertex 195 0 4
      vertex 150.966 0 4.25882
    endloop
  endfacet
  facet normal 0 1 0
    outer loop
      vertex 218 0 6.13397
      vertex 240 0 4
      vertex 217.883 0 6.07612
    endloop
  endfacet
  facet normal 0 1 0
    outer loop
      vertex 240 0 4
      vertex 217.759 0 6.03407
      vertex 217.883 0 6.07612
    endloop
  endfacet
  facet normal 0 1 0
    outer loop
      vertex 240 0 4
      vertex 217.631 0 6.00855
      vertex 217.759 0 6.03407
    endloop
  endfacet
  facet normal 0 1 0
    outer loop
      vertex 240 0 4
      vertex 217.5 0 6
      vertex 217.631 0 6.00855
    endloop
  endfacet
  facet normal 0 1 0
    outer loop
      vertex 195 0 4
      vertex 217.5 0 6
      vertex 240 0 4
    endloop
  endfacet
  facet normal 0 1 0
    outer loop
      vertex 150.966 0 4.25882
      vertex 195 0 4
      vertex 150.991 0 4.13053
    endloop
  endfacet
  facet normal 0 1 0
    outer loop
      vertex 195 0 4
      vertex 151 0 4
      vertex 150.991 0 4.13053
    endloop
  endfacet
  facet normal 0 1 0
    outer loop
      vertex 195 0 4
      vertex 150.991 0 3.86947
      vertex 151 0 4
    endloop
  endfacet
  facet normal 0 1 -0
    outer loop
      vertex 195 0 0
      vertex 150.991 0 3.86947
      vertex 195 0 4
    endloop
  endfacet
  facet normal 0 1 0
    outer loop
      vertex 150.991 0 3.86947
      vertex 195 0 0
      vertex 150.966 0 3.74118
    endloop
  endfacet
  facet normal 0 1 0
    outer loop
      vertex 150.966 0 3.74118
      vertex 195 0 0
      vertex 150.924 0 3.61732
    endloop
  endfacet
  facet normal 0 1 0
    outer loop
      vertex 150.924 0 3.61732
      vertex 195 0 0
      vertex 150.866 0 3.5
    endloop
  endfacet
  facet normal 0 1 0
    outer loop
      vertex 150.866 0 3.5
      vertex 195 0 0
      vertex 150.793 0 3.39124
    endloop
  endfacet
  facet normal 0 1 0
    outer loop
      vertex 150.793 0 3.39124
      vertex 195 0 0
      vertex 150.707 0 3.29289
    endloop
  endfacet
  facet normal 0 1 0
    outer loop
      vertex 150.707 0 3.29289
      vertex 195 0 0
      vertex 150.609 0 3.20665
    endloop
  endfacet
  facet normal 0 1 0
    outer loop
      vertex 150.609 0 3.20665
      vertex 195 0 0
      vertex 150.5 0 3.13397
    endloop
  endfacet
  facet normal 0 1 0
    outer loop
      vertex 150.5 0 3.13397
      vertex 195 0 0
      vertex 150.383 0 3.07612
    endloop
  endfacet
  facet normal 0 1 0
    outer loop
      vertex 150.383 0 3.07612
      vertex 195 0 0
      vertex 150.259 0 3.03407
    endloop
  endfacet
  facet normal 0 1 0
    outer loop
      vertex 150.259 0 3.03407
      vertex 195 0 0
      vertex 150.131 0 3.00855
    endloop
  endfacet
  facet normal 0 1 0
    outer loop
      vertex 150 0 3
      vertex 195 0 0
      vertex 90 0 3
    endloop
  endfacet
  facet normal 0 1 0
    outer loop
      vertex 150.131 0 3.00855
      vertex 195 0 0
      vertex 150 0 3
    endloop
  endfacet
  facet normal 0 1 -0
    outer loop
      vertex 217.369 0 7.99144
      vertex 195 0 14
      vertex 217.5 0 8
    endloop
  endfacet
  facet normal 0 1 -0
    outer loop
      vertex 217.241 0 7.96593
      vertex 195 0 14
      vertex 217.369 0 7.99144
    endloop
  endfacet
  facet normal 0 1 -0
    outer loop
      vertex 217.117 0 7.92388
      vertex 195 0 14
      vertex 217.241 0 7.96593
    endloop
  endfacet
  facet normal 0 1 -0
    outer loop
      vertex 217 0 7.86602
      vertex 195 0 14
      vertex 217.117 0 7.92388
    endloop
  endfacet
  facet normal 0 1 0
    outer loop
      vertex 45 0 14
      vertex 22.5 0 8
      vertex 0 0 14
    endloop
  endfacet
  facet normal 0 1 -0
    outer loop
      vertex 216.891 0 7.79335
      vertex 195 0 14
      vertex 217 0 7.86602
    endloop
  endfacet
  facet normal 0 1 0
    outer loop
      vertex 45 0 14
      vertex 22.7588 0 7.96593
      vertex 22.6305 0 7.99144
    endloop
  endfacet
  facet normal 0 1 -0
    outer loop
      vertex 216.793 0 7.70711
      vertex 195 0 14
      vertex 216.891 0 7.79335
    endloop
  endfacet
  facet normal 0 1 0
    outer loop
      vertex 45 0 14
      vertex 22.8827 0 7.92388
      vertex 22.7588 0 7.96593
    endloop
  endfacet
  facet normal 0 1 -0
    outer loop
      vertex 216.707 0 7.60876
      vertex 195 0 14
      vertex 216.793 0 7.70711
    endloop
  endfacet
  facet normal 0 1 0
    outer loop
      vertex 45 0 14
      vertex 23 0 7.86602
      vertex 22.8827 0 7.92388
    endloop
  endfacet
  facet normal 0 1 -0
    outer loop
      vertex 216.634 0 7.5
      vertex 195 0 14
      vertex 216.707 0 7.60876
    endloop
  endfacet
  facet normal 0 1 0
    outer loop
      vertex 45 0 14
      vertex 23.1088 0 7.79335
      vertex 23 0 7.86602
    endloop
  endfacet
  facet normal 0 1 -0
    outer loop
      vertex 216.576 0 7.38268
      vertex 195 0 14
      vertex 216.634 0 7.5
    endloop
  endfacet
  facet normal 0 1 0
    outer loop
      vertex 45 0 14
      vertex 23.2071 0 7.70711
      vertex 23.1088 0 7.79335
    endloop
  endfacet
  facet normal 0 1 0
    outer loop
      vertex 195 0 14
      vertex 216.576 0 7.38268
      vertex 195 0 8
    endloop
  endfacet
  facet normal 0 1 0
    outer loop
      vertex 45 0 14
      vertex 23.2934 0 7.60876
      vertex 23.2071 0 7.70711
    endloop
  endfacet
  facet normal 0 1 -0
    outer loop
      vertex 216.534 0 7.25882
      vertex 195 0 8
      vertex 216.576 0 7.38268
    endloop
  endfacet
  facet normal 0 1 0
    outer loop
      vertex 45 0 14
      vertex 23.366 0 7.5
      vertex 23.2934 0 7.60876
    endloop
  endfacet
  facet normal 0 1 -0
    outer loop
      vertex 216.509 0 7.13053
      vertex 195 0 8
      vertex 216.534 0 7.25882
    endloop
  endfacet
  facet normal 0 1 0
    outer loop
      vertex 45 0 14
      vertex 23.4239 0 7.38268
      vertex 23.366 0 7.5
    endloop
  endfacet
  facet normal 0 1 -0
    outer loop
      vertex 216.5 0 7
      vertex 195 0 8
      vertex 216.509 0 7.13053
    endloop
  endfacet
  facet normal 0 1 0
    outer loop
      vertex 45 0 8
      vertex 23.4659 0 7.25882
      vertex 23.4239 0 7.38268
    endloop
  endfacet
  facet normal 0 1 0
    outer loop
      vertex 216.509 0 6.86947
      vertex 195 0 8
      vertex 216.5 0 7
    endloop
  endfacet
  facet normal 0 1 0
    outer loop
      vertex 45 0 8
      vertex 23.4914 0 7.13053
      vertex 23.4659 0 7.25882
    endloop
  endfacet
  facet normal 0 1 0
    outer loop
      vertex 216.534 0 6.74118
      vertex 195 0 8
      vertex 216.509 0 6.86947
    endloop
  endfacet
  facet normal 0 1 0
    outer loop
      vertex 45 0 8
      vertex 23.5 0 7
      vertex 23.4914 0 7.13053
    endloop
  endfacet
  facet normal 0 1 0
    outer loop
      vertex 216.576 0 6.61732
      vertex 195 0 8
      vertex 216.534 0 6.74118
    endloop
  endfacet
  facet normal 0 1 0
    outer loop
      vertex 45 0 8
      vertex 23.4914 0 6.86947
      vertex 23.5 0 7
    endloop
  endfacet
  facet normal 0 1 0
    outer loop
      vertex 216.634 0 6.5
      vertex 195 0 8
      vertex 216.576 0 6.61732
    endloop
  endfacet
  facet normal 0 1 0
    outer loop
      vertex 45 0 8
      vertex 23.4659 0 6.74118
      vertex 23.4914 0 6.86947
    endloop
  endfacet
  facet normal 0 1 0
    outer loop
      vertex 216.707 0 6.39124
      vertex 195 0 8
      vertex 216.634 0 6.5
    endloop
  endfacet
  facet normal 0 1 0
    outer loop
      vertex 45 0 8
      vertex 23.4239 0 6.61732
      vertex 23.4659 0 6.74118
    endloop
  endfacet
  facet normal 0 1 0
    outer loop
      vertex 216.793 0 6.29289
      vertex 195 0 8
      vertex 216.707 0 6.39124
    endloop
  endfacet
  facet normal 0 1 0
    outer loop
      vertex 45 0 8
      vertex 23.366 0 6.5
      vertex 23.4239 0 6.61732
    endloop
  endfacet
  facet normal 0 1 0
    outer loop
      vertex 216.891 0 6.20665
      vertex 195 0 8
      vertex 216.793 0 6.29289
    endloop
  endfacet
  facet normal 0 1 0
    outer loop
      vertex 45 0 8
      vertex 23.2934 0 6.39124
      vertex 23.366 0 6.5
    endloop
  endfacet
  facet normal 0 1 0
    outer loop
      vertex 217 0 6.13397
      vertex 195 0 8
      vertex 216.891 0 6.20665
    endloop
  endfacet
  facet normal 0 1 0
    outer loop
      vertex 45 0 8
      vertex 23.2071 0 6.29289
      vertex 23.2934 0 6.39124
    endloop
  endfacet
  facet normal 0 1 0
    outer loop
      vertex 217.117 0 6.07612
      vertex 195 0 8
      vertex 217 0 6.13397
    endloop
  endfacet
  facet normal 0 1 0
    outer loop
      vertex 45 0 8
      vertex 23.1088 0 6.20665
      vertex 23.2071 0 6.29289
    endloop
  endfacet
  facet normal 0 1 0
    outer loop
      vertex 217.241 0 6.03407
      vertex 195 0 8
      vertex 217.117 0 6.07612
    endloop
  endfacet
  facet normal 0 1 0
    outer loop
      vertex 45 0 8
      vertex 23 0 6.13397
      vertex 23.1088 0 6.20665
    endloop
  endfacet
  facet normal 0 1 0
    outer loop
      vertex 217.369 0 6.00855
      vertex 195 0 8
      vertex 217.241 0 6.03407
    endloop
  endfacet
  facet normal 0 1 0
    outer loop
      vertex 45 0 8
      vertex 22.8827 0 6.07612
      vertex 23 0 6.13397
    endloop
  endfacet
  facet normal 0 1 0
    outer loop
      vertex 150 0 5
      vertex 195 0 8
      vertex 217.369 0 6.00855
    endloop
  endfacet
  facet normal 0 1 0
    outer loop
      vertex 45 0 8
      vertex 22.7588 0 6.03407
      vertex 22.8827 0 6.07612
    endloop
  endfacet
  facet normal 0 1 0
    outer loop
      vertex 195 0 8
      vertex 150 0 5
      vertex 45 0 8
    endloop
  endfacet
  facet normal 0 1 0
    outer loop
      vertex 45 0 8
      vertex 22.6305 0 6.00855
      vertex 22.7588 0 6.03407
    endloop
  endfacet
  facet normal 0 1 0
    outer loop
      vertex 195 0 4
      vertex 217.369 0 6.00855
      vertex 217.5 0 6
    endloop
  endfacet
  facet normal 0 1 -0
    outer loop
      vertex 90 0 5
      vertex 45 0 8
      vertex 150 0 5
    endloop
  endfacet
  facet normal 0 -1 0
    outer loop
      vertex 0 27 4
      vertex 45 27 14
      vertex 0 27 14
    endloop
  endfacet
  facet normal 0 -1 -0
    outer loop
      vertex 45 27 14
      vertex 0 27 4
      vertex 45 27 4
    endloop
  endfacet
  facet normal 0.555476 0 0.831533
    outer loop
      vertex 21.8912 0 6.20665
      vertex 22 -4 6.13397
      vertex 22 0 6.13397
    endloop
  endfacet
  facet normal 0.555476 0 0.831533
    outer loop
      vertex 22 -4 6.13397
      vertex 21.8912 0 6.20665
      vertex 21.8912 -4 6.20665
    endloop
  endfacet
  facet normal -0.980812 0 0.194955
    outer loop
      vertex 23.4659 -4 6.74118
      vertex 23.4914 0 6.86947
      vertex 23.4659 0 6.74118
    endloop
  endfacet
  facet normal -0.980812 0 0.194955
    outer loop
      vertex 23.4914 0 6.86947
      vertex 23.4659 -4 6.74118
      vertex 23.4914 -4 6.86947
    endloop
  endfacet
  facet normal -0.997837 0 0.0657427
    outer loop
      vertex 23.4914 -4 6.86947
      vertex 23.5 0 7
      vertex 23.4914 0 6.86947
    endloop
  endfacet
  facet normal -0.997837 0 0.0657427
    outer loop
      vertex 23.5 0 7
      vertex 23.4914 -4 6.86947
      vertex 23.5 -4 7
    endloop
  endfacet
  facet normal 0.896739 0 -0.44256
    outer loop
      vertex 21.634 -4 7.5
      vertex 21.5761 0 7.38268
      vertex 21.634 0 7.5
    endloop
  endfacet
  facet normal 0.896739 0 -0.44256
    outer loop
      vertex 21.5761 0 7.38268
      vertex 21.634 -4 7.5
      vertex 21.5761 -4 7.38268
    endloop
  endfacet
  facet normal -0.947034 0 -0.321132
    outer loop
      vertex 23.4659 -4 7.25882
      vertex 23.4239 0 7.38268
      vertex 23.4659 0 7.25882
    endloop
  endfacet
  facet normal -0.947034 -0 -0.321132
    outer loop
      vertex 23.4239 0 7.38268
      vertex 23.4659 -4 7.25882
      vertex 23.4239 -4 7.38268
    endloop
  endfacet
  facet normal -0.997837 0 -0.0657427
    outer loop
      vertex 23.5 -4 7
      vertex 23.4914 0 7.13053
      vertex 23.5 0 7
    endloop
  endfacet
  facet normal -0.997837 -0 -0.0657427
    outer loop
      vertex 23.4914 0 7.13053
      vertex 23.5 -4 7
      vertex 23.4914 -4 7.13053
    endloop
  endfacet
  facet normal -0.896739 0 0.44256
    outer loop
      vertex 23.366 -4 6.5
      vertex 23.4239 0 6.61732
      vertex 23.366 0 6.5
    endloop
  endfacet
  facet normal -0.896739 0 0.44256
    outer loop
      vertex 23.4239 0 6.61732
      vertex 23.366 -4 6.5
      vertex 23.4239 -4 6.61732
    endloop
  endfacet
  facet normal -0.659489 0 0.751714
    outer loop
      vertex 23.1088 0 6.20665
      vertex 23.2071 -4 6.29289
      vertex 23.2071 0 6.29289
    endloop
  endfacet
  facet normal -0.659489 0 0.751714
    outer loop
      vertex 23.2071 -4 6.29289
      vertex 23.1088 0 6.20665
      vertex 23.1088 -4 6.20665
    endloop
  endfacet
  facet normal 0.555423 0 -0.831568
    outer loop
      vertex 21.8912 -4 7.79335
      vertex 22 0 7.86602
      vertex 22 -4 7.86602
    endloop
  endfacet
  facet normal 0.555423 0 -0.831568
    outer loop
      vertex 22 0 7.86602
      vertex 21.8912 -4 7.79335
      vertex 21.8912 0 7.79335
    endloop
  endfacet
  facet normal -0.321382 0 0.94695
    outer loop
      vertex 22.7588 0 6.03407
      vertex 22.8827 -4 6.07612
      vertex 22.8827 0 6.07612
    endloop
  endfacet
  facet normal -0.321382 0 0.94695
    outer loop
      vertex 22.8827 -4 6.07612
      vertex 22.7588 0 6.03407
      vertex 22.7588 -4 6.03407
    endloop
  endfacet
  facet normal 0.997837 0 -0.0657427
    outer loop
      vertex 21.5086 -4 7.13053
      vertex 21.5 0 7
      vertex 21.5086 0 7.13053
    endloop
  endfacet
  facet normal 0.997837 0 -0.0657427
    outer loop
      vertex 21.5 0 7
      vertex 21.5086 -4 7.13053
      vertex 21.5 -4 7
    endloop
  endfacet
  facet normal -0.659489 0 -0.751714
    outer loop
      vertex 23.1088 -4 7.79335
      vertex 23.2071 0 7.70711
      vertex 23.2071 -4 7.70711
    endloop
  endfacet
  facet normal -0.659489 0 -0.751714
    outer loop
      vertex 23.2071 0 7.70711
      vertex 23.1088 -4 7.79335
      vertex 23.1088 0 7.79335
    endloop
  endfacet
  facet normal 0.195013 0 -0.980801
    outer loop
      vertex 22.2412 -4 7.96593
      vertex 22.3695 0 7.99144
      vertex 22.3695 -4 7.99144
    endloop
  endfacet
  facet normal 0.195013 0 -0.980801
    outer loop
      vertex 22.3695 0 7.99144
      vertex 22.2412 -4 7.96593
      vertex 22.2412 0 7.96593
    endloop
  endfacet
  facet normal -0.896739 0 -0.44256
    outer loop
      vertex 23.4239 -4 7.38268
      vertex 23.366 0 7.5
      vertex 23.4239 0 7.38268
    endloop
  endfacet
  facet normal -0.896739 -0 -0.44256
    outer loop
      vertex 23.366 0 7.5
      vertex 23.4239 -4 7.38268
      vertex 23.366 -4 7.5
    endloop
  endfacet
  facet normal 0.947034 0 -0.321132
    outer loop
      vertex 21.5761 -4 7.38268
      vertex 21.5341 0 7.25882
      vertex 21.5761 0 7.38268
    endloop
  endfacet
  facet normal 0.947034 0 -0.321132
    outer loop
      vertex 21.5341 0 7.25882
      vertex 21.5761 -4 7.38268
      vertex 21.5341 -4 7.25882
    endloop
  endfacet
  facet normal -0.442375 0 -0.89683
    outer loop
      vertex 22.8827 -4 7.92388
      vertex 23 0 7.86602
      vertex 23 -4 7.86602
    endloop
  endfacet
  facet normal -0.442375 0 -0.89683
    outer loop
      vertex 23 0 7.86602
      vertex 22.8827 -4 7.92388
      vertex 22.8827 0 7.92388
    endloop
  endfacet
  facet normal 0.896739 -0 0.44256
    outer loop
      vertex 21.5761 -4 6.61732
      vertex 21.634 0 6.5
      vertex 21.5761 0 6.61732
    endloop
  endfacet
  facet normal 0.896739 0 0.44256
    outer loop
      vertex 21.634 0 6.5
      vertex 21.5761 -4 6.61732
      vertex 21.634 -4 6.5
    endloop
  endfacet
  facet normal -0.321382 0 -0.94695
    outer loop
      vertex 22.7588 -4 7.96593
      vertex 22.8827 0 7.92388
      vertex 22.8827 -4 7.92388
    endloop
  endfacet
  facet normal -0.321382 0 -0.94695
    outer loop
      vertex 22.8827 0 7.92388
      vertex 22.7588 -4 7.96593
      vertex 22.7588 0 7.96593
    endloop
  endfacet
  facet normal 0.980812 -0 0.194955
    outer loop
      vertex 21.5086 -4 6.86947
      vertex 21.5341 0 6.74118
      vertex 21.5086 0 6.86947
    endloop
  endfacet
  facet normal 0.980812 0 0.194955
    outer loop
      vertex 21.5341 0 6.74118
      vertex 21.5086 -4 6.86947
      vertex 21.5341 -4 6.74118
    endloop
  endfacet
  facet normal 0.751653 0 -0.659559
    outer loop
      vertex 21.7929 -4 7.70711
      vertex 21.7066 0 7.60876
      vertex 21.7929 0 7.70711
    endloop
  endfacet
  facet normal 0.751653 0 -0.659559
    outer loop
      vertex 21.7066 0 7.60876
      vertex 21.7929 -4 7.70711
      vertex 21.7066 -4 7.60876
    endloop
  endfacet
  facet normal 0.751653 -0 0.659559
    outer loop
      vertex 21.7066 -4 6.39124
      vertex 21.7929 0 6.29289
      vertex 21.7066 0 6.39124
    endloop
  endfacet
  facet normal 0.751653 0 0.659559
    outer loop
      vertex 21.7929 0 6.29289
      vertex 21.7066 -4 6.39124
      vertex 21.7929 -4 6.29289
    endloop
  endfacet
  facet normal 0.997837 -0 0.0657427
    outer loop
      vertex 21.5 -4 7
      vertex 21.5086 0 6.86947
      vertex 21.5 0 7
    endloop
  endfacet
  facet normal 0.997837 0 0.0657427
    outer loop
      vertex 21.5086 0 6.86947
      vertex 21.5 -4 7
      vertex 21.5086 -4 6.86947
    endloop
  endfacet
  facet normal -0.751653 0 -0.659559
    outer loop
      vertex 23.2934 -4 7.60876
      vertex 23.2071 0 7.70711
      vertex 23.2934 0 7.60876
    endloop
  endfacet
  facet normal -0.751653 -0 -0.659559
    outer loop
      vertex 23.2071 0 7.70711
      vertex 23.2934 -4 7.60876
      vertex 23.2071 -4 7.70711
    endloop
  endfacet
  facet normal -0.831721 0 0.555194
    outer loop
      vertex 23.2934 -4 6.39124
      vertex 23.366 0 6.5
      vertex 23.2934 0 6.39124
    endloop
  endfacet
  facet normal -0.831721 0 0.555194
    outer loop
      vertex 23.366 0 6.5
      vertex 23.2934 -4 6.39124
      vertex 23.366 -4 6.5
    endloop
  endfacet
  facet normal -0.0653771 0 0.997861
    outer loop
      vertex 22.5 0 6
      vertex 22.6305 -4 6.00855
      vertex 22.6305 0 6.00855
    endloop
  endfacet
  facet normal -0.0653771 0 0.997861
    outer loop
      vertex 22.6305 -4 6.00855
      vertex 22.5 0 6
      vertex 22.5 -4 6
    endloop
  endfacet
  facet normal 0.0654532 0 -0.997856
    outer loop
      vertex 22.3695 -4 7.99144
      vertex 22.5 0 8
      vertex 22.5 -4 8
    endloop
  endfacet
  facet normal 0.0654532 0 -0.997856
    outer loop
      vertex 22.5 0 8
      vertex 22.3695 -4 7.99144
      vertex 22.3695 0 7.99144
    endloop
  endfacet
  facet normal 0.659489 0 0.751714
    outer loop
      vertex 21.7929 0 6.29289
      vertex 21.8912 -4 6.20665
      vertex 21.8912 0 6.20665
    endloop
  endfacet
  facet normal 0.659489 0 0.751714
    outer loop
      vertex 21.8912 -4 6.20665
      vertex 21.7929 0 6.29289
      vertex 21.7929 -4 6.29289
    endloop
  endfacet
  facet normal -0.195013 0 -0.980801
    outer loop
      vertex 22.6305 -4 7.99144
      vertex 22.7588 0 7.96593
      vertex 22.7588 -4 7.96593
    endloop
  endfacet
  facet normal -0.195013 0 -0.980801
    outer loop
      vertex 22.7588 0 7.96593
      vertex 22.6305 -4 7.99144
      vertex 22.6305 0 7.99144
    endloop
  endfacet
  facet normal -0.555476 0 0.831533
    outer loop
      vertex 23 0 6.13397
      vertex 23.1088 -4 6.20665
      vertex 23.1088 0 6.20665
    endloop
  endfacet
  facet normal -0.555476 0 0.831533
    outer loop
      vertex 23.1088 -4 6.20665
      vertex 23 0 6.13397
      vertex 23 -4 6.13397
    endloop
  endfacet
  facet normal -0.980812 0 -0.194955
    outer loop
      vertex 23.4914 -4 7.13053
      vertex 23.4659 0 7.25882
      vertex 23.4914 0 7.13053
    endloop
  endfacet
  facet normal -0.980812 -0 -0.194955
    outer loop
      vertex 23.4659 0 7.25882
      vertex 23.4914 -4 7.13053
      vertex 23.4659 -4 7.25882
    endloop
  endfacet
  facet normal 0.831721 0 -0.555194
    outer loop
      vertex 21.7066 -4 7.60876
      vertex 21.634 0 7.5
      vertex 21.7066 0 7.60876
    endloop
  endfacet
  facet normal 0.831721 0 -0.555194
    outer loop
      vertex 21.634 0 7.5
      vertex 21.7066 -4 7.60876
      vertex 21.634 -4 7.5
    endloop
  endfacet
  facet normal 0.195087 0 0.980786
    outer loop
      vertex 22.2412 0 6.03407
      vertex 22.3695 -4 6.00855
      vertex 22.3695 0 6.00855
    endloop
  endfacet
  facet normal 0.195087 0 0.980786
    outer loop
      vertex 22.3695 -4 6.00855
      vertex 22.2412 0 6.03407
      vertex 22.2412 -4 6.03407
    endloop
  endfacet
  facet normal -0.0654532 0 -0.997856
    outer loop
      vertex 22.5 -4 8
      vertex 22.6305 0 7.99144
      vertex 22.6305 -4 7.99144
    endloop
  endfacet
  facet normal -0.0654532 0 -0.997856
    outer loop
      vertex 22.6305 0 7.99144
      vertex 22.5 -4 8
      vertex 22.5 0 8
    endloop
  endfacet
  facet normal 0.980812 0 -0.194955
    outer loop
      vertex 21.5341 -4 7.25882
      vertex 21.5086 0 7.13053
      vertex 21.5341 0 7.25882
    endloop
  endfacet
  facet normal 0.980812 0 -0.194955
    outer loop
      vertex 21.5086 0 7.13053
      vertex 21.5341 -4 7.25882
      vertex 21.5086 -4 7.13053
    endloop
  endfacet
  facet normal -0.442314 0 0.89686
    outer loop
      vertex 22.8827 0 6.07612
      vertex 23 -4 6.13397
      vertex 23 0 6.13397
    endloop
  endfacet
  facet normal -0.442314 0 0.89686
    outer loop
      vertex 23 -4 6.13397
      vertex 22.8827 0 6.07612
      vertex 22.8827 -4 6.07612
    endloop
  endfacet
  facet normal -0.555423 0 -0.831568
    outer loop
      vertex 23 -4 7.86602
      vertex 23.1088 0 7.79335
      vertex 23.1088 -4 7.79335
    endloop
  endfacet
  facet normal -0.555423 0 -0.831568
    outer loop
      vertex 23.1088 0 7.79335
      vertex 23 -4 7.86602
      vertex 23 0 7.86602
    endloop
  endfacet
  facet normal 0.659489 0 -0.751714
    outer loop
      vertex 21.7929 -4 7.70711
      vertex 21.8912 0 7.79335
      vertex 21.8912 -4 7.79335
    endloop
  endfacet
  facet normal 0.659489 0 -0.751714
    outer loop
      vertex 21.8912 0 7.79335
      vertex 21.7929 -4 7.70711
      vertex 21.7929 0 7.70711
    endloop
  endfacet
  facet normal 0.0653771 0 0.997861
    outer loop
      vertex 22.3695 0 6.00855
      vertex 22.5 -4 6
      vertex 22.5 0 6
    endloop
  endfacet
  facet normal 0.0653771 0 0.997861
    outer loop
      vertex 22.5 -4 6
      vertex 22.3695 0 6.00855
      vertex 22.3695 -4 6.00855
    endloop
  endfacet
  facet normal -0.831721 0 -0.555194
    outer loop
      vertex 23.366 -4 7.5
      vertex 23.2934 0 7.60876
      vertex 23.366 0 7.5
    endloop
  endfacet
  facet normal -0.831721 -0 -0.555194
    outer loop
      vertex 23.2934 0 7.60876
      vertex 23.366 -4 7.5
      vertex 23.2934 -4 7.60876
    endloop
  endfacet
  facet normal -0.195087 0 0.980786
    outer loop
      vertex 22.6305 0 6.00855
      vertex 22.7588 -4 6.03407
      vertex 22.7588 0 6.03407
    endloop
  endfacet
  facet normal -0.195087 0 0.980786
    outer loop
      vertex 22.7588 -4 6.03407
      vertex 22.6305 0 6.00855
      vertex 22.6305 -4 6.00855
    endloop
  endfacet
  facet normal -0.751653 0 0.659559
    outer loop
      vertex 23.2071 -4 6.29289
      vertex 23.2934 0 6.39124
      vertex 23.2071 0 6.29289
    endloop
  endfacet
  facet normal -0.751653 0 0.659559
    outer loop
      vertex 23.2934 0 6.39124
      vertex 23.2071 -4 6.29289
      vertex 23.2934 -4 6.39124
    endloop
  endfacet
  facet normal -0.947034 0 0.321132
    outer loop
      vertex 23.4239 -4 6.61732
      vertex 23.4659 0 6.74118
      vertex 23.4239 0 6.61732
    endloop
  endfacet
  facet normal -0.947034 0 0.321132
    outer loop
      vertex 23.4659 0 6.74118
      vertex 23.4239 -4 6.61732
      vertex 23.4659 -4 6.74118
    endloop
  endfacet
  facet normal 0.442314 0 0.89686
    outer loop
      vertex 22 0 6.13397
      vertex 22.1173 -4 6.07612
      vertex 22.1173 0 6.07612
    endloop
  endfacet
  facet normal 0.442314 0 0.89686
    outer loop
      vertex 22.1173 -4 6.07612
      vertex 22 0 6.13397
      vertex 22 -4 6.13397
    endloop
  endfacet
  facet normal 0.321382 0 0.94695
    outer loop
      vertex 22.1173 0 6.07612
      vertex 22.2412 -4 6.03407
      vertex 22.2412 0 6.03407
    endloop
  endfacet
  facet normal 0.321382 0 0.94695
    outer loop
      vertex 22.2412 -4 6.03407
      vertex 22.1173 0 6.07612
      vertex 22.1173 -4 6.07612
    endloop
  endfacet
  facet normal 0.442375 0 -0.89683
    outer loop
      vertex 22 -4 7.86602
      vertex 22.1173 0 7.92388
      vertex 22.1173 -4 7.92388
    endloop
  endfacet
  facet normal 0.442375 0 -0.89683
    outer loop
      vertex 22.1173 0 7.92388
      vertex 22 -4 7.86602
      vertex 22 0 7.86602
    endloop
  endfacet
  facet normal 0.947034 -0 0.321132
    outer loop
      vertex 21.5341 -4 6.74118
      vertex 21.5761 0 6.61732
      vertex 21.5341 0 6.74118
    endloop
  endfacet
  facet normal 0.947034 0 0.321132
    outer loop
      vertex 21.5761 0 6.61732
      vertex 21.5341 -4 6.74118
      vertex 21.5761 -4 6.61732
    endloop
  endfacet
  facet normal 0.831721 -0 0.555194
    outer loop
      vertex 21.634 -4 6.5
      vertex 21.7066 0 6.39124
      vertex 21.634 0 6.5
    endloop
  endfacet
  facet normal 0.831721 0 0.555194
    outer loop
      vertex 21.7066 0 6.39124
      vertex 21.634 -4 6.5
      vertex 21.7066 -4 6.39124
    endloop
  endfacet
  facet normal 0.321382 0 -0.94695
    outer loop
      vertex 22.1173 -4 7.92388
      vertex 22.2412 0 7.96593
      vertex 22.2412 -4 7.96593
    endloop
  endfacet
  facet normal 0.321382 0 -0.94695
    outer loop
      vertex 22.2412 0 7.96593
      vertex 22.1173 -4 7.92388
      vertex 22.1173 0 7.92388
    endloop
  endfacet
  facet normal -1 0 0
    outer loop
      vertex 195 -4 8
      vertex 195 0 14
      vertex 195 0 8
    endloop
  endfacet
  facet normal -1 -0 0
    outer loop
      vertex 195 0 14
      vertex 195 -4 8
      vertex 195 -4 14
    endloop
  endfacet
  facet normal -1 0 0
    outer loop
      vertex 195 31 0
      vertex 195 27 4
      vertex 195 31 14
    endloop
  endfacet
  facet normal -1 0 0
    outer loop
      vertex 195 0 0
      vertex 195 27 4
      vertex 195 31 0
    endloop
  endfacet
  facet normal -1 -0 0
    outer loop
      vertex 195 27 4
      vertex 195 0 0
      vertex 195 0 4
    endloop
  endfacet
  facet normal -1 -0 0
    outer loop
      vertex 195 31 14
      vertex 195 27 4
      vertex 195 27 14
    endloop
  endfacet
  facet normal -0 0 1
    outer loop
      vertex 195 27 4
      vertex 240 0 4
      vertex 240 27 4
    endloop
  endfacet
  facet normal 0 0 1
    outer loop
      vertex 240 0 4
      vertex 195 27 4
      vertex 195 0 4
    endloop
  endfacet
  facet normal 1 0 0
    outer loop
      vertex 244 31 175
      vertex 244 0 163
      vertex 244 31 163
    endloop
  endfacet
  facet normal 1 0 0
    outer loop
      vertex 244 0 163
      vertex 244 -4 175
      vertex 244 0 14
    endloop
  endfacet
  facet normal 1 -0 0
    outer loop
      vertex 244 -4 175
      vertex 244 0 163
      vertex 244 31 175
    endloop
  endfacet
  facet normal 1 -0 0
    outer loop
      vertex 244 0 14
      vertex 244 31 0
      vertex 244 31 14
    endloop
  endfacet
  facet normal 1 0 0
    outer loop
      vertex 244 0 14
      vertex 244 -4 0
      vertex 244 31 0
    endloop
  endfacet
  facet normal 1 0 0
    outer loop
      vertex 244 -4 0
      vertex 244 0 14
      vertex 244 -4 175
    endloop
  endfacet
  facet normal 0 1 -0
    outer loop
      vertex 244 31 0
      vertex 195 31 14
      vertex 244 31 14
    endloop
  endfacet
  facet normal 0 1 0
    outer loop
      vertex 195 31 14
      vertex 244 31 0
      vertex 195 31 0
    endloop
  endfacet
  facet normal 0 0 1
    outer loop
      vertex 244 31 14
      vertex 240 27 14
      vertex 244 0 14
    endloop
  endfacet
  facet normal -0 0 1
    outer loop
      vertex 195 31 14
      vertex 240 27 14
      vertex 244 31 14
    endloop
  endfacet
  facet normal 0 0 1
    outer loop
      vertex 240 27 14
      vertex 195 31 14
      vertex 195 27 14
    endloop
  endfacet
  facet normal 0 0 1
    outer loop
      vertex 244 0 14
      vertex 240 27 14
      vertex 240 0 14
    endloop
  endfacet
  facet normal -0 0 1
    outer loop
      vertex 195 0 14
      vertex 240 -4 14
      vertex 240 0 14
    endloop
  endfacet
  facet normal 0 0 1
    outer loop
      vertex 240 -4 14
      vertex 195 0 14
      vertex 195 -4 14
    endloop
  endfacet
  facet normal -1 0 0
    outer loop
      vertex 240 0 4
      vertex 240 27 14
      vertex 240 27 4
    endloop
  endfacet
  facet normal -1 -0 0
    outer loop
      vertex 240 27 14
      vertex 240 0 4
      vertex 240 0 14
    endloop
  endfacet
  facet normal 0 -1 0
    outer loop
      vertex 195 27 4
      vertex 240 27 14
      vertex 195 27 14
    endloop
  endfacet
  facet normal 0 -1 -0
    outer loop
      vertex 240 27 14
      vertex 195 27 4
      vertex 240 27 4
    endloop
  endfacet
  facet normal -0.554771 0 0.832003
    outer loop
      vertex 218 0 6.13397
      vertex 218.109 -4 6.20665
      vertex 218.109 0 6.20665
    endloop
  endfacet
  facet normal -0.554771 0 0.832003
    outer loop
      vertex 218.109 -4 6.20665
      vertex 218 0 6.13397
      vertex 218 -4 6.13397
    endloop
  endfacet
  facet normal 0.981537 -0 0.191273
    outer loop
      vertex 216.509 -4 6.86947
      vertex 216.534 0 6.74118
      vertex 216.509 0 6.86947
    endloop
  endfacet
  facet normal 0.981537 0 0.191273
    outer loop
      vertex 216.534 0 6.74118
      vertex 216.509 -4 6.86947
      vertex 216.534 -4 6.74118
    endloop
  endfacet
  facet normal 0.997631 -0 0.0687864
    outer loop
      vertex 216.5 -4 7
      vertex 216.509 0 6.86947
      vertex 216.5 0 7
    endloop
  endfacet
  facet normal 0.997631 0 0.0687864
    outer loop
      vertex 216.509 0 6.86947
      vertex 216.5 -4 7
      vertex 216.509 -4 6.86947
    endloop
  endfacet
  facet normal -0.896435 0 -0.443175
    outer loop
      vertex 218.424 -4 7.38268
      vertex 218.366 0 7.5
      vertex 218.424 0 7.38268
    endloop
  endfacet
  facet normal -0.896435 -0 -0.443175
    outer loop
      vertex 218.366 0 7.5
      vertex 218.424 -4 7.38268
      vertex 218.366 -4 7.5
    endloop
  endfacet
  facet normal 0.947034 0 -0.321132
    outer loop
      vertex 216.576 -4 7.38268
      vertex 216.534 0 7.25882
      vertex 216.576 0 7.38268
    endloop
  endfacet
  facet normal 0.947034 0 -0.321132
    outer loop
      vertex 216.534 0 7.25882
      vertex 216.576 -4 7.38268
      vertex 216.534 -4 7.25882
    endloop
  endfacet
  facet normal 0.997631 0 -0.0687864
    outer loop
      vertex 216.509 -4 7.13053
      vertex 216.5 0 7
      vertex 216.509 0 7.13053
    endloop
  endfacet
  facet normal 0.997631 0 -0.0687864
    outer loop
      vertex 216.5 0 7
      vertex 216.509 -4 7.13053
      vertex 216.5 -4 7
    endloop
  endfacet
  facet normal 0.896435 -0 0.443175
    outer loop
      vertex 216.576 -4 6.61732
      vertex 216.634 0 6.5
      vertex 216.576 0 6.61732
    endloop
  endfacet
  facet normal 0.896435 0 0.443175
    outer loop
      vertex 216.634 0 6.5
      vertex 216.576 -4 6.61732
      vertex 216.634 -4 6.5
    endloop
  endfacet
  facet normal 0.660628 0 0.750714
    outer loop
      vertex 216.793 0 6.29289
      vertex 216.891 -4 6.20665
      vertex 216.891 0 6.20665
    endloop
  endfacet
  facet normal 0.660628 0 0.750714
    outer loop
      vertex 216.891 -4 6.20665
      vertex 216.793 0 6.29289
      vertex 216.793 -4 6.29289
    endloop
  endfacet
  facet normal -0.554718 0 -0.832039
    outer loop
      vertex 218 -4 7.86602
      vertex 218.109 0 7.79335
      vertex 218.109 -4 7.79335
    endloop
  endfacet
  facet normal -0.554718 0 -0.832039
    outer loop
      vertex 218.109 0 7.79335
      vertex 218 -4 7.86602
      vertex 218 0 7.86602
    endloop
  endfacet
  facet normal 0.32115 0 0.947028
    outer loop
      vertex 217.117 0 6.07612
      vertex 217.241 -4 6.03407
      vertex 217.241 0 6.03407
    endloop
  endfacet
  facet normal 0.32115 0 0.947028
    outer loop
      vertex 217.241 -4 6.03407
      vertex 217.117 0 6.07612
      vertex 217.117 -4 6.07612
    endloop
  endfacet
  facet normal -0.997631 0 -0.0687864
    outer loop
      vertex 218.5 -4 7
      vertex 218.491 0 7.13053
      vertex 218.5 0 7
    endloop
  endfacet
  facet normal -0.997631 -0 -0.0687864
    outer loop
      vertex 218.491 0 7.13053
      vertex 218.5 -4 7
      vertex 218.491 -4 7.13053
    endloop
  endfacet
  facet normal 0.660628 0 -0.750714
    outer loop
      vertex 216.793 -4 7.70711
      vertex 216.891 0 7.79335
      vertex 216.891 -4 7.79335
    endloop
  endfacet
  facet normal 0.660628 0 -0.750714
    outer loop
      vertex 216.891 0 7.79335
      vertex 216.793 -4 7.70711
      vertex 216.793 0 7.70711
    endloop
  endfacet
  facet normal -0.195453 0 -0.980713
    outer loop
      vertex 217.631 -4 7.99144
      vertex 217.759 0 7.96593
      vertex 217.759 -4 7.96593
    endloop
  endfacet
  facet normal -0.195453 0 -0.980713
    outer loop
      vertex 217.759 0 7.96593
      vertex 217.631 -4 7.99144
      vertex 217.631 0 7.99144
    endloop
  endfacet
  facet normal 0.896435 0 -0.443175
    outer loop
      vertex 216.634 -4 7.5
      vertex 216.576 0 7.38268
      vertex 216.634 0 7.5
    endloop
  endfacet
  facet normal 0.896435 0 -0.443175
    outer loop
      vertex 216.576 0 7.38268
      vertex 216.634 -4 7.5
      vertex 216.576 -4 7.38268
    endloop
  endfacet
  facet normal -0.947034 0 -0.321132
    outer loop
      vertex 218.466 -4 7.25882
      vertex 218.424 0 7.38268
      vertex 218.466 0 7.25882
    endloop
  endfacet
  facet normal -0.947034 -0 -0.321132
    outer loop
      vertex 218.424 0 7.38268
      vertex 218.466 -4 7.25882
      vertex 218.424 -4 7.38268
    endloop
  endfacet
  facet normal 0.443287 0 -0.89638
    outer loop
      vertex 217 -4 7.86602
      vertex 217.117 0 7.92388
      vertex 217.117 -4 7.92388
    endloop
  endfacet
  facet normal 0.443287 0 -0.89638
    outer loop
      vertex 217.117 0 7.92388
      vertex 217 -4 7.86602
      vertex 217 0 7.86602
    endloop
  endfacet
  facet normal -0.896435 0 0.443175
    outer loop
      vertex 218.366 -4 6.5
      vertex 218.424 0 6.61732
      vertex 218.366 0 6.5
    endloop
  endfacet
  facet normal -0.896435 0 0.443175
    outer loop
      vertex 218.424 0 6.61732
      vertex 218.366 -4 6.5
      vertex 218.424 -4 6.61732
    endloop
  endfacet
  facet normal 0.32115 0 -0.947028
    outer loop
      vertex 217.117 -4 7.92388
      vertex 217.241 0 7.96593
      vertex 217.241 -4 7.96593
    endloop
  endfacet
  facet normal 0.32115 0 -0.947028
    outer loop
      vertex 217.241 0 7.96593
      vertex 217.117 -4 7.92388
      vertex 217.117 0 7.92388
    endloop
  endfacet
  facet normal -0.981537 0 0.191273
    outer loop
      vertex 218.466 -4 6.74118
      vertex 218.491 0 6.86947
      vertex 218.466 0 6.74118
    endloop
  endfacet
  facet normal -0.981537 0 0.191273
    outer loop
      vertex 218.491 0 6.86947
      vertex 218.466 -4 6.74118
      vertex 218.491 -4 6.86947
    endloop
  endfacet
  facet normal -0.75279 0 -0.658261
    outer loop
      vertex 218.293 -4 7.60876
      vertex 218.207 0 7.70711
      vertex 218.293 0 7.60876
    endloop
  endfacet
  facet normal -0.75279 -0 -0.658261
    outer loop
      vertex 218.207 0 7.70711
      vertex 218.293 -4 7.60876
      vertex 218.207 -4 7.70711
    endloop
  endfacet
  facet normal -0.75279 0 0.658261
    outer loop
      vertex 218.207 -4 6.29289
      vertex 218.293 0 6.39124
      vertex 218.207 0 6.29289
    endloop
  endfacet
  facet normal -0.75279 0 0.658261
    outer loop
      vertex 218.293 0 6.39124
      vertex 218.207 -4 6.29289
      vertex 218.293 -4 6.39124
    endloop
  endfacet
  facet normal -0.997631 0 0.0687864
    outer loop
      vertex 218.491 -4 6.86947
      vertex 218.5 0 7
      vertex 218.491 0 6.86947
    endloop
  endfacet
  facet normal -0.997631 0 0.0687864
    outer loop
      vertex 218.5 0 7
      vertex 218.491 -4 6.86947
      vertex 218.5 -4 7
    endloop
  endfacet
  facet normal 0.75279 0 -0.658261
    outer loop
      vertex 216.793 -4 7.70711
      vertex 216.707 0 7.60876
      vertex 216.793 0 7.70711
    endloop
  endfacet
  facet normal 0.75279 0 -0.658261
    outer loop
      vertex 216.707 0 7.60876
      vertex 216.793 -4 7.70711
      vertex 216.707 -4 7.60876
    endloop
  endfacet
  facet normal 0.830308 -0 0.557305
    outer loop
      vertex 216.634 -4 6.5
      vertex 216.707 0 6.39124
      vertex 216.634 0 6.5
    endloop
  endfacet
  facet normal 0.830308 0 0.557305
    outer loop
      vertex 216.707 0 6.39124
      vertex 216.634 -4 6.5
      vertex 216.707 -4 6.39124
    endloop
  endfacet
  facet normal 0.0651286 0 0.997877
    outer loop
      vertex 217.369 0 6.00855
      vertex 217.5 -4 6
      vertex 217.5 0 6
    endloop
  endfacet
  facet normal 0.0651286 0 0.997877
    outer loop
      vertex 217.5 -4 6
      vertex 217.369 0 6.00855
      vertex 217.369 -4 6.00855
    endloop
  endfacet
  facet normal -0.0652045 0 -0.997872
    outer loop
      vertex 217.5 -4 8
      vertex 217.631 0 7.99144
      vertex 217.631 -4 7.99144
    endloop
  endfacet
  facet normal -0.0652045 0 -0.997872
    outer loop
      vertex 217.631 0 7.99144
      vertex 217.5 -4 8
      vertex 217.5 0 8
    endloop
  endfacet
  facet normal -0.660628 0 0.750714
    outer loop
      vertex 218.109 0 6.20665
      vertex 218.207 -4 6.29289
      vertex 218.207 0 6.29289
    endloop
  endfacet
  facet normal -0.660628 0 0.750714
    outer loop
      vertex 218.207 -4 6.29289
      vertex 218.109 0 6.20665
      vertex 218.109 -4 6.20665
    endloop
  endfacet
  facet normal 0.195453 0 -0.980713
    outer loop
      vertex 217.241 -4 7.96593
      vertex 217.369 0 7.99144
      vertex 217.369 -4 7.99144
    endloop
  endfacet
  facet normal 0.195453 0 -0.980713
    outer loop
      vertex 217.369 0 7.99144
      vertex 217.241 -4 7.96593
      vertex 217.241 0 7.96593
    endloop
  endfacet
  facet normal 0.554771 0 0.832003
    outer loop
      vertex 216.891 0 6.20665
      vertex 217 -4 6.13397
      vertex 217 0 6.13397
    endloop
  endfacet
  facet normal 0.554771 0 0.832003
    outer loop
      vertex 217 -4 6.13397
      vertex 216.891 0 6.20665
      vertex 216.891 -4 6.20665
    endloop
  endfacet
  facet normal 0.981537 0 -0.191273
    outer loop
      vertex 216.534 -4 7.25882
      vertex 216.509 0 7.13053
      vertex 216.534 0 7.25882
    endloop
  endfacet
  facet normal 0.981537 0 -0.191273
    outer loop
      vertex 216.509 0 7.13053
      vertex 216.534 -4 7.25882
      vertex 216.509 -4 7.13053
    endloop
  endfacet
  facet normal -0.830308 0 -0.557305
    outer loop
      vertex 218.366 -4 7.5
      vertex 218.293 0 7.60876
      vertex 218.366 0 7.5
    endloop
  endfacet
  facet normal -0.830308 -0 -0.557305
    outer loop
      vertex 218.293 0 7.60876
      vertex 218.366 -4 7.5
      vertex 218.293 -4 7.60876
    endloop
  endfacet
  facet normal -0.195527 0 0.980698
    outer loop
      vertex 217.631 0 6.00855
      vertex 217.759 -4 6.03407
      vertex 217.759 0 6.03407
    endloop
  endfacet
  facet normal -0.195527 0 0.980698
    outer loop
      vertex 217.759 -4 6.03407
      vertex 217.631 0 6.00855
      vertex 217.631 -4 6.00855
    endloop
  endfacet
  facet normal 0.0652045 0 -0.997872
    outer loop
      vertex 217.369 -4 7.99144
      vertex 217.5 0 8
      vertex 217.5 -4 8
    endloop
  endfacet
  facet normal 0.0652045 0 -0.997872
    outer loop
      vertex 217.5 0 8
      vertex 217.369 -4 7.99144
      vertex 217.369 0 7.99144
    endloop
  endfacet
  facet normal -0.981537 0 -0.191273
    outer loop
      vertex 218.491 -4 7.13053
      vertex 218.466 0 7.25882
      vertex 218.491 0 7.13053
    endloop
  endfacet
  facet normal -0.981537 -0 -0.191273
    outer loop
      vertex 218.466 0 7.25882
      vertex 218.491 -4 7.13053
      vertex 218.466 -4 7.25882
    endloop
  endfacet
  facet normal 0.443225 0 0.89641
    outer loop
      vertex 217 0 6.13397
      vertex 217.117 -4 6.07612
      vertex 217.117 0 6.07612
    endloop
  endfacet
  facet normal 0.443225 0 0.89641
    outer loop
      vertex 217.117 -4 6.07612
      vertex 217 0 6.13397
      vertex 217 -4 6.13397
    endloop
  endfacet
  facet normal 0.554718 0 -0.832039
    outer loop
      vertex 216.891 -4 7.79335
      vertex 217 0 7.86602
      vertex 217 -4 7.86602
    endloop
  endfacet
  facet normal 0.554718 0 -0.832039
    outer loop
      vertex 217 0 7.86602
      vertex 216.891 -4 7.79335
      vertex 216.891 0 7.79335
    endloop
  endfacet
  facet normal -0.660628 0 -0.750714
    outer loop
      vertex 218.109 -4 7.79335
      vertex 218.207 0 7.70711
      vertex 218.207 -4 7.70711
    endloop
  endfacet
  facet normal -0.660628 0 -0.750714
    outer loop
      vertex 218.207 0 7.70711
      vertex 218.109 -4 7.79335
      vertex 218.109 0 7.79335
    endloop
  endfacet
  facet normal -0.0651286 0 0.997877
    outer loop
      vertex 217.5 0 6
      vertex 217.631 -4 6.00855
      vertex 217.631 0 6.00855
    endloop
  endfacet
  facet normal -0.0651286 0 0.997877
    outer loop
      vertex 217.631 -4 6.00855
      vertex 217.5 0 6
      vertex 217.5 -4 6
    endloop
  endfacet
  facet normal 0.830308 0 -0.557305
    outer loop
      vertex 216.707 -4 7.60876
      vertex 216.634 0 7.5
      vertex 216.707 0 7.60876
    endloop
  endfacet
  facet normal 0.830308 0 -0.557305
    outer loop
      vertex 216.634 0 7.5
      vertex 216.707 -4 7.60876
      vertex 216.634 -4 7.5
    endloop
  endfacet
  facet normal 0.195527 0 0.980698
    outer loop
      vertex 217.241 0 6.03407
      vertex 217.369 -4 6.00855
      vertex 217.369 0 6.00855
    endloop
  endfacet
  facet normal 0.195527 0 0.980698
    outer loop
      vertex 217.369 -4 6.00855
      vertex 217.241 0 6.03407
      vertex 217.241 -4 6.03407
    endloop
  endfacet
  facet normal 0.75279 -0 0.658261
    outer loop
      vertex 216.707 -4 6.39124
      vertex 216.793 0 6.29289
      vertex 216.707 0 6.39124
    endloop
  endfacet
  facet normal 0.75279 0 0.658261
    outer loop
      vertex 216.793 0 6.29289
      vertex 216.707 -4 6.39124
      vertex 216.793 -4 6.29289
    endloop
  endfacet
  facet normal 0.947034 -0 0.321132
    outer loop
      vertex 216.534 -4 6.74118
      vertex 216.576 0 6.61732
      vertex 216.534 0 6.74118
    endloop
  endfacet
  facet normal 0.947034 0 0.321132
    outer loop
      vertex 216.576 0 6.61732
      vertex 216.534 -4 6.74118
      vertex 216.576 -4 6.61732
    endloop
  endfacet
  facet normal -0.443225 0 0.89641
    outer loop
      vertex 217.883 0 6.07612
      vertex 218 -4 6.13397
      vertex 218 0 6.13397
    endloop
  endfacet
  facet normal -0.443225 0 0.89641
    outer loop
      vertex 218 -4 6.13397
      vertex 217.883 0 6.07612
      vertex 217.883 -4 6.07612
    endloop
  endfacet
  facet normal -0.32115 0 0.947028
    outer loop
      vertex 217.759 0 6.03407
      vertex 217.883 -4 6.07612
      vertex 217.883 0 6.07612
    endloop
  endfacet
  facet normal -0.32115 0 0.947028
    outer loop
      vertex 217.883 -4 6.07612
      vertex 217.759 0 6.03407
      vertex 217.759 -4 6.03407
    endloop
  endfacet
  facet normal -0.443287 0 -0.89638
    outer loop
      vertex 217.883 -4 7.92388
      vertex 218 0 7.86602
      vertex 218 -4 7.86602
    endloop
  endfacet
  facet normal -0.443287 0 -0.89638
    outer loop
      vertex 218 0 7.86602
      vertex 217.883 -4 7.92388
      vertex 217.883 0 7.92388
    endloop
  endfacet
  facet normal -0.947034 0 0.321132
    outer loop
      vertex 218.424 -4 6.61732
      vertex 218.466 0 6.74118
      vertex 218.424 0 6.61732
    endloop
  endfacet
  facet normal -0.947034 0 0.321132
    outer loop
      vertex 218.466 0 6.74118
      vertex 218.424 -4 6.61732
      vertex 218.466 -4 6.74118
    endloop
  endfacet
  facet normal -0.830308 0 0.557305
    outer loop
      vertex 218.293 -4 6.39124
      vertex 218.366 0 6.5
      vertex 218.293 0 6.39124
    endloop
  endfacet
  facet normal -0.830308 0 0.557305
    outer loop
      vertex 218.366 0 6.5
      vertex 218.293 -4 6.39124
      vertex 218.366 -4 6.5
    endloop
  endfacet
  facet normal -0.32115 0 -0.947028
    outer loop
      vertex 217.759 -4 7.96593
      vertex 217.883 0 7.92388
      vertex 217.883 -4 7.92388
    endloop
  endfacet
  facet normal -0.32115 0 -0.947028
    outer loop
      vertex 217.883 0 7.92388
      vertex 217.759 -4 7.96593
      vertex 217.759 0 7.96593
    endloop
  endfacet
  facet normal 1 -0 0
    outer loop
      vertex 45 -4 175
      vertex 45 0 173
      vertex 45 0 175
    endloop
  endfacet
  facet normal 1 0 0
    outer loop
      vertex 45 0 173
      vertex 45 -4 175
      vertex 45 -4 173
    endloop
  endfacet
  facet normal 1 -0 0
    outer loop
      vertex 45 -4 165
      vertex 45 0 163
      vertex 45 0 165
    endloop
  endfacet
  facet normal 1 0 0
    outer loop
      vertex 45 0 163
      vertex 45 -4 165
      vertex 45 -4 163
    endloop
  endfacet
  facet normal 0 0 1
    outer loop
      vertex 45 31 175
      vertex 0 27 175
      vertex 45 27 175
    endloop
  endfacet
  facet normal 0 0 1
    outer loop
      vertex 0 27 175
      vertex -4 31 175
      vertex 0 0 175
    endloop
  endfacet
  facet normal -0 0 1
    outer loop
      vertex -4 31 175
      vertex 0 27 175
      vertex 45 31 175
    endloop
  endfacet
  facet normal -0 0 1
    outer loop
      vertex 0 0 175
      vertex 45 -4 175
      vertex 45 0 175
    endloop
  endfacet
  facet normal 0 0 1
    outer loop
      vertex 0 0 175
      vertex -4 -4 175
      vertex 45 -4 175
    endloop
  endfacet
  facet normal 0 0 1
    outer loop
      vertex -4 -4 175
      vertex 0 0 175
      vertex -4 31 175
    endloop
  endfacet
  facet normal 0 0 -1
    outer loop
      vertex 0 0 163
      vertex -4 0 163
      vertex 0 27 163
    endloop
  endfacet
  facet normal 0 0 -1
    outer loop
      vertex 0 27 163
      vertex 45 31 163
      vertex 45 27 163
    endloop
  endfacet
  facet normal 0 0 -1
    outer loop
      vertex 0 27 163
      vertex -4 31 163
      vertex 45 31 163
    endloop
  endfacet
  facet normal 0 0 -1
    outer loop
      vertex -4 31 163
      vertex 0 27 163
      vertex -4 0 163
    endloop
  endfacet
  facet normal 0 0 -1
    outer loop
      vertex 0 -4 163
      vertex 45 0 163
      vertex 45 -4 163
    endloop
  endfacet
  facet normal -0 0 -1
    outer loop
      vertex 45 0 163
      vertex 0 -4 163
      vertex 0 0 163
    endloop
  endfacet
  facet normal 1 -0 0
    outer loop
      vertex 0 0 175
      vertex 0 27 163
      vertex 0 27 175
    endloop
  endfacet
  facet normal 1 0 0
    outer loop
      vertex 0 27 163
      vertex 0 0 175
      vertex 0 0 163
    endloop
  endfacet
  facet normal 0 1 -0
    outer loop
      vertex 89.7412 0 169.966
      vertex 45 0 173
      vertex 89.8695 0 169.991
    endloop
  endfacet
  facet normal 0 1 0
    outer loop
      vertex 45 0 173
      vertex 22.6305 0 169.991
      vertex 22.5 0 170
    endloop
  endfacet
  facet normal 0 1 -0
    outer loop
      vertex 89.6173 0 169.924
      vertex 45 0 173
      vertex 89.7412 0 169.966
    endloop
  endfacet
  facet normal 0 1 0
    outer loop
      vertex 45 0 173
      vertex 22.7588 0 169.966
      vertex 22.6305 0 169.991
    endloop
  endfacet
  facet normal 0 1 -0
    outer loop
      vertex 89.5 0 169.866
      vertex 45 0 173
      vertex 89.6173 0 169.924
    endloop
  endfacet
  facet normal 0 1 0
    outer loop
      vertex 45 0 173
      vertex 22.8827 0 169.924
      vertex 22.7588 0 169.966
    endloop
  endfacet
  facet normal 0 1 -0
    outer loop
      vertex 89.3912 0 169.793
      vertex 45 0 173
      vertex 89.5 0 169.866
    endloop
  endfacet
  facet normal -0 1 0
    outer loop
      vertex 23.5 0 169
      vertex 45 0 173
      vertex 45 0 165
    endloop
  endfacet
  facet normal 0 1 -0
    outer loop
      vertex 89.2929 0 169.707
      vertex 45 0 173
      vertex 89.3912 0 169.793
    endloop
  endfacet
  facet normal 0 1 0
    outer loop
      vertex 45 0 173
      vertex 23 0 169.866
      vertex 22.8827 0 169.924
    endloop
  endfacet
  facet normal 0 1 -0
    outer loop
      vertex 89.2066 0 169.609
      vertex 45 0 173
      vertex 89.2929 0 169.707
    endloop
  endfacet
  facet normal 0 1 0
    outer loop
      vertex 45 0 173
      vertex 23.1088 0 169.793
      vertex 23 0 169.866
    endloop
  endfacet
  facet normal 0 1 -0
    outer loop
      vertex 89.134 0 169.5
      vertex 45 0 173
      vertex 89.2066 0 169.609
    endloop
  endfacet
  facet normal 0 1 0
    outer loop
      vertex 45 0 173
      vertex 23.2071 0 169.707
      vertex 23.1088 0 169.793
    endloop
  endfacet
  facet normal 0 1 -0
    outer loop
      vertex 89.0761 0 169.383
      vertex 45 0 173
      vertex 89.134 0 169.5
    endloop
  endfacet
  facet normal 0 1 0
    outer loop
      vertex 45 0 173
      vertex 23.2934 0 169.609
      vertex 23.2071 0 169.707
    endloop
  endfacet
  facet normal 0 1 -0
    outer loop
      vertex 89.0341 0 169.259
      vertex 45 0 173
      vertex 89.0761 0 169.383
    endloop
  endfacet
  facet normal 0 1 0
    outer loop
      vertex 45 0 173
      vertex 23.366 0 169.5
      vertex 23.2934 0 169.609
    endloop
  endfacet
  facet normal 0 1 -0
    outer loop
      vertex 89.0086 0 169.131
      vertex 45 0 173
      vertex 89.0341 0 169.259
    endloop
  endfacet
  facet normal 0 1 0
    outer loop
      vertex 45 0 173
      vertex 23.4239 0 169.383
      vertex 23.366 0 169.5
    endloop
  endfacet
  facet normal 0 1 -0
    outer loop
      vertex 89 0 169
      vertex 45 0 173
      vertex 89.0086 0 169.131
    endloop
  endfacet
  facet normal 0 1 0
    outer loop
      vertex 45 0 173
      vertex 23.4659 0 169.259
      vertex 23.4239 0 169.383
    endloop
  endfacet
  facet normal 0 1 0
    outer loop
      vertex 45 0 173
      vertex 89 0 169
      vertex 45 0 165
    endloop
  endfacet
  facet normal 0 1 0
    outer loop
      vertex 45 0 173
      vertex 23.4914 0 169.131
      vertex 23.4659 0 169.259
    endloop
  endfacet
  facet normal 0 1 0
    outer loop
      vertex 45 0 165
      vertex 89 0 169
      vertex 89.0086 0 168.869
    endloop
  endfacet
  facet normal 0 1 0
    outer loop
      vertex 45 0 173
      vertex 23.5 0 169
      vertex 23.4914 0 169.131
    endloop
  endfacet
  facet normal 0 1 0
    outer loop
      vertex 45 0 165
      vertex 89.0086 0 168.869
      vertex 89.0341 0 168.741
    endloop
  endfacet
  facet normal 0 1 0
    outer loop
      vertex 23.5 0 169
      vertex 45 0 165
      vertex 23.4914 0 168.869
    endloop
  endfacet
  facet normal 0 1 0
    outer loop
      vertex 45 0 165
      vertex 89.0341 0 168.741
      vertex 89.0761 0 168.617
    endloop
  endfacet
  facet normal 0 1 0
    outer loop
      vertex 23.4914 0 168.869
      vertex 45 0 165
      vertex 23.4659 0 168.741
    endloop
  endfacet
  facet normal 0 1 0
    outer loop
      vertex 45 0 165
      vertex 89.0761 0 168.617
      vertex 89.134 0 168.5
    endloop
  endfacet
  facet normal 0 1 0
    outer loop
      vertex 23.4659 0 168.741
      vertex 45 0 165
      vertex 23.4239 0 168.617
    endloop
  endfacet
  facet normal 0 1 0
    outer loop
      vertex 45 0 165
      vertex 89.134 0 168.5
      vertex 89.2066 0 168.391
    endloop
  endfacet
  facet normal 0 1 -0
    outer loop
      vertex 45 0 163
      vertex 23.4239 0 168.617
      vertex 45 0 165
    endloop
  endfacet
  facet normal 0 1 0
    outer loop
      vertex 45 0 165
      vertex 89.2066 0 168.391
      vertex 89.2929 0 168.293
    endloop
  endfacet
  facet normal 0 1 0
    outer loop
      vertex 23.4239 0 168.617
      vertex 45 0 163
      vertex 23.366 0 168.5
    endloop
  endfacet
  facet normal 0 1 0
    outer loop
      vertex 45 0 165
      vertex 89.2929 0 168.293
      vertex 89.3912 0 168.207
    endloop
  endfacet
  facet normal 0 1 0
    outer loop
      vertex 23.366 0 168.5
      vertex 45 0 163
      vertex 23.2934 0 168.391
    endloop
  endfacet
  facet normal 0 1 0
    outer loop
      vertex 45 0 165
      vertex 89.3912 0 168.207
      vertex 89.5 0 168.134
    endloop
  endfacet
  facet normal 0 1 0
    outer loop
      vertex 23.2934 0 168.391
      vertex 45 0 163
      vertex 23.2071 0 168.293
    endloop
  endfacet
  facet normal 0 1 0
    outer loop
      vertex 45 0 165
      vertex 89.5 0 168.134
      vertex 89.6173 0 168.076
    endloop
  endfacet
  facet normal 0 1 0
    outer loop
      vertex 23.2071 0 168.293
      vertex 45 0 163
      vertex 23.1088 0 168.207
    endloop
  endfacet
  facet normal 0 1 0
    outer loop
      vertex 45 0 165
      vertex 89.6173 0 168.076
      vertex 89.7412 0 168.034
    endloop
  endfacet
  facet normal 0 1 0
    outer loop
      vertex 23.1088 0 168.207
      vertex 45 0 163
      vertex 23 0 168.134
    endloop
  endfacet
  facet normal 0 1 0
    outer loop
      vertex 45 0 165
      vertex 89.7412 0 168.034
      vertex 89.8695 0 168.009
    endloop
  endfacet
  facet normal 0 1 0
    outer loop
      vertex 23 0 168.134
      vertex 45 0 163
      vertex 22.8827 0 168.076
    endloop
  endfacet
  facet normal 0 1 0
    outer loop
      vertex 45 0 165
      vertex 89.8695 0 168.009
      vertex 90 0 168
    endloop
  endfacet
  facet normal 0 1 0
    outer loop
      vertex 22.8827 0 168.076
      vertex 45 0 163
      vertex 22.7588 0 168.034
    endloop
  endfacet
  facet normal 0 1 -0
    outer loop
      vertex 149.869 0 169.991
      vertex 90 0 170
      vertex 150 0 170
    endloop
  endfacet
  facet normal 0 1 0
    outer loop
      vertex 149.869 0 169.991
      vertex 90.1305 0 169.991
      vertex 90 0 170
    endloop
  endfacet
  facet normal 0 1 -0
    outer loop
      vertex 149.741 0 169.966
      vertex 90.1305 0 169.991
      vertex 149.869 0 169.991
    endloop
  endfacet
  facet normal 0 1 0
    outer loop
      vertex 149.741 0 169.966
      vertex 90.2588 0 169.966
      vertex 90.1305 0 169.991
    endloop
  endfacet
  facet normal 0 1 -0
    outer loop
      vertex 149.617 0 169.924
      vertex 90.2588 0 169.966
      vertex 149.741 0 169.966
    endloop
  endfacet
  facet normal 0 1 0
    outer loop
      vertex 149.617 0 169.924
      vertex 90.3827 0 169.924
      vertex 90.2588 0 169.966
    endloop
  endfacet
  facet normal 0 1 -0
    outer loop
      vertex 149.5 0 169.866
      vertex 90.3827 0 169.924
      vertex 149.617 0 169.924
    endloop
  endfacet
  facet normal 0 1 0
    outer loop
      vertex 149.5 0 169.866
      vertex 90.5 0 169.866
      vertex 90.3827 0 169.924
    endloop
  endfacet
  facet normal 0 1 -0
    outer loop
      vertex 149.391 0 169.793
      vertex 90.5 0 169.866
      vertex 149.5 0 169.866
    endloop
  endfacet
  facet normal 0 1 0
    outer loop
      vertex 149.391 0 169.793
      vertex 90.6088 0 169.793
      vertex 90.5 0 169.866
    endloop
  endfacet
  facet normal 0 1 -0
    outer loop
      vertex 149.293 0 169.707
      vertex 90.6088 0 169.793
      vertex 149.391 0 169.793
    endloop
  endfacet
  facet normal 0 1 0
    outer loop
      vertex 149.293 0 169.707
      vertex 90.7071 0 169.707
      vertex 90.6088 0 169.793
    endloop
  endfacet
  facet normal 0 1 -0
    outer loop
      vertex 149.207 0 169.609
      vertex 90.7071 0 169.707
      vertex 149.293 0 169.707
    endloop
  endfacet
  facet normal 0 1 0
    outer loop
      vertex 149.207 0 169.609
      vertex 90.7934 0 169.609
      vertex 90.7071 0 169.707
    endloop
  endfacet
  facet normal 0 1 -0
    outer loop
      vertex 149.134 0 169.5
      vertex 90.7934 0 169.609
      vertex 149.207 0 169.609
    endloop
  endfacet
  facet normal 0 1 0
    outer loop
      vertex 149.134 0 169.5
      vertex 90.866 0 169.5
      vertex 90.7934 0 169.609
    endloop
  endfacet
  facet normal 0 1 -0
    outer loop
      vertex 149.076 0 169.383
      vertex 90.866 0 169.5
      vertex 149.134 0 169.5
    endloop
  endfacet
  facet normal 0 1 0
    outer loop
      vertex 149.076 0 169.383
      vertex 90.9239 0 169.383
      vertex 90.866 0 169.5
    endloop
  endfacet
  facet normal 0 1 -0
    outer loop
      vertex 149.034 0 169.259
      vertex 90.9239 0 169.383
      vertex 149.076 0 169.383
    endloop
  endfacet
  facet normal 0 1 0
    outer loop
      vertex 149.034 0 169.259
      vertex 90.9659 0 169.259
      vertex 90.9239 0 169.383
    endloop
  endfacet
  facet normal 0 1 -0
    outer loop
      vertex 149.009 0 169.131
      vertex 90.9659 0 169.259
      vertex 149.034 0 169.259
    endloop
  endfacet
  facet normal 0 1 0
    outer loop
      vertex 149.009 0 169.131
      vertex 90.9914 0 169.131
      vertex 90.9659 0 169.259
    endloop
  endfacet
  facet normal 0 1 -0
    outer loop
      vertex 149 0 169
      vertex 90.9914 0 169.131
      vertex 149.009 0 169.131
    endloop
  endfacet
  facet normal 0 1 0
    outer loop
      vertex 149 0 169
      vertex 91 0 169
      vertex 90.9914 0 169.131
    endloop
  endfacet
  facet normal 0 1 0
    outer loop
      vertex 149.009 0 168.869
      vertex 91 0 169
      vertex 149 0 169
    endloop
  endfacet
  facet normal 0 1 0
    outer loop
      vertex 149.009 0 168.869
      vertex 90.9914 0 168.869
      vertex 91 0 169
    endloop
  endfacet
  facet normal 0 1 0
    outer loop
      vertex 149.034 0 168.741
      vertex 90.9914 0 168.869
      vertex 149.009 0 168.869
    endloop
  endfacet
  facet normal 0 1 0
    outer loop
      vertex 149.034 0 168.741
      vertex 90.9659 0 168.741
      vertex 90.9914 0 168.869
    endloop
  endfacet
  facet normal 0 1 0
    outer loop
      vertex 149.076 0 168.617
      vertex 90.9659 0 168.741
      vertex 149.034 0 168.741
    endloop
  endfacet
  facet normal 0 1 0
    outer loop
      vertex 149.076 0 168.617
      vertex 90.9239 0 168.617
      vertex 90.9659 0 168.741
    endloop
  endfacet
  facet normal 0 1 0
    outer loop
      vertex 149.134 0 168.5
      vertex 90.9239 0 168.617
      vertex 149.076 0 168.617
    endloop
  endfacet
  facet normal 0 1 0
    outer loop
      vertex 149.134 0 168.5
      vertex 90.866 0 168.5
      vertex 90.9239 0 168.617
    endloop
  endfacet
  facet normal 0 1 0
    outer loop
      vertex 149.207 0 168.391
      vertex 90.866 0 168.5
      vertex 149.134 0 168.5
    endloop
  endfacet
  facet normal 0 1 0
    outer loop
      vertex 149.207 0 168.391
      vertex 90.7934 0 168.391
      vertex 90.866 0 168.5
    endloop
  endfacet
  facet normal 0 1 0
    outer loop
      vertex 149.293 0 168.293
      vertex 90.7934 0 168.391
      vertex 149.207 0 168.391
    endloop
  endfacet
  facet normal 0 1 0
    outer loop
      vertex 149.293 0 168.293
      vertex 90.7071 0 168.293
      vertex 90.7934 0 168.391
    endloop
  endfacet
  facet normal 0 1 0
    outer loop
      vertex 149.391 0 168.207
      vertex 90.7071 0 168.293
      vertex 149.293 0 168.293
    endloop
  endfacet
  facet normal 0 1 0
    outer loop
      vertex 149.391 0 168.207
      vertex 90.6088 0 168.207
      vertex 90.7071 0 168.293
    endloop
  endfacet
  facet normal 0 1 0
    outer loop
      vertex 149.5 0 168.134
      vertex 90.6088 0 168.207
      vertex 149.391 0 168.207
    endloop
  endfacet
  facet normal 0 1 0
    outer loop
      vertex 149.5 0 168.134
      vertex 90.5 0 168.134
      vertex 90.6088 0 168.207
    endloop
  endfacet
  facet normal 0 1 0
    outer loop
      vertex 149.617 0 168.076
      vertex 90.5 0 168.134
      vertex 149.5 0 168.134
    endloop
  endfacet
  facet normal 0 1 0
    outer loop
      vertex 149.617 0 168.076
      vertex 90.3827 0 168.076
      vertex 90.5 0 168.134
    endloop
  endfacet
  facet normal 0 1 0
    outer loop
      vertex 149.741 0 168.034
      vertex 90.3827 0 168.076
      vertex 149.617 0 168.076
    endloop
  endfacet
  facet normal 0 1 0
    outer loop
      vertex 149.741 0 168.034
      vertex 90.2588 0 168.034
      vertex 90.3827 0 168.076
    endloop
  endfacet
  facet normal 0 1 0
    outer loop
      vertex 149.869 0 168.009
      vertex 90.2588 0 168.034
      vertex 149.741 0 168.034
    endloop
  endfacet
  facet normal 0 1 0
    outer loop
      vertex 149.869 0 168.009
      vertex 90.1305 0 168.009
      vertex 90.2588 0 168.034
    endloop
  endfacet
  facet normal 0 1 0
    outer loop
      vertex 150 0 168
      vertex 90.1305 0 168.009
      vertex 149.869 0 168.009
    endloop
  endfacet
  facet normal 0 1 0
    outer loop
      vertex 90.1305 0 168.009
      vertex 150 0 168
      vertex 90 0 168
    endloop
  endfacet
  facet normal 0 1 -0
    outer loop
      vertex 217.117 0 169.924
      vertex 195 0 175
      vertex 217.241 0 169.966
    endloop
  endfacet
  facet normal 0 1 0
    outer loop
      vertex 195 0 173
      vertex 150.131 0 169.991
      vertex 150 0 170
    endloop
  endfacet
  facet normal 0 1 -0
    outer loop
      vertex 217 0 169.866
      vertex 195 0 175
      vertex 217.117 0 169.924
    endloop
  endfacet
  facet normal 0 1 0
    outer loop
      vertex 195 0 173
      vertex 150.259 0 169.966
      vertex 150.131 0 169.991
    endloop
  endfacet
  facet normal 0 1 -0
    outer loop
      vertex 216.891 0 169.793
      vertex 195 0 175
      vertex 217 0 169.866
    endloop
  endfacet
  facet normal 0 1 0
    outer loop
      vertex 195 0 173
      vertex 150.383 0 169.924
      vertex 150.259 0 169.966
    endloop
  endfacet
  facet normal 0 1 -0
    outer loop
      vertex 216.793 0 169.707
      vertex 195 0 175
      vertex 216.891 0 169.793
    endloop
  endfacet
  facet normal -0 1 0
    outer loop
      vertex 151 0 169
      vertex 195 0 173
      vertex 195 0 165
    endloop
  endfacet
  facet normal 0 1 -0
    outer loop
      vertex 216.707 0 169.609
      vertex 195 0 175
      vertex 216.793 0 169.707
    endloop
  endfacet
  facet normal 0 1 0
    outer loop
      vertex 195 0 173
      vertex 150.5 0 169.866
      vertex 150.383 0 169.924
    endloop
  endfacet
  facet normal 0 1 -0
    outer loop
      vertex 216.634 0 169.5
      vertex 195 0 175
      vertex 216.707 0 169.609
    endloop
  endfacet
  facet normal 0 1 0
    outer loop
      vertex 195 0 173
      vertex 150.609 0 169.793
      vertex 150.5 0 169.866
    endloop
  endfacet
  facet normal 0 1 -0
    outer loop
      vertex 216.576 0 169.383
      vertex 195 0 175
      vertex 216.634 0 169.5
    endloop
  endfacet
  facet normal 0 1 0
    outer loop
      vertex 195 0 173
      vertex 150.707 0 169.707
      vertex 150.609 0 169.793
    endloop
  endfacet
  facet normal 0 1 0
    outer loop
      vertex 195 0 175
      vertex 216.576 0 169.383
      vertex 195 0 173
    endloop
  endfacet
  facet normal 0 1 0
    outer loop
      vertex 195 0 173
      vertex 150.793 0 169.609
      vertex 150.707 0 169.707
    endloop
  endfacet
  facet normal 0 1 -0
    outer loop
      vertex 216.534 0 169.259
      vertex 195 0 173
      vertex 216.576 0 169.383
    endloop
  endfacet
  facet normal 0 1 0
    outer loop
      vertex 195 0 173
      vertex 150.866 0 169.5
      vertex 150.793 0 169.609
    endloop
  endfacet
  facet normal 0 1 -0
    outer loop
      vertex 216.509 0 169.131
      vertex 195 0 173
      vertex 216.534 0 169.259
    endloop
  endfacet
  facet normal 0 1 0
    outer loop
      vertex 195 0 173
      vertex 150.924 0 169.383
      vertex 150.866 0 169.5
    endloop
  endfacet
  facet normal 0 1 -0
    outer loop
      vertex 216.5 0 169
      vertex 195 0 173
      vertex 216.509 0 169.131
    endloop
  endfacet
  facet normal 0 1 0
    outer loop
      vertex 195 0 173
      vertex 150.966 0 169.259
      vertex 150.924 0 169.383
    endloop
  endfacet
  facet normal 0 1 0
    outer loop
      vertex 195 0 173
      vertex 216.5 0 169
      vertex 195 0 165
    endloop
  endfacet
  facet normal 0 1 0
    outer loop
      vertex 195 0 173
      vertex 150.991 0 169.131
      vertex 150.966 0 169.259
    endloop
  endfacet
  facet normal 0 1 0
    outer loop
      vertex 195 0 165
      vertex 216.5 0 169
      vertex 216.509 0 168.869
    endloop
  endfacet
  facet normal 0 1 0
    outer loop
      vertex 195 0 173
      vertex 151 0 169
      vertex 150.991 0 169.131
    endloop
  endfacet
  facet normal 0 1 0
    outer loop
      vertex 195 0 165
      vertex 216.509 0 168.869
      vertex 216.534 0 168.741
    endloop
  endfacet
  facet normal 0 1 0
    outer loop
      vertex 151 0 169
      vertex 195 0 165
      vertex 150.991 0 168.869
    endloop
  endfacet
  facet normal 0 1 0
    outer loop
      vertex 195 0 165
      vertex 216.534 0 168.741
      vertex 216.576 0 168.617
    endloop
  endfacet
  facet normal 0 1 0
    outer loop
      vertex 150.991 0 168.869
      vertex 195 0 165
      vertex 150.966 0 168.741
    endloop
  endfacet
  facet normal 0 1 0
    outer loop
      vertex 195 0 163
      vertex 216.576 0 168.617
      vertex 216.634 0 168.5
    endloop
  endfacet
  facet normal 0 1 0
    outer loop
      vertex 150.966 0 168.741
      vertex 195 0 165
      vertex 150.924 0 168.617
    endloop
  endfacet
  facet normal 0 1 0
    outer loop
      vertex 195 0 163
      vertex 216.634 0 168.5
      vertex 216.707 0 168.391
    endloop
  endfacet
  facet normal 0 1 0
    outer loop
      vertex 150.924 0 168.617
      vertex 195 0 165
      vertex 150.866 0 168.5
    endloop
  endfacet
  facet normal 0 1 0
    outer loop
      vertex 195 0 163
      vertex 216.707 0 168.391
      vertex 216.793 0 168.293
    endloop
  endfacet
  facet normal 0 1 0
    outer loop
      vertex 150.866 0 168.5
      vertex 195 0 165
      vertex 150.793 0 168.391
    endloop
  endfacet
  facet normal 0 1 0
    outer loop
      vertex 195 0 163
      vertex 216.793 0 168.293
      vertex 216.891 0 168.207
    endloop
  endfacet
  facet normal 0 1 0
    outer loop
      vertex 150.793 0 168.391
      vertex 195 0 165
      vertex 150.707 0 168.293
    endloop
  endfacet
  facet normal 0 1 0
    outer loop
      vertex 195 0 163
      vertex 216.891 0 168.207
      vertex 217 0 168.134
    endloop
  endfacet
  facet normal 0 1 0
    outer loop
      vertex 150.707 0 168.293
      vertex 195 0 165
      vertex 150.609 0 168.207
    endloop
  endfacet
  facet normal 0 1 0
    outer loop
      vertex 195 0 163
      vertex 217 0 168.134
      vertex 217.117 0 168.076
    endloop
  endfacet
  facet normal 0 1 0
    outer loop
      vertex 150.609 0 168.207
      vertex 195 0 165
      vertex 150.5 0 168.134
    endloop
  endfacet
  facet normal 0 1 0
    outer loop
      vertex 195 0 163
      vertex 217.117 0 168.076
      vertex 217.241 0 168.034
    endloop
  endfacet
  facet normal 0 1 0
    outer loop
      vertex 150.5 0 168.134
      vertex 195 0 165
      vertex 150.383 0 168.076
    endloop
  endfacet
  facet normal 0 1 0
    outer loop
      vertex 195 0 163
      vertex 217.241 0 168.034
      vertex 217.369 0 168.009
    endloop
  endfacet
  facet normal 0 1 0
    outer loop
      vertex 150.383 0 168.076
      vertex 195 0 165
      vertex 150.259 0 168.034
    endloop
  endfacet
  facet normal 0 1 0
    outer loop
      vertex 195 0 163
      vertex 217.369 0 168.009
      vertex 217.5 0 168
    endloop
  endfacet
  facet normal 0 1 0
    outer loop
      vertex 150.259 0 168.034
      vertex 195 0 165
      vertex 150.131 0 168.009
    endloop
  endfacet
  facet normal 0 1 -0
    outer loop
      vertex 217.5 0 170
      vertex 195 0 175
      vertex 240 0 175
    endloop
  endfacet
  facet normal 0 1 -0
    outer loop
      vertex 217.241 0 169.966
      vertex 195 0 175
      vertex 217.369 0 169.991
    endloop
  endfacet
  facet normal 0 1 -0
    outer loop
      vertex 217.369 0 169.991
      vertex 195 0 175
      vertex 217.5 0 170
    endloop
  endfacet
  facet normal 0 1 0
    outer loop
      vertex 240 0 175
      vertex 217.631 0 169.991
      vertex 217.5 0 170
    endloop
  endfacet
  facet normal 0 1 0
    outer loop
      vertex 240 0 175
      vertex 217.759 0 169.966
      vertex 217.631 0 169.991
    endloop
  endfacet
  facet normal 0 1 0
    outer loop
      vertex 240 0 175
      vertex 217.883 0 169.924
      vertex 217.759 0 169.966
    endloop
  endfacet
  facet normal 0 1 0
    outer loop
      vertex 240 0 175
      vertex 218 0 169.866
      vertex 217.883 0 169.924
    endloop
  endfacet
  facet normal 0 1 0
    outer loop
      vertex 240 0 175
      vertex 218.109 0 169.793
      vertex 218 0 169.866
    endloop
  endfacet
  facet normal 0 1 0
    outer loop
      vertex 240 0 175
      vertex 218.207 0 169.707
      vertex 218.109 0 169.793
    endloop
  endfacet
  facet normal 0 1 0
    outer loop
      vertex 240 0 175
      vertex 218.293 0 169.609
      vertex 218.207 0 169.707
    endloop
  endfacet
  facet normal 0 1 0
    outer loop
      vertex 240 0 175
      vertex 218.366 0 169.5
      vertex 218.293 0 169.609
    endloop
  endfacet
  facet normal 0 1 0
    outer loop
      vertex 240 0 175
      vertex 218.424 0 169.383
      vertex 218.366 0 169.5
    endloop
  endfacet
  facet normal 0 1 0
    outer loop
      vertex 240 0 175
      vertex 218.466 0 169.259
      vertex 218.424 0 169.383
    endloop
  endfacet
  facet normal 0 1 0
    outer loop
      vertex 240 0 175
      vertex 218.491 0 169.131
      vertex 218.466 0 169.259
    endloop
  endfacet
  facet normal 0 1 0
    outer loop
      vertex 240 0 175
      vertex 218.5 0 169
      vertex 218.491 0 169.131
    endloop
  endfacet
  facet normal 0 1 -0
    outer loop
      vertex 240 0 163
      vertex 218.5 0 169
      vertex 240 0 175
    endloop
  endfacet
  facet normal 0 1 0
    outer loop
      vertex 218.5 0 169
      vertex 240 0 163
      vertex 218.491 0 168.869
    endloop
  endfacet
  facet normal 0 1 0
    outer loop
      vertex 218.491 0 168.869
      vertex 240 0 163
      vertex 218.466 0 168.741
    endloop
  endfacet
  facet normal 0 1 0
    outer loop
      vertex 218.466 0 168.741
      vertex 240 0 163
      vertex 218.424 0 168.617
    endloop
  endfacet
  facet normal 0 1 0
    outer loop
      vertex 218.424 0 168.617
      vertex 240 0 163
      vertex 218.366 0 168.5
    endloop
  endfacet
  facet normal 0 1 0
    outer loop
      vertex 218.366 0 168.5
      vertex 240 0 163
      vertex 218.293 0 168.391
    endloop
  endfacet
  facet normal 0 1 0
    outer loop
      vertex 218.293 0 168.391
      vertex 240 0 163
      vertex 218.207 0 168.293
    endloop
  endfacet
  facet normal 0 1 0
    outer loop
      vertex 218.207 0 168.293
      vertex 240 0 163
      vertex 218.109 0 168.207
    endloop
  endfacet
  facet normal 0 1 0
    outer loop
      vertex 218.109 0 168.207
      vertex 240 0 163
      vertex 218 0 168.134
    endloop
  endfacet
  facet normal 0 1 0
    outer loop
      vertex 218 0 168.134
      vertex 240 0 163
      vertex 217.883 0 168.076
    endloop
  endfacet
  facet normal 0 1 0
    outer loop
      vertex 150.131 0 168.009
      vertex 195 0 165
      vertex 150 0 168
    endloop
  endfacet
  facet normal 0 1 0
    outer loop
      vertex 150 0 168
      vertex 195 0 165
      vertex 90 0 168
    endloop
  endfacet
  facet normal 0 1 0
    outer loop
      vertex 45 0 165
      vertex 90 0 168
      vertex 195 0 165
    endloop
  endfacet
  facet normal 0 1 0
    outer loop
      vertex 240 0 163
      vertex 217.5 0 168
      vertex 217.631 0 168.009
    endloop
  endfacet
  facet normal 0 1 0
    outer loop
      vertex 217.883 0 168.076
      vertex 240 0 163
      vertex 217.759 0 168.034
    endloop
  endfacet
  facet normal 0 1 0
    outer loop
      vertex 240 0 163
      vertex 217.631 0 168.009
      vertex 217.759 0 168.034
    endloop
  endfacet
  facet normal 0 1 0
    outer loop
      vertex 217.5 0 168
      vertex 240 0 163
      vertex 195 0 163
    endloop
  endfacet
  facet normal 0 1 0
    outer loop
      vertex 216.576 0 168.617
      vertex 195 0 163
      vertex 195 0 165
    endloop
  endfacet
  facet normal 0 1 0
    outer loop
      vertex 22.5 0 170
      vertex 45 0 175
      vertex 45 0 173
    endloop
  endfacet
  facet normal 0 1 0
    outer loop
      vertex 195 0 173
      vertex 150 0 170
      vertex 45 0 173
    endloop
  endfacet
  facet normal 0 1 -0
    outer loop
      vertex 90 0 170
      vertex 45 0 173
      vertex 150 0 170
    endloop
  endfacet
  facet normal 0 1 -0
    outer loop
      vertex 89.8695 0 169.991
      vertex 45 0 173
      vertex 90 0 170
    endloop
  endfacet
  facet normal 0 1 0
    outer loop
      vertex 45 0 175
      vertex 22.5 0 170
      vertex 0 0 175
    endloop
  endfacet
  facet normal 0 1 -0
    outer loop
      vertex 22.3695 0 169.991
      vertex 0 0 175
      vertex 22.5 0 170
    endloop
  endfacet
  facet normal 0 1 -0
    outer loop
      vertex 22.2412 0 169.966
      vertex 0 0 175
      vertex 22.3695 0 169.991
    endloop
  endfacet
  facet normal 0 1 -0
    outer loop
      vertex 22.1173 0 169.924
      vertex 0 0 175
      vertex 22.2412 0 169.966
    endloop
  endfacet
  facet normal 0 1 -0
    outer loop
      vertex 22 0 169.866
      vertex 0 0 175
      vertex 22.1173 0 169.924
    endloop
  endfacet
  facet normal 0 1 -0
    outer loop
      vertex 21.8912 0 169.793
      vertex 0 0 175
      vertex 22 0 169.866
    endloop
  endfacet
  facet normal 0 1 -0
    outer loop
      vertex 21.7929 0 169.707
      vertex 0 0 175
      vertex 21.8912 0 169.793
    endloop
  endfacet
  facet normal 0 1 -0
    outer loop
      vertex 21.7066 0 169.609
      vertex 0 0 175
      vertex 21.7929 0 169.707
    endloop
  endfacet
  facet normal 0 1 -0
    outer loop
      vertex 21.634 0 169.5
      vertex 0 0 175
      vertex 21.7066 0 169.609
    endloop
  endfacet
  facet normal 0 1 -0
    outer loop
      vertex 21.5761 0 169.383
      vertex 0 0 175
      vertex 21.634 0 169.5
    endloop
  endfacet
  facet normal 0 1 -0
    outer loop
      vertex 21.5341 0 169.259
      vertex 0 0 175
      vertex 21.5761 0 169.383
    endloop
  endfacet
  facet normal 0 1 -0
    outer loop
      vertex 21.5086 0 169.131
      vertex 0 0 175
      vertex 21.5341 0 169.259
    endloop
  endfacet
  facet normal 0 1 -0
    outer loop
      vertex 21.5 0 169
      vertex 0 0 175
      vertex 21.5086 0 169.131
    endloop
  endfacet
  facet normal 0 1 0
    outer loop
      vertex 0 0 163
      vertex 21.5 0 169
      vertex 21.5086 0 168.869
    endloop
  endfacet
  facet normal 0 1 0
    outer loop
      vertex 0 0 163
      vertex 21.5086 0 168.869
      vertex 21.5341 0 168.741
    endloop
  endfacet
  facet normal 0 1 0
    outer loop
      vertex 0 0 163
      vertex 21.5341 0 168.741
      vertex 21.5761 0 168.617
    endloop
  endfacet
  facet normal 0 1 0
    outer loop
      vertex 0 0 163
      vertex 21.5761 0 168.617
      vertex 21.634 0 168.5
    endloop
  endfacet
  facet normal 0 1 0
    outer loop
      vertex 0 0 163
      vertex 21.634 0 168.5
      vertex 21.7066 0 168.391
    endloop
  endfacet
  facet normal 0 1 0
    outer loop
      vertex 0 0 163
      vertex 21.7066 0 168.391
      vertex 21.7929 0 168.293
    endloop
  endfacet
  facet normal 0 1 0
    outer loop
      vertex 0 0 163
      vertex 21.7929 0 168.293
      vertex 21.8912 0 168.207
    endloop
  endfacet
  facet normal 0 1 0
    outer loop
      vertex 0 0 163
      vertex 21.8912 0 168.207
      vertex 22 0 168.134
    endloop
  endfacet
  facet normal 0 1 0
    outer loop
      vertex 0 0 163
      vertex 22 0 168.134
      vertex 22.1173 0 168.076
    endloop
  endfacet
  facet normal 0 1 0
    outer loop
      vertex 0 0 163
      vertex 22.1173 0 168.076
      vertex 22.2412 0 168.034
    endloop
  endfacet
  facet normal 0 1 0
    outer loop
      vertex 22.7588 0 168.034
      vertex 45 0 163
      vertex 22.6305 0 168.009
    endloop
  endfacet
  facet normal 0 1 0
    outer loop
      vertex 22.6305 0 168.009
      vertex 45 0 163
      vertex 22.5 0 168
    endloop
  endfacet
  facet normal 0 1 0
    outer loop
      vertex 0 0 163
      vertex 22.5 0 168
      vertex 45 0 163
    endloop
  endfacet
  facet normal 0 1 0
    outer loop
      vertex 22.5 0 168
      vertex 0 0 163
      vertex 22.3695 0 168.009
    endloop
  endfacet
  facet normal 0 1 0
    outer loop
      vertex 21.5 0 169
      vertex 0 0 163
      vertex 0 0 175
    endloop
  endfacet
  facet normal 0 1 0
    outer loop
      vertex 22.3695 0 168.009
      vertex 0 0 163
      vertex 22.2412 0 168.034
    endloop
  endfacet
  facet normal 0 1 -0
    outer loop
      vertex 45 31 163
      vertex -4 31 175
      vertex 45 31 175
    endloop
  endfacet
  facet normal 0 1 0
    outer loop
      vertex -4 31 175
      vertex 45 31 163
      vertex -4 31 163
    endloop
  endfacet
  facet normal 1 -0 0
    outer loop
      vertex 45 27 175
      vertex 45 31 163
      vertex 45 31 175
    endloop
  endfacet
  facet normal 1 0 0
    outer loop
      vertex 45 31 163
      vertex 45 27 175
      vertex 45 27 163
    endloop
  endfacet
  facet normal 0 -1 0
    outer loop
      vertex 0 27 163
      vertex 45 27 175
      vertex 0 27 175
    endloop
  endfacet
  facet normal 0 -1 -0
    outer loop
      vertex 45 27 175
      vertex 0 27 163
      vertex 45 27 163
    endloop
  endfacet
  facet normal 0.557164 0 0.830403
    outer loop
      vertex 21.8912 0 168.207
      vertex 22 -4 168.134
      vertex 22 0 168.134
    endloop
  endfacet
  facet normal 0.557164 0 0.830403
    outer loop
      vertex 22 -4 168.134
      vertex 21.8912 0 168.207
      vertex 21.8912 -4 168.207
    endloop
  endfacet
  facet normal -0.980728 0 0.195379
    outer loop
      vertex 23.4659 -4 168.741
      vertex 23.4914 0 168.869
      vertex 23.4659 0 168.741
    endloop
  endfacet
  facet normal -0.980728 0 0.195379
    outer loop
      vertex 23.4914 0 168.869
      vertex 23.4659 -4 168.741
      vertex 23.4914 -4 168.869
    endloop
  endfacet
  facet normal -0.997852 0 0.0655078
    outer loop
      vertex 23.4914 -4 168.869
      vertex 23.5 0 169
      vertex 23.4914 0 168.869
    endloop
  endfacet
  facet normal -0.997852 0 0.0655078
    outer loop
      vertex 23.5 0 169
      vertex 23.4914 -4 168.869
      vertex 23.5 -4 169
    endloop
  endfacet
  facet normal 0.896258 0 -0.443533
    outer loop
      vertex 21.634 -4 169.5
      vertex 21.5761 0 169.383
      vertex 21.634 0 169.5
    endloop
  endfacet
  facet normal 0.896258 0 -0.443533
    outer loop
      vertex 21.5761 0 169.383
      vertex 21.634 -4 169.5
      vertex 21.5761 -4 169.383
    endloop
  endfacet
  facet normal -0.947145 0 -0.320807
    outer loop
      vertex 23.4659 -4 169.259
      vertex 23.4239 0 169.383
      vertex 23.4659 0 169.259
    endloop
  endfacet
  facet normal -0.947145 -0 -0.320807
    outer loop
      vertex 23.4239 0 169.383
      vertex 23.4659 -4 169.259
      vertex 23.4239 -4 169.383
    endloop
  endfacet
  facet normal -0.997852 0 -0.0655078
    outer loop
      vertex 23.5 -4 169
      vertex 23.4914 0 169.131
      vertex 23.5 0 169
    endloop
  endfacet
  facet normal -0.997852 -0 -0.0655078
    outer loop
      vertex 23.4914 0 169.131
      vertex 23.5 -4 169
      vertex 23.4914 -4 169.131
    endloop
  endfacet
  facet normal -0.896258 0 0.443533
    outer loop
      vertex 23.366 -4 168.5
      vertex 23.4239 0 168.617
      vertex 23.366 0 168.5
    endloop
  endfacet
  facet normal -0.896258 0 0.443533
    outer loop
      vertex 23.4239 0 168.617
      vertex 23.366 -4 168.5
      vertex 23.4239 -4 168.617
    endloop
  endfacet
  facet normal -0.65845 0 0.752624
    outer loop
      vertex 23.1088 0 168.207
      vertex 23.2071 -4 168.293
      vertex 23.2071 0 168.293
    endloop
  endfacet
  facet normal -0.65845 0 0.752624
    outer loop
      vertex 23.2071 -4 168.293
      vertex 23.1088 0 168.207
      vertex 23.1088 -4 168.207
    endloop
  endfacet
  facet normal 0.557164 0 -0.830403
    outer loop
      vertex 21.8912 -4 169.793
      vertex 22 0 169.866
      vertex 22 -4 169.866
    endloop
  endfacet
  facet normal 0.557164 0 -0.830403
    outer loop
      vertex 22 0 169.866
      vertex 21.8912 -4 169.793
      vertex 21.8912 0 169.793
    endloop
  endfacet
  facet normal -0.321039 0 0.947066
    outer loop
      vertex 22.7588 0 168.034
      vertex 22.8827 -4 168.076
      vertex 22.8827 0 168.076
    endloop
  endfacet
  facet normal -0.321039 0 0.947066
    outer loop
      vertex 22.8827 -4 168.076
      vertex 22.7588 0 168.034
      vertex 22.7588 -4 168.034
    endloop
  endfacet
  facet normal 0.997852 0 -0.0655078
    outer loop
      vertex 21.5086 -4 169.131
      vertex 21.5 0 169
      vertex 21.5086 0 169.131
    endloop
  endfacet
  facet normal 0.997852 0 -0.0655078
    outer loop
      vertex 21.5 0 169
      vertex 21.5086 -4 169.131
      vertex 21.5 -4 169
    endloop
  endfacet
  facet normal -0.65845 0 -0.752624
    outer loop
      vertex 23.1088 -4 169.793
      vertex 23.2071 0 169.707
      vertex 23.2071 -4 169.707
    endloop
  endfacet
  facet normal -0.65845 0 -0.752624
    outer loop
      vertex 23.2071 0 169.707
      vertex 23.1088 -4 169.793
      vertex 23.1088 0 169.793
    endloop
  endfacet
  facet normal 0.191259 0 -0.98154
    outer loop
      vertex 22.2412 -4 169.966
      vertex 22.3695 0 169.991
      vertex 22.3695 -4 169.991
    endloop
  endfacet
  facet normal 0.191259 0 -0.98154
    outer loop
      vertex 22.3695 0 169.991
      vertex 22.2412 -4 169.966
      vertex 22.2412 0 169.966
    endloop
  endfacet
  facet normal -0.896258 0 -0.443533
    outer loop
      vertex 23.4239 -4 169.383
      vertex 23.366 0 169.5
      vertex 23.4239 0 169.383
    endloop
  endfacet
  facet normal -0.896258 -0 -0.443533
    outer loop
      vertex 23.366 0 169.5
      vertex 23.4239 -4 169.383
      vertex 23.366 -4 169.5
    endloop
  endfacet
  facet normal 0.947145 0 -0.320807
    outer loop
      vertex 21.5761 -4 169.383
      vertex 21.5341 0 169.259
      vertex 21.5761 0 169.383
    endloop
  endfacet
  facet normal 0.947145 0 -0.320807
    outer loop
      vertex 21.5341 0 169.259
      vertex 21.5761 -4 169.383
      vertex 21.5341 -4 169.259
    endloop
  endfacet
  facet normal -0.443235 0 -0.896405
    outer loop
      vertex 22.8827 -4 169.924
      vertex 23 0 169.866
      vertex 23 -4 169.866
    endloop
  endfacet
  facet normal -0.443235 0 -0.896405
    outer loop
      vertex 23 0 169.866
      vertex 22.8827 -4 169.924
      vertex 22.8827 0 169.924
    endloop
  endfacet
  facet normal 0.896258 -0 0.443533
    outer loop
      vertex 21.5761 -4 168.617
      vertex 21.634 0 168.5
      vertex 21.5761 0 168.617
    endloop
  endfacet
  facet normal 0.896258 0 0.443533
    outer loop
      vertex 21.634 0 168.5
      vertex 21.5761 -4 168.617
      vertex 21.634 -4 168.5
    endloop
  endfacet
  facet normal -0.321039 0 -0.947066
    outer loop
      vertex 22.7588 -4 169.966
      vertex 22.8827 0 169.924
      vertex 22.8827 -4 169.924
    endloop
  endfacet
  facet normal -0.321039 0 -0.947066
    outer loop
      vertex 22.8827 0 169.924
      vertex 22.7588 -4 169.966
      vertex 22.7588 0 169.966
    endloop
  endfacet
  facet normal 0.980728 -0 0.195379
    outer loop
      vertex 21.5086 -4 168.869
      vertex 21.5341 0 168.741
      vertex 21.5086 0 168.869
    endloop
  endfacet
  facet normal 0.980728 0 0.195379
    outer loop
      vertex 21.5341 0 168.741
      vertex 21.5086 -4 168.869
      vertex 21.5341 -4 168.741
    endloop
  endfacet
  facet normal 0.750486 0 -0.660887
    outer loop
      vertex 21.7929 -4 169.707
      vertex 21.7066 0 169.609
      vertex 21.7929 0 169.707
    endloop
  endfacet
  facet normal 0.750486 0 -0.660887
    outer loop
      vertex 21.7066 0 169.609
      vertex 21.7929 -4 169.707
      vertex 21.7066 -4 169.609
    endloop
  endfacet
  facet normal 0.750486 -0 0.660887
    outer loop
      vertex 21.7066 -4 168.391
      vertex 21.7929 0 168.293
      vertex 21.7066 0 168.391
    endloop
  endfacet
  facet normal 0.750486 0 0.660887
    outer loop
      vertex 21.7929 0 168.293
      vertex 21.7066 -4 168.391
      vertex 21.7929 -4 168.293
    endloop
  endfacet
  facet normal 0.997852 -0 0.0655078
    outer loop
      vertex 21.5 -4 169
      vertex 21.5086 0 168.869
      vertex 21.5 0 169
    endloop
  endfacet
  facet normal 0.997852 0 0.0655078
    outer loop
      vertex 21.5086 0 168.869
      vertex 21.5 -4 169
      vertex 21.5086 -4 168.869
    endloop
  endfacet
  facet normal -0.750486 0 -0.660887
    outer loop
      vertex 23.2934 -4 169.609
      vertex 23.2071 0 169.707
      vertex 23.2934 0 169.609
    endloop
  endfacet
  facet normal -0.750486 -0 -0.660887
    outer loop
      vertex 23.2071 0 169.707
      vertex 23.2934 -4 169.609
      vertex 23.2071 -4 169.707
    endloop
  endfacet
  facet normal -0.832285 0 0.554348
    outer loop
      vertex 23.2934 -4 168.391
      vertex 23.366 0 168.5
      vertex 23.2934 0 168.391
    endloop
  endfacet
  facet normal -0.832285 0 0.554348
    outer loop
      vertex 23.366 0 168.5
      vertex 23.2934 -4 168.391
      vertex 23.366 -4 168.5
    endloop
  endfacet
  facet normal -0.0688021 0 0.99763
    outer loop
      vertex 22.5 0 168
      vertex 22.6305 -4 168.009
      vertex 22.6305 0 168.009
    endloop
  endfacet
  facet normal -0.0688021 0 0.99763
    outer loop
      vertex 22.6305 -4 168.009
      vertex 22.5 0 168
      vertex 22.5 -4 168
    endloop
  endfacet
  facet normal 0.0688021 0 -0.99763
    outer loop
      vertex 22.3695 -4 169.991
      vertex 22.5 0 170
      vertex 22.5 -4 170
    endloop
  endfacet
  facet normal 0.0688021 0 -0.99763
    outer loop
      vertex 22.5 0 170
      vertex 22.3695 -4 169.991
      vertex 22.3695 0 169.991
    endloop
  endfacet
  facet normal 0.65845 0 0.752624
    outer loop
      vertex 21.7929 0 168.293
      vertex 21.8912 -4 168.207
      vertex 21.8912 0 168.207
    endloop
  endfacet
  facet normal 0.65845 0 0.752624
    outer loop
      vertex 21.8912 -4 168.207
      vertex 21.7929 0 168.293
      vertex 21.7929 -4 168.293
    endloop
  endfacet
  facet normal -0.191259 0 -0.98154
    outer loop
      vertex 22.6305 -4 169.991
      vertex 22.7588 0 169.966
      vertex 22.7588 -4 169.966
    endloop
  endfacet
  facet normal -0.191259 0 -0.98154
    outer loop
      vertex 22.7588 0 169.966
      vertex 22.6305 -4 169.991
      vertex 22.6305 0 169.991
    endloop
  endfacet
  facet normal -0.557164 0 0.830403
    outer loop
      vertex 23 0 168.134
      vertex 23.1088 -4 168.207
      vertex 23.1088 0 168.207
    endloop
  endfacet
  facet normal -0.557164 0 0.830403
    outer loop
      vertex 23.1088 -4 168.207
      vertex 23 0 168.134
      vertex 23 -4 168.134
    endloop
  endfacet
  facet normal -0.980728 0 -0.195379
    outer loop
      vertex 23.4914 -4 169.131
      vertex 23.4659 0 169.259
      vertex 23.4914 0 169.131
    endloop
  endfacet
  facet normal -0.980728 -0 -0.195379
    outer loop
      vertex 23.4659 0 169.259
      vertex 23.4914 -4 169.131
      vertex 23.4659 -4 169.259
    endloop
  endfacet
  facet normal 0.832285 0 -0.554348
    outer loop
      vertex 21.7066 -4 169.609
      vertex 21.634 0 169.5
      vertex 21.7066 0 169.609
    endloop
  endfacet
  facet normal 0.832285 0 -0.554348
    outer loop
      vertex 21.634 0 169.5
      vertex 21.7066 -4 169.609
      vertex 21.634 -4 169.5
    endloop
  endfacet
  facet normal 0.191259 0 0.98154
    outer loop
      vertex 22.2412 0 168.034
      vertex 22.3695 -4 168.009
      vertex 22.3695 0 168.009
    endloop
  endfacet
  facet normal 0.191259 0 0.98154
    outer loop
      vertex 22.3695 -4 168.009
      vertex 22.2412 0 168.034
      vertex 22.2412 -4 168.034
    endloop
  endfacet
  facet normal -0.0688021 0 -0.99763
    outer loop
      vertex 22.5 -4 170
      vertex 22.6305 0 169.991
      vertex 22.6305 -4 169.991
    endloop
  endfacet
  facet normal -0.0688021 0 -0.99763
    outer loop
      vertex 22.6305 0 169.991
      vertex 22.5 -4 170
      vertex 22.5 0 170
    endloop
  endfacet
  facet normal 0.980728 0 -0.195379
    outer loop
      vertex 21.5341 -4 169.259
      vertex 21.5086 0 169.131
      vertex 21.5341 0 169.259
    endloop
  endfacet
  facet normal 0.980728 0 -0.195379
    outer loop
      vertex 21.5086 0 169.131
      vertex 21.5341 -4 169.259
      vertex 21.5086 -4 169.131
    endloop
  endfacet
  facet normal -0.443235 0 0.896405
    outer loop
      vertex 22.8827 0 168.076
      vertex 23 -4 168.134
      vertex 23 0 168.134
    endloop
  endfacet
  facet normal -0.443235 0 0.896405
    outer loop
      vertex 23 -4 168.134
      vertex 22.8827 0 168.076
      vertex 22.8827 -4 168.076
    endloop
  endfacet
  facet normal -0.557164 0 -0.830403
    outer loop
      vertex 23 -4 169.866
      vertex 23.1088 0 169.793
      vertex 23.1088 -4 169.793
    endloop
  endfacet
  facet normal -0.557164 0 -0.830403
    outer loop
      vertex 23.1088 0 169.793
      vertex 23 -4 169.866
      vertex 23 0 169.866
    endloop
  endfacet
  facet normal 0.65845 0 -0.752624
    outer loop
      vertex 21.7929 -4 169.707
      vertex 21.8912 0 169.793
      vertex 21.8912 -4 169.793
    endloop
  endfacet
  facet normal 0.65845 0 -0.752624
    outer loop
      vertex 21.8912 0 169.793
      vertex 21.7929 -4 169.707
      vertex 21.7929 0 169.707
    endloop
  endfacet
  facet normal 0.0688021 0 0.99763
    outer loop
      vertex 22.3695 0 168.009
      vertex 22.5 -4 168
      vertex 22.5 0 168
    endloop
  endfacet
  facet normal 0.0688021 0 0.99763
    outer loop
      vertex 22.5 -4 168
      vertex 22.3695 0 168.009
      vertex 22.3695 -4 168.009
    endloop
  endfacet
  facet normal -0.832285 0 -0.554348
    outer loop
      vertex 23.366 -4 169.5
      vertex 23.2934 0 169.609
      vertex 23.366 0 169.5
    endloop
  endfacet
  facet normal -0.832285 -0 -0.554348
    outer loop
      vertex 23.2934 0 169.609
      vertex 23.366 -4 169.5
      vertex 23.2934 -4 169.609
    endloop
  endfacet
  facet normal -0.191259 0 0.98154
    outer loop
      vertex 22.6305 0 168.009
      vertex 22.7588 -4 168.034
      vertex 22.7588 0 168.034
    endloop
  endfacet
  facet normal -0.191259 0 0.98154
    outer loop
      vertex 22.7588 -4 168.034
      vertex 22.6305 0 168.009
      vertex 22.6305 -4 168.009
    endloop
  endfacet
  facet normal -0.750486 0 0.660887
    outer loop
      vertex 23.2071 -4 168.293
      vertex 23.2934 0 168.391
      vertex 23.2071 0 168.293
    endloop
  endfacet
  facet normal -0.750486 0 0.660887
    outer loop
      vertex 23.2934 0 168.391
      vertex 23.2071 -4 168.293
      vertex 23.2934 -4 168.391
    endloop
  endfacet
  facet normal -0.947145 0 0.320807
    outer loop
      vertex 23.4239 -4 168.617
      vertex 23.4659 0 168.741
      vertex 23.4239 0 168.617
    endloop
  endfacet
  facet normal -0.947145 0 0.320807
    outer loop
      vertex 23.4659 0 168.741
      vertex 23.4239 -4 168.617
      vertex 23.4659 -4 168.741
    endloop
  endfacet
  facet normal 0.443235 0 0.896405
    outer loop
      vertex 22 0 168.134
      vertex 22.1173 -4 168.076
      vertex 22.1173 0 168.076
    endloop
  endfacet
  facet normal 0.443235 0 0.896405
    outer loop
      vertex 22.1173 -4 168.076
      vertex 22 0 168.134
      vertex 22 -4 168.134
    endloop
  endfacet
  facet normal 0.321039 0 0.947066
    outer loop
      vertex 22.1173 0 168.076
      vertex 22.2412 -4 168.034
      vertex 22.2412 0 168.034
    endloop
  endfacet
  facet normal 0.321039 0 0.947066
    outer loop
      vertex 22.2412 -4 168.034
      vertex 22.1173 0 168.076
      vertex 22.1173 -4 168.076
    endloop
  endfacet
  facet normal 0.443235 0 -0.896405
    outer loop
      vertex 22 -4 169.866
      vertex 22.1173 0 169.924
      vertex 22.1173 -4 169.924
    endloop
  endfacet
  facet normal 0.443235 0 -0.896405
    outer loop
      vertex 22.1173 0 169.924
      vertex 22 -4 169.866
      vertex 22 0 169.866
    endloop
  endfacet
  facet normal 0.947145 -0 0.320807
    outer loop
      vertex 21.5341 -4 168.741
      vertex 21.5761 0 168.617
      vertex 21.5341 0 168.741
    endloop
  endfacet
  facet normal 0.947145 0 0.320807
    outer loop
      vertex 21.5761 0 168.617
      vertex 21.5341 -4 168.741
      vertex 21.5761 -4 168.617
    endloop
  endfacet
  facet normal 0.832285 -0 0.554348
    outer loop
      vertex 21.634 -4 168.5
      vertex 21.7066 0 168.391
      vertex 21.634 0 168.5
    endloop
  endfacet
  facet normal 0.832285 0 0.554348
    outer loop
      vertex 21.7066 0 168.391
      vertex 21.634 -4 168.5
      vertex 21.7066 -4 168.391
    endloop
  endfacet
  facet normal 0.321039 0 -0.947066
    outer loop
      vertex 22.1173 -4 169.924
      vertex 22.2412 0 169.966
      vertex 22.2412 -4 169.966
    endloop
  endfacet
  facet normal 0.321039 0 -0.947066
    outer loop
      vertex 22.2412 0 169.966
      vertex 22.1173 -4 169.924
      vertex 22.1173 0 169.924
    endloop
  endfacet
  facet normal -1 0 0
    outer loop
      vertex 195 -4 173
      vertex 195 0 175
      vertex 195 0 173
    endloop
  endfacet
  facet normal -1 -0 0
    outer loop
      vertex 195 0 175
      vertex 195 -4 173
      vertex 195 -4 175
    endloop
  endfacet
  facet normal -1 0 0
    outer loop
      vertex 195 -4 163
      vertex 195 0 165
      vertex 195 0 163
    endloop
  endfacet
  facet normal -1 -0 0
    outer loop
      vertex 195 0 165
      vertex 195 -4 163
      vertex 195 -4 165
    endloop
  endfacet
  facet normal 0 0 1
    outer loop
      vertex 244 31 175
      vertex 240 27 175
      vertex 244 -4 175
    endloop
  endfacet
  facet normal -0 0 1
    outer loop
      vertex 195 31 175
      vertex 240 27 175
      vertex 244 31 175
    endloop
  endfacet
  facet normal 0 0 1
    outer loop
      vertex 240 27 175
      vertex 195 31 175
      vertex 195 27 175
    endloop
  endfacet
  facet normal -0 0 1
    outer loop
      vertex 240 0 175
      vertex 244 -4 175
      vertex 240 27 175
    endloop
  endfacet
  facet normal 0 0 1
    outer loop
      vertex 195 -4 175
      vertex 240 0 175
      vertex 195 0 175
    endloop
  endfacet
  facet normal 0 0 1
    outer loop
      vertex 240 0 175
      vertex 195 -4 175
      vertex 244 -4 175
    endloop
  endfacet
  facet normal 0 0 -1
    outer loop
      vertex 195 -4 163
      vertex 240 0 163
      vertex 240 -4 163
    endloop
  endfacet
  facet normal -0 0 -1
    outer loop
      vertex 240 0 163
      vertex 195 -4 163
      vertex 195 0 163
    endloop
  endfacet
  facet normal 0 0 -1
    outer loop
      vertex 240 27 163
      vertex 244 0 163
      vertex 240 0 163
    endloop
  endfacet
  facet normal 0 0 -1
    outer loop
      vertex 244 0 163
      vertex 240 27 163
      vertex 244 31 163
    endloop
  endfacet
  facet normal 0 0 -1
    outer loop
      vertex 195 31 163
      vertex 240 27 163
      vertex 195 27 163
    endloop
  endfacet
  facet normal 0 0 -1
    outer loop
      vertex 240 27 163
      vertex 195 31 163
      vertex 244 31 163
    endloop
  endfacet
  facet normal -1 0 0
    outer loop
      vertex 240 0 163
      vertex 240 27 175
      vertex 240 27 163
    endloop
  endfacet
  facet normal -1 -0 0
    outer loop
      vertex 240 27 175
      vertex 240 0 163
      vertex 240 0 175
    endloop
  endfacet
  facet normal 0 1 -0
    outer loop
      vertex 244 31 163
      vertex 195 31 175
      vertex 244 31 175
    endloop
  endfacet
  facet normal 0 1 0
    outer loop
      vertex 195 31 175
      vertex 244 31 163
      vertex 195 31 163
    endloop
  endfacet
  facet normal -1 0 0
    outer loop
      vertex 195 27 163
      vertex 195 31 175
      vertex 195 31 163
    endloop
  endfacet
  facet normal -1 -0 0
    outer loop
      vertex 195 31 175
      vertex 195 27 163
      vertex 195 27 175
    endloop
  endfacet
  facet normal 0 -1 0
    outer loop
      vertex 195 27 163
      vertex 240 27 175
      vertex 195 27 175
    endloop
  endfacet
  facet normal 0 -1 -0
    outer loop
      vertex 240 27 175
      vertex 195 27 163
      vertex 240 27 163
    endloop
  endfacet
  facet normal -0.556458 0 0.830876
    outer loop
      vertex 218 0 168.134
      vertex 218.109 -4 168.207
      vertex 218.109 0 168.207
    endloop
  endfacet
  facet normal -0.556458 0 0.830876
    outer loop
      vertex 218.109 -4 168.207
      vertex 218 0 168.134
      vertex 218 -4 168.134
    endloop
  endfacet
  facet normal 0.981455 -0 0.191691
    outer loop
      vertex 216.509 -4 168.869
      vertex 216.534 0 168.741
      vertex 216.509 0 168.869
    endloop
  endfacet
  facet normal 0.981455 0 0.191691
    outer loop
      vertex 216.534 0 168.741
      vertex 216.509 -4 168.869
      vertex 216.534 -4 168.741
    endloop
  endfacet
  facet normal 0.997648 -0 0.0685407
    outer loop
      vertex 216.5 -4 169
      vertex 216.509 0 168.869
      vertex 216.5 0 169
    endloop
  endfacet
  facet normal 0.997648 0 0.0685407
    outer loop
      vertex 216.509 0 168.869
      vertex 216.5 -4 169
      vertex 216.509 -4 168.869
    endloop
  endfacet
  facet normal -0.895953 0 -0.444148
    outer loop
      vertex 218.424 -4 169.383
      vertex 218.366 0 169.5
      vertex 218.424 0 169.383
    endloop
  endfacet
  facet normal -0.895953 -0 -0.444148
    outer loop
      vertex 218.366 0 169.5
      vertex 218.424 -4 169.383
      vertex 218.366 -4 169.5
    endloop
  endfacet
  facet normal 0.947145 0 -0.320807
    outer loop
      vertex 216.576 -4 169.383
      vertex 216.534 0 169.259
      vertex 216.576 0 169.383
    endloop
  endfacet
  facet normal 0.947145 0 -0.320807
    outer loop
      vertex 216.534 0 169.259
      vertex 216.576 -4 169.383
      vertex 216.534 -4 169.259
    endloop
  endfacet
  facet normal 0.997648 0 -0.0685407
    outer loop
      vertex 216.509 -4 169.131
      vertex 216.5 0 169
      vertex 216.509 0 169.131
    endloop
  endfacet
  facet normal 0.997648 0 -0.0685407
    outer loop
      vertex 216.5 0 169
      vertex 216.509 -4 169.131
      vertex 216.5 -4 169
    endloop
  endfacet
  facet normal 0.895953 -0 0.444148
    outer loop
      vertex 216.576 -4 168.617
      vertex 216.634 0 168.5
      vertex 216.576 0 168.617
    endloop
  endfacet
  facet normal 0.895953 0 0.444148
    outer loop
      vertex 216.634 0 168.5
      vertex 216.576 -4 168.617
      vertex 216.634 -4 168.5
    endloop
  endfacet
  facet normal 0.65959 0 0.751626
    outer loop
      vertex 216.793 0 168.293
      vertex 216.891 -4 168.207
      vertex 216.891 0 168.207
    endloop
  endfacet
  facet normal 0.65959 0 0.751626
    outer loop
      vertex 216.891 -4 168.207
      vertex 216.793 0 168.293
      vertex 216.793 -4 168.293
    endloop
  endfacet
  facet normal -0.556458 0 -0.830876
    outer loop
      vertex 218 -4 169.866
      vertex 218.109 0 169.793
      vertex 218.109 -4 169.793
    endloop
  endfacet
  facet normal -0.556458 0 -0.830876
    outer loop
      vertex 218.109 0 169.793
      vertex 218 -4 169.866
      vertex 218 0 169.866
    endloop
  endfacet
  facet normal 0.320807 0 0.947145
    outer loop
      vertex 217.117 0 168.076
      vertex 217.241 -4 168.034
      vertex 217.241 0 168.034
    endloop
  endfacet
  facet normal 0.320807 0 0.947145
    outer loop
      vertex 217.241 -4 168.034
      vertex 217.117 0 168.076
      vertex 217.117 -4 168.076
    endloop
  endfacet
  facet normal -0.997648 0 -0.0685407
    outer loop
      vertex 218.5 -4 169
      vertex 218.491 0 169.131
      vertex 218.5 0 169
    endloop
  endfacet
  facet normal -0.997648 -0 -0.0685407
    outer loop
      vertex 218.491 0 169.131
      vertex 218.5 -4 169
      vertex 218.491 -4 169.131
    endloop
  endfacet
  facet normal 0.65959 0 -0.751626
    outer loop
      vertex 216.793 -4 169.707
      vertex 216.891 0 169.793
      vertex 216.891 -4 169.793
    endloop
  endfacet
  facet normal 0.65959 0 -0.751626
    outer loop
      vertex 216.891 0 169.793
      vertex 216.793 -4 169.707
      vertex 216.793 0 169.707
    endloop
  endfacet
  facet normal -0.191691 0 -0.981455
    outer loop
      vertex 217.631 -4 169.991
      vertex 217.759 0 169.966
      vertex 217.759 -4 169.966
    endloop
  endfacet
  facet normal -0.191691 0 -0.981455
    outer loop
      vertex 217.759 0 169.966
      vertex 217.631 -4 169.991
      vertex 217.631 0 169.991
    endloop
  endfacet
  facet normal 0.895953 0 -0.444148
    outer loop
      vertex 216.634 -4 169.5
      vertex 216.576 0 169.383
      vertex 216.634 0 169.5
    endloop
  endfacet
  facet normal 0.895953 0 -0.444148
    outer loop
      vertex 216.576 0 169.383
      vertex 216.634 -4 169.5
      vertex 216.576 -4 169.383
    endloop
  endfacet
  facet normal -0.947145 0 -0.320807
    outer loop
      vertex 218.466 -4 169.259
      vertex 218.424 0 169.383
      vertex 218.466 0 169.259
    endloop
  endfacet
  facet normal -0.947145 -0 -0.320807
    outer loop
      vertex 218.424 0 169.383
      vertex 218.466 -4 169.259
      vertex 218.424 -4 169.383
    endloop
  endfacet
  facet normal 0.444148 0 -0.895953
    outer loop
      vertex 217 -4 169.866
      vertex 217.117 0 169.924
      vertex 217.117 -4 169.924
    endloop
  endfacet
  facet normal 0.444148 0 -0.895953
    outer loop
      vertex 217.117 0 169.924
      vertex 217 -4 169.866
      vertex 217 0 169.866
    endloop
  endfacet
  facet normal -0.895953 0 0.444148
    outer loop
      vertex 218.366 -4 168.5
      vertex 218.424 0 168.617
      vertex 218.366 0 168.5
    endloop
  endfacet
  facet normal -0.895953 0 0.444148
    outer loop
      vertex 218.424 0 168.617
      vertex 218.366 -4 168.5
      vertex 218.424 -4 168.617
    endloop
  endfacet
  facet normal 0.320807 0 -0.947145
    outer loop
      vertex 217.117 -4 169.924
      vertex 217.241 0 169.966
      vertex 217.241 -4 169.966
    endloop
  endfacet
  facet normal 0.320807 0 -0.947145
    outer loop
      vertex 217.241 0 169.966
      vertex 217.117 -4 169.924
      vertex 217.117 0 169.924
    endloop
  endfacet
  facet normal -0.981455 0 0.191691
    outer loop
      vertex 218.466 -4 168.741
      vertex 218.491 0 168.869
      vertex 218.466 0 168.741
    endloop
  endfacet
  facet normal -0.981455 0 0.191691
    outer loop
      vertex 218.491 0 168.869
      vertex 218.466 -4 168.741
      vertex 218.491 -4 168.869
    endloop
  endfacet
  facet normal -0.751626 0 -0.65959
    outer loop
      vertex 218.293 -4 169.609
      vertex 218.207 0 169.707
      vertex 218.293 0 169.609
    endloop
  endfacet
  facet normal -0.751626 -0 -0.65959
    outer loop
      vertex 218.207 0 169.707
      vertex 218.293 -4 169.609
      vertex 218.207 -4 169.707
    endloop
  endfacet
  facet normal -0.751626 0 0.65959
    outer loop
      vertex 218.207 -4 168.293
      vertex 218.293 0 168.391
      vertex 218.207 0 168.293
    endloop
  endfacet
  facet normal -0.751626 0 0.65959
    outer loop
      vertex 218.293 0 168.391
      vertex 218.207 -4 168.293
      vertex 218.293 -4 168.391
    endloop
  endfacet
  facet normal -0.997648 0 0.0685407
    outer loop
      vertex 218.491 -4 168.869
      vertex 218.5 0 169
      vertex 218.491 0 168.869
    endloop
  endfacet
  facet normal -0.997648 0 0.0685407
    outer loop
      vertex 218.5 0 169
      vertex 218.491 -4 168.869
      vertex 218.5 -4 169
    endloop
  endfacet
  facet normal 0.751626 0 -0.65959
    outer loop
      vertex 216.793 -4 169.707
      vertex 216.707 0 169.609
      vertex 216.793 0 169.707
    endloop
  endfacet
  facet normal 0.751626 0 -0.65959
    outer loop
      vertex 216.707 0 169.609
      vertex 216.793 -4 169.707
      vertex 216.707 -4 169.609
    endloop
  endfacet
  facet normal 0.830876 -0 0.556458
    outer loop
      vertex 216.634 -4 168.5
      vertex 216.707 0 168.391
      vertex 216.634 0 168.5
    endloop
  endfacet
  facet normal 0.830876 0 0.556458
    outer loop
      vertex 216.707 0 168.391
      vertex 216.634 -4 168.5
      vertex 216.707 -4 168.391
    endloop
  endfacet
  facet normal 0.0685407 0 0.997648
    outer loop
      vertex 217.369 0 168.009
      vertex 217.5 -4 168
      vertex 217.5 0 168
    endloop
  endfacet
  facet normal 0.0685407 0 0.997648
    outer loop
      vertex 217.5 -4 168
      vertex 217.369 0 168.009
      vertex 217.369 -4 168.009
    endloop
  endfacet
  facet normal -0.0685407 0 -0.997648
    outer loop
      vertex 217.5 -4 170
      vertex 217.631 0 169.991
      vertex 217.631 -4 169.991
    endloop
  endfacet
  facet normal -0.0685407 0 -0.997648
    outer loop
      vertex 217.631 0 169.991
      vertex 217.5 -4 170
      vertex 217.5 0 170
    endloop
  endfacet
  facet normal -0.65959 0 0.751626
    outer loop
      vertex 218.109 0 168.207
      vertex 218.207 -4 168.293
      vertex 218.207 0 168.293
    endloop
  endfacet
  facet normal -0.65959 0 0.751626
    outer loop
      vertex 218.207 -4 168.293
      vertex 218.109 0 168.207
      vertex 218.109 -4 168.207
    endloop
  endfacet
  facet normal 0.191691 0 -0.981455
    outer loop
      vertex 217.241 -4 169.966
      vertex 217.369 0 169.991
      vertex 217.369 -4 169.991
    endloop
  endfacet
  facet normal 0.191691 0 -0.981455
    outer loop
      vertex 217.369 0 169.991
      vertex 217.241 -4 169.966
      vertex 217.241 0 169.966
    endloop
  endfacet
  facet normal 0.556458 0 0.830876
    outer loop
      vertex 216.891 0 168.207
      vertex 217 -4 168.134
      vertex 217 0 168.134
    endloop
  endfacet
  facet normal 0.556458 0 0.830876
    outer loop
      vertex 217 -4 168.134
      vertex 216.891 0 168.207
      vertex 216.891 -4 168.207
    endloop
  endfacet
  facet normal 0.981455 0 -0.191691
    outer loop
      vertex 216.534 -4 169.259
      vertex 216.509 0 169.131
      vertex 216.534 0 169.259
    endloop
  endfacet
  facet normal 0.981455 0 -0.191691
    outer loop
      vertex 216.509 0 169.131
      vertex 216.534 -4 169.259
      vertex 216.509 -4 169.131
    endloop
  endfacet
  facet normal -0.830876 0 -0.556458
    outer loop
      vertex 218.366 -4 169.5
      vertex 218.293 0 169.609
      vertex 218.366 0 169.5
    endloop
  endfacet
  facet normal -0.830876 -0 -0.556458
    outer loop
      vertex 218.293 0 169.609
      vertex 218.366 -4 169.5
      vertex 218.293 -4 169.609
    endloop
  endfacet
  facet normal -0.191691 0 0.981455
    outer loop
      vertex 217.631 0 168.009
      vertex 217.759 -4 168.034
      vertex 217.759 0 168.034
    endloop
  endfacet
  facet normal -0.191691 0 0.981455
    outer loop
      vertex 217.759 -4 168.034
      vertex 217.631 0 168.009
      vertex 217.631 -4 168.009
    endloop
  endfacet
  facet normal 0.0685407 0 -0.997648
    outer loop
      vertex 217.369 -4 169.991
      vertex 217.5 0 170
      vertex 217.5 -4 170
    endloop
  endfacet
  facet normal 0.0685407 0 -0.997648
    outer loop
      vertex 217.5 0 170
      vertex 217.369 -4 169.991
      vertex 217.369 0 169.991
    endloop
  endfacet
  facet normal -0.981455 0 -0.191691
    outer loop
      vertex 218.491 -4 169.131
      vertex 218.466 0 169.259
      vertex 218.491 0 169.131
    endloop
  endfacet
  facet normal -0.981455 -0 -0.191691
    outer loop
      vertex 218.466 0 169.259
      vertex 218.491 -4 169.131
      vertex 218.466 -4 169.259
    endloop
  endfacet
  facet normal 0.444148 0 0.895953
    outer loop
      vertex 217 0 168.134
      vertex 217.117 -4 168.076
      vertex 217.117 0 168.076
    endloop
  endfacet
  facet normal 0.444148 0 0.895953
    outer loop
      vertex 217.117 -4 168.076
      vertex 217 0 168.134
      vertex 217 -4 168.134
    endloop
  endfacet
  facet normal 0.556458 0 -0.830876
    outer loop
      vertex 216.891 -4 169.793
      vertex 217 0 169.866
      vertex 217 -4 169.866
    endloop
  endfacet
  facet normal 0.556458 0 -0.830876
    outer loop
      vertex 217 0 169.866
      vertex 216.891 -4 169.793
      vertex 216.891 0 169.793
    endloop
  endfacet
  facet normal -0.65959 0 -0.751626
    outer loop
      vertex 218.109 -4 169.793
      vertex 218.207 0 169.707
      vertex 218.207 -4 169.707
    endloop
  endfacet
  facet normal -0.65959 0 -0.751626
    outer loop
      vertex 218.207 0 169.707
      vertex 218.109 -4 169.793
      vertex 218.109 0 169.793
    endloop
  endfacet
  facet normal -0.0685407 0 0.997648
    outer loop
      vertex 217.5 0 168
      vertex 217.631 -4 168.009
      vertex 217.631 0 168.009
    endloop
  endfacet
  facet normal -0.0685407 0 0.997648
    outer loop
      vertex 217.631 -4 168.009
      vertex 217.5 0 168
      vertex 217.5 -4 168
    endloop
  endfacet
  facet normal 0.830876 0 -0.556458
    outer loop
      vertex 216.707 -4 169.609
      vertex 216.634 0 169.5
      vertex 216.707 0 169.609
    endloop
  endfacet
  facet normal 0.830876 0 -0.556458
    outer loop
      vertex 216.634 0 169.5
      vertex 216.707 -4 169.609
      vertex 216.634 -4 169.5
    endloop
  endfacet
  facet normal 0.191691 0 0.981455
    outer loop
      vertex 217.241 0 168.034
      vertex 217.369 -4 168.009
      vertex 217.369 0 168.009
    endloop
  endfacet
  facet normal 0.191691 0 0.981455
    outer loop
      vertex 217.369 -4 168.009
      vertex 217.241 0 168.034
      vertex 217.241 -4 168.034
    endloop
  endfacet
  facet normal 0.751626 -0 0.65959
    outer loop
      vertex 216.707 -4 168.391
      vertex 216.793 0 168.293
      vertex 216.707 0 168.391
    endloop
  endfacet
  facet normal 0.751626 0 0.65959
    outer loop
      vertex 216.793 0 168.293
      vertex 216.707 -4 168.391
      vertex 216.793 -4 168.293
    endloop
  endfacet
  facet normal 0.947145 -0 0.320807
    outer loop
      vertex 216.534 -4 168.741
      vertex 216.576 0 168.617
      vertex 216.534 0 168.741
    endloop
  endfacet
  facet normal 0.947145 0 0.320807
    outer loop
      vertex 216.576 0 168.617
      vertex 216.534 -4 168.741
      vertex 216.576 -4 168.617
    endloop
  endfacet
  facet normal -0.444148 0 0.895953
    outer loop
      vertex 217.883 0 168.076
      vertex 218 -4 168.134
      vertex 218 0 168.134
    endloop
  endfacet
  facet normal -0.444148 0 0.895953
    outer loop
      vertex 218 -4 168.134
      vertex 217.883 0 168.076
      vertex 217.883 -4 168.076
    endloop
  endfacet
  facet normal -0.320807 0 0.947145
    outer loop
      vertex 217.759 0 168.034
      vertex 217.883 -4 168.076
      vertex 217.883 0 168.076
    endloop
  endfacet
  facet normal -0.320807 0 0.947145
    outer loop
      vertex 217.883 -4 168.076
      vertex 217.759 0 168.034
      vertex 217.759 -4 168.034
    endloop
  endfacet
  facet normal -0.444148 0 -0.895953
    outer loop
      vertex 217.883 -4 169.924
      vertex 218 0 169.866
      vertex 218 -4 169.866
    endloop
  endfacet
  facet normal -0.444148 0 -0.895953
    outer loop
      vertex 218 0 169.866
      vertex 217.883 -4 169.924
      vertex 217.883 0 169.924
    endloop
  endfacet
  facet normal -0.947145 0 0.320807
    outer loop
      vertex 218.424 -4 168.617
      vertex 218.466 0 168.741
      vertex 218.424 0 168.617
    endloop
  endfacet
  facet normal -0.947145 0 0.320807
    outer loop
      vertex 218.466 0 168.741
      vertex 218.424 -4 168.617
      vertex 218.466 -4 168.741
    endloop
  endfacet
  facet normal -0.830876 0 0.556458
    outer loop
      vertex 218.293 -4 168.391
      vertex 218.366 0 168.5
      vertex 218.293 0 168.391
    endloop
  endfacet
  facet normal -0.830876 0 0.556458
    outer loop
      vertex 218.366 0 168.5
      vertex 218.293 -4 168.391
      vertex 218.366 -4 168.5
    endloop
  endfacet
  facet normal -0.320807 0 -0.947145
    outer loop
      vertex 217.759 -4 169.966
      vertex 217.883 0 169.924
      vertex 217.883 -4 169.924
    endloop
  endfacet
  facet normal -0.320807 0 -0.947145
    outer loop
      vertex 217.883 0 169.924
      vertex 217.759 -4 169.966
      vertex 217.759 0 169.966
    endloop
  endfacet
  facet normal -0 0 1
    outer loop
      vertex 45 0 8
      vertex 195 -4 8
      vertex 195 0 8
    endloop
  endfacet
  facet normal 0 0 1
    outer loop
      vertex 195 -4 8
      vertex 45 0 8
      vertex 45 -4 8
    endloop
  endfacet
  facet normal 0.555476 0 0.831533
    outer loop
      vertex 89.3912 0 3.20665
      vertex 89.5 -4 3.13397
      vertex 89.5 0 3.13397
    endloop
  endfacet
  facet normal 0.555476 0 0.831533
    outer loop
      vertex 89.5 -4 3.13397
      vertex 89.3912 0 3.20665
      vertex 89.3912 -4 3.20665
    endloop
  endfacet
  facet normal -0.980812 0 0.194955
    outer loop
      vertex 90.9659 -4 3.74118
      vertex 90.9914 0 3.86947
      vertex 90.9659 0 3.74118
    endloop
  endfacet
  facet normal -0.980812 0 0.194955
    outer loop
      vertex 90.9914 0 3.86947
      vertex 90.9659 -4 3.74118
      vertex 90.9914 -4 3.86947
    endloop
  endfacet
  facet normal -0.997837 0 0.0657427
    outer loop
      vertex 90.9914 -4 3.86947
      vertex 91 0 4
      vertex 90.9914 0 3.86947
    endloop
  endfacet
  facet normal -0.997837 0 0.0657427
    outer loop
      vertex 91 0 4
      vertex 90.9914 -4 3.86947
      vertex 91 -4 4
    endloop
  endfacet
  facet normal 0.896739 0 -0.44256
    outer loop
      vertex 89.134 -4 4.5
      vertex 89.0761 0 4.38268
      vertex 89.134 0 4.5
    endloop
  endfacet
  facet normal 0.896739 0 -0.44256
    outer loop
      vertex 89.0761 0 4.38268
      vertex 89.134 -4 4.5
      vertex 89.0761 -4 4.38268
    endloop
  endfacet
  facet normal -0.947034 0 -0.321132
    outer loop
      vertex 90.9659 -4 4.25882
      vertex 90.9239 0 4.38268
      vertex 90.9659 0 4.25882
    endloop
  endfacet
  facet normal -0.947034 -0 -0.321132
    outer loop
      vertex 90.9239 0 4.38268
      vertex 90.9659 -4 4.25882
      vertex 90.9239 -4 4.38268
    endloop
  endfacet
  facet normal -0.997837 0 -0.0657427
    outer loop
      vertex 91 -4 4
      vertex 90.9914 0 4.13053
      vertex 91 0 4
    endloop
  endfacet
  facet normal -0.997837 -0 -0.0657427
    outer loop
      vertex 90.9914 0 4.13053
      vertex 91 -4 4
      vertex 90.9914 -4 4.13053
    endloop
  endfacet
  facet normal -0.896739 0 0.44256
    outer loop
      vertex 90.866 -4 3.5
      vertex 90.9239 0 3.61732
      vertex 90.866 0 3.5
    endloop
  endfacet
  facet normal -0.896739 0 0.44256
    outer loop
      vertex 90.9239 0 3.61732
      vertex 90.866 -4 3.5
      vertex 90.9239 -4 3.61732
    endloop
  endfacet
  facet normal -0.659489 0 0.751714
    outer loop
      vertex 90.6088 0 3.20665
      vertex 90.7071 -4 3.29289
      vertex 90.7071 0 3.29289
    endloop
  endfacet
  facet normal -0.659489 0 0.751714
    outer loop
      vertex 90.7071 -4 3.29289
      vertex 90.6088 0 3.20665
      vertex 90.6088 -4 3.20665
    endloop
  endfacet
  facet normal 0.555423 0 -0.831568
    outer loop
      vertex 89.3912 -4 4.79335
      vertex 89.5 0 4.86602
      vertex 89.5 -4 4.86602
    endloop
  endfacet
  facet normal 0.555423 0 -0.831568
    outer loop
      vertex 89.5 0 4.86602
      vertex 89.3912 -4 4.79335
      vertex 89.3912 0 4.79335
    endloop
  endfacet
  facet normal -0.321382 0 0.94695
    outer loop
      vertex 90.2588 0 3.03407
      vertex 90.3827 -4 3.07612
      vertex 90.3827 0 3.07612
    endloop
  endfacet
  facet normal -0.321382 0 0.94695
    outer loop
      vertex 90.3827 -4 3.07612
      vertex 90.2588 0 3.03407
      vertex 90.2588 -4 3.03407
    endloop
  endfacet
  facet normal 0.997837 0 -0.0657427
    outer loop
      vertex 89.0086 -4 4.13053
      vertex 89 0 4
      vertex 89.0086 0 4.13053
    endloop
  endfacet
  facet normal 0.997837 0 -0.0657427
    outer loop
      vertex 89 0 4
      vertex 89.0086 -4 4.13053
      vertex 89 -4 4
    endloop
  endfacet
  facet normal -0.659489 0 -0.751714
    outer loop
      vertex 90.6088 -4 4.79335
      vertex 90.7071 0 4.70711
      vertex 90.7071 -4 4.70711
    endloop
  endfacet
  facet normal -0.659489 0 -0.751714
    outer loop
      vertex 90.7071 0 4.70711
      vertex 90.6088 -4 4.79335
      vertex 90.6088 0 4.79335
    endloop
  endfacet
  facet normal 0.195013 0 -0.980801
    outer loop
      vertex 89.7412 -4 4.96593
      vertex 89.8695 0 4.99144
      vertex 89.8695 -4 4.99144
    endloop
  endfacet
  facet normal 0.195013 0 -0.980801
    outer loop
      vertex 89.8695 0 4.99144
      vertex 89.7412 -4 4.96593
      vertex 89.7412 0 4.96593
    endloop
  endfacet
  facet normal -0.896739 0 -0.44256
    outer loop
      vertex 90.9239 -4 4.38268
      vertex 90.866 0 4.5
      vertex 90.9239 0 4.38268
    endloop
  endfacet
  facet normal -0.896739 -0 -0.44256
    outer loop
      vertex 90.866 0 4.5
      vertex 90.9239 -4 4.38268
      vertex 90.866 -4 4.5
    endloop
  endfacet
  facet normal 0.947034 0 -0.321132
    outer loop
      vertex 89.0761 -4 4.38268
      vertex 89.0341 0 4.25882
      vertex 89.0761 0 4.38268
    endloop
  endfacet
  facet normal 0.947034 0 -0.321132
    outer loop
      vertex 89.0341 0 4.25882
      vertex 89.0761 -4 4.38268
      vertex 89.0341 -4 4.25882
    endloop
  endfacet
  facet normal -0.442375 0 -0.89683
    outer loop
      vertex 90.3827 -4 4.92388
      vertex 90.5 0 4.86602
      vertex 90.5 -4 4.86602
    endloop
  endfacet
  facet normal -0.442375 0 -0.89683
    outer loop
      vertex 90.5 0 4.86602
      vertex 90.3827 -4 4.92388
      vertex 90.3827 0 4.92388
    endloop
  endfacet
  facet normal 0.896739 -0 0.44256
    outer loop
      vertex 89.0761 -4 3.61732
      vertex 89.134 0 3.5
      vertex 89.0761 0 3.61732
    endloop
  endfacet
  facet normal 0.896739 0 0.44256
    outer loop
      vertex 89.134 0 3.5
      vertex 89.0761 -4 3.61732
      vertex 89.134 -4 3.5
    endloop
  endfacet
  facet normal -0.321382 0 -0.94695
    outer loop
      vertex 90.2588 -4 4.96593
      vertex 90.3827 0 4.92388
      vertex 90.3827 -4 4.92388
    endloop
  endfacet
  facet normal -0.321382 0 -0.94695
    outer loop
      vertex 90.3827 0 4.92388
      vertex 90.2588 -4 4.96593
      vertex 90.2588 0 4.96593
    endloop
  endfacet
  facet normal 0.980812 -0 0.194955
    outer loop
      vertex 89.0086 -4 3.86947
      vertex 89.0341 0 3.74118
      vertex 89.0086 0 3.86947
    endloop
  endfacet
  facet normal 0.980812 0 0.194955
    outer loop
      vertex 89.0341 0 3.74118
      vertex 89.0086 -4 3.86947
      vertex 89.0341 -4 3.74118
    endloop
  endfacet
  facet normal 0.751653 0 -0.659559
    outer loop
      vertex 89.2929 -4 4.70711
      vertex 89.2066 0 4.60876
      vertex 89.2929 0 4.70711
    endloop
  endfacet
  facet normal 0.751653 0 -0.659559
    outer loop
      vertex 89.2066 0 4.60876
      vertex 89.2929 -4 4.70711
      vertex 89.2066 -4 4.60876
    endloop
  endfacet
  facet normal 0.751653 -0 0.659559
    outer loop
      vertex 89.2066 -4 3.39124
      vertex 89.2929 0 3.29289
      vertex 89.2066 0 3.39124
    endloop
  endfacet
  facet normal 0.751653 0 0.659559
    outer loop
      vertex 89.2929 0 3.29289
      vertex 89.2066 -4 3.39124
      vertex 89.2929 -4 3.29289
    endloop
  endfacet
  facet normal 0.997837 -0 0.0657427
    outer loop
      vertex 89 -4 4
      vertex 89.0086 0 3.86947
      vertex 89 0 4
    endloop
  endfacet
  facet normal 0.997837 0 0.0657427
    outer loop
      vertex 89.0086 0 3.86947
      vertex 89 -4 4
      vertex 89.0086 -4 3.86947
    endloop
  endfacet
  facet normal -0.751653 0 -0.659559
    outer loop
      vertex 90.7934 -4 4.60876
      vertex 90.7071 0 4.70711
      vertex 90.7934 0 4.60876
    endloop
  endfacet
  facet normal -0.751653 -0 -0.659559
    outer loop
      vertex 90.7071 0 4.70711
      vertex 90.7934 -4 4.60876
      vertex 90.7071 -4 4.70711
    endloop
  endfacet
  facet normal -0.831721 0 0.555194
    outer loop
      vertex 90.7934 -4 3.39124
      vertex 90.866 0 3.5
      vertex 90.7934 0 3.39124
    endloop
  endfacet
  facet normal -0.831721 0 0.555194
    outer loop
      vertex 90.866 0 3.5
      vertex 90.7934 -4 3.39124
      vertex 90.866 -4 3.5
    endloop
  endfacet
  facet normal -0.0653771 0 0.997861
    outer loop
      vertex 90 0 3
      vertex 90.1305 -4 3.00855
      vertex 90.1305 0 3.00855
    endloop
  endfacet
  facet normal -0.0653771 0 0.997861
    outer loop
      vertex 90.1305 -4 3.00855
      vertex 90 0 3
      vertex 90 -4 3
    endloop
  endfacet
  facet normal 0.0654532 0 -0.997856
    outer loop
      vertex 89.8695 -4 4.99144
      vertex 90 0 5
      vertex 90 -4 5
    endloop
  endfacet
  facet normal 0.0654532 0 -0.997856
    outer loop
      vertex 90 0 5
      vertex 89.8695 -4 4.99144
      vertex 89.8695 0 4.99144
    endloop
  endfacet
  facet normal 0.659489 0 0.751714
    outer loop
      vertex 89.2929 0 3.29289
      vertex 89.3912 -4 3.20665
      vertex 89.3912 0 3.20665
    endloop
  endfacet
  facet normal 0.659489 0 0.751714
    outer loop
      vertex 89.3912 -4 3.20665
      vertex 89.2929 0 3.29289
      vertex 89.2929 -4 3.29289
    endloop
  endfacet
  facet normal -0.195013 0 -0.980801
    outer loop
      vertex 90.1305 -4 4.99144
      vertex 90.2588 0 4.96593
      vertex 90.2588 -4 4.96593
    endloop
  endfacet
  facet normal -0.195013 0 -0.980801
    outer loop
      vertex 90.2588 0 4.96593
      vertex 90.1305 -4 4.99144
      vertex 90.1305 0 4.99144
    endloop
  endfacet
  facet normal -0.555476 0 0.831533
    outer loop
      vertex 90.5 0 3.13397
      vertex 90.6088 -4 3.20665
      vertex 90.6088 0 3.20665
    endloop
  endfacet
  facet normal -0.555476 0 0.831533
    outer loop
      vertex 90.6088 -4 3.20665
      vertex 90.5 0 3.13397
      vertex 90.5 -4 3.13397
    endloop
  endfacet
  facet normal -0.980812 0 -0.194955
    outer loop
      vertex 90.9914 -4 4.13053
      vertex 90.9659 0 4.25882
      vertex 90.9914 0 4.13053
    endloop
  endfacet
  facet normal -0.980812 -0 -0.194955
    outer loop
      vertex 90.9659 0 4.25882
      vertex 90.9914 -4 4.13053
      vertex 90.9659 -4 4.25882
    endloop
  endfacet
  facet normal 0.831721 0 -0.555194
    outer loop
      vertex 89.2066 -4 4.60876
      vertex 89.134 0 4.5
      vertex 89.2066 0 4.60876
    endloop
  endfacet
  facet normal 0.831721 0 -0.555194
    outer loop
      vertex 89.134 0 4.5
      vertex 89.2066 -4 4.60876
      vertex 89.134 -4 4.5
    endloop
  endfacet
  facet normal 0.195087 0 0.980786
    outer loop
      vertex 89.7412 0 3.03407
      vertex 89.8695 -4 3.00855
      vertex 89.8695 0 3.00855
    endloop
  endfacet
  facet normal 0.195087 0 0.980786
    outer loop
      vertex 89.8695 -4 3.00855
      vertex 89.7412 0 3.03407
      vertex 89.7412 -4 3.03407
    endloop
  endfacet
  facet normal -0.0654532 0 -0.997856
    outer loop
      vertex 90 -4 5
      vertex 90.1305 0 4.99144
      vertex 90.1305 -4 4.99144
    endloop
  endfacet
  facet normal -0.0654532 0 -0.997856
    outer loop
      vertex 90.1305 0 4.99144
      vertex 90 -4 5
      vertex 90 0 5
    endloop
  endfacet
  facet normal 0.980812 0 -0.194955
    outer loop
      vertex 89.0341 -4 4.25882
      vertex 89.0086 0 4.13053
      vertex 89.0341 0 4.25882
    endloop
  endfacet
  facet normal 0.980812 0 -0.194955
    outer loop
      vertex 89.0086 0 4.13053
      vertex 89.0341 -4 4.25882
      vertex 89.0086 -4 4.13053
    endloop
  endfacet
  facet normal -0.442314 0 0.89686
    outer loop
      vertex 90.3827 0 3.07612
      vertex 90.5 -4 3.13397
      vertex 90.5 0 3.13397
    endloop
  endfacet
  facet normal -0.442314 0 0.89686
    outer loop
      vertex 90.5 -4 3.13397
      vertex 90.3827 0 3.07612
      vertex 90.3827 -4 3.07612
    endloop
  endfacet
  facet normal -0.555423 0 -0.831568
    outer loop
      vertex 90.5 -4 4.86602
      vertex 90.6088 0 4.79335
      vertex 90.6088 -4 4.79335
    endloop
  endfacet
  facet normal -0.555423 0 -0.831568
    outer loop
      vertex 90.6088 0 4.79335
      vertex 90.5 -4 4.86602
      vertex 90.5 0 4.86602
    endloop
  endfacet
  facet normal 0.659489 0 -0.751714
    outer loop
      vertex 89.2929 -4 4.70711
      vertex 89.3912 0 4.79335
      vertex 89.3912 -4 4.79335
    endloop
  endfacet
  facet normal 0.659489 0 -0.751714
    outer loop
      vertex 89.3912 0 4.79335
      vertex 89.2929 -4 4.70711
      vertex 89.2929 0 4.70711
    endloop
  endfacet
  facet normal 0.0653771 0 0.997861
    outer loop
      vertex 89.8695 0 3.00855
      vertex 90 -4 3
      vertex 90 0 3
    endloop
  endfacet
  facet normal 0.0653771 0 0.997861
    outer loop
      vertex 90 -4 3
      vertex 89.8695 0 3.00855
      vertex 89.8695 -4 3.00855
    endloop
  endfacet
  facet normal -0.831721 0 -0.555194
    outer loop
      vertex 90.866 -4 4.5
      vertex 90.7934 0 4.60876
      vertex 90.866 0 4.5
    endloop
  endfacet
  facet normal -0.831721 -0 -0.555194
    outer loop
      vertex 90.7934 0 4.60876
      vertex 90.866 -4 4.5
      vertex 90.7934 -4 4.60876
    endloop
  endfacet
  facet normal -0.195087 0 0.980786
    outer loop
      vertex 90.1305 0 3.00855
      vertex 90.2588 -4 3.03407
      vertex 90.2588 0 3.03407
    endloop
  endfacet
  facet normal -0.195087 0 0.980786
    outer loop
      vertex 90.2588 -4 3.03407
      vertex 90.1305 0 3.00855
      vertex 90.1305 -4 3.00855
    endloop
  endfacet
  facet normal -0.751653 0 0.659559
    outer loop
      vertex 90.7071 -4 3.29289
      vertex 90.7934 0 3.39124
      vertex 90.7071 0 3.29289
    endloop
  endfacet
  facet normal -0.751653 0 0.659559
    outer loop
      vertex 90.7934 0 3.39124
      vertex 90.7071 -4 3.29289
      vertex 90.7934 -4 3.39124
    endloop
  endfacet
  facet normal -0.947034 0 0.321132
    outer loop
      vertex 90.9239 -4 3.61732
      vertex 90.9659 0 3.74118
      vertex 90.9239 0 3.61732
    endloop
  endfacet
  facet normal -0.947034 0 0.321132
    outer loop
      vertex 90.9659 0 3.74118
      vertex 90.9239 -4 3.61732
      vertex 90.9659 -4 3.74118
    endloop
  endfacet
  facet normal 0.442314 0 0.89686
    outer loop
      vertex 89.5 0 3.13397
      vertex 89.6173 -4 3.07612
      vertex 89.6173 0 3.07612
    endloop
  endfacet
  facet normal 0.442314 0 0.89686
    outer loop
      vertex 89.6173 -4 3.07612
      vertex 89.5 0 3.13397
      vertex 89.5 -4 3.13397
    endloop
  endfacet
  facet normal 0.321382 0 0.94695
    outer loop
      vertex 89.6173 0 3.07612
      vertex 89.7412 -4 3.03407
      vertex 89.7412 0 3.03407
    endloop
  endfacet
  facet normal 0.321382 0 0.94695
    outer loop
      vertex 89.7412 -4 3.03407
      vertex 89.6173 0 3.07612
      vertex 89.6173 -4 3.07612
    endloop
  endfacet
  facet normal 0.442375 0 -0.89683
    outer loop
      vertex 89.5 -4 4.86602
      vertex 89.6173 0 4.92388
      vertex 89.6173 -4 4.92388
    endloop
  endfacet
  facet normal 0.442375 0 -0.89683
    outer loop
      vertex 89.6173 0 4.92388
      vertex 89.5 -4 4.86602
      vertex 89.5 0 4.86602
    endloop
  endfacet
  facet normal 0.947034 -0 0.321132
    outer loop
      vertex 89.0341 -4 3.74118
      vertex 89.0761 0 3.61732
      vertex 89.0341 0 3.74118
    endloop
  endfacet
  facet normal 0.947034 0 0.321132
    outer loop
      vertex 89.0761 0 3.61732
      vertex 89.0341 -4 3.74118
      vertex 89.0761 -4 3.61732
    endloop
  endfacet
  facet normal 0.831721 -0 0.555194
    outer loop
      vertex 89.134 -4 3.5
      vertex 89.2066 0 3.39124
      vertex 89.134 0 3.5
    endloop
  endfacet
  facet normal 0.831721 0 0.555194
    outer loop
      vertex 89.2066 0 3.39124
      vertex 89.134 -4 3.5
      vertex 89.2066 -4 3.39124
    endloop
  endfacet
  facet normal 0.321382 0 -0.94695
    outer loop
      vertex 89.6173 -4 4.92388
      vertex 89.7412 0 4.96593
      vertex 89.7412 -4 4.96593
    endloop
  endfacet
  facet normal 0.321382 0 -0.94695
    outer loop
      vertex 89.7412 0 4.96593
      vertex 89.6173 -4 4.92388
      vertex 89.6173 0 4.92388
    endloop
  endfacet
  facet normal 0.554771 0 0.832003
    outer loop
      vertex 149.391 0 3.20665
      vertex 149.5 -4 3.13397
      vertex 149.5 0 3.13397
    endloop
  endfacet
  facet normal 0.554771 0 0.832003
    outer loop
      vertex 149.5 -4 3.13397
      vertex 149.391 0 3.20665
      vertex 149.391 -4 3.20665
    endloop
  endfacet
  facet normal -0.981537 0 0.191273
    outer loop
      vertex 150.966 -4 3.74118
      vertex 150.991 0 3.86947
      vertex 150.966 0 3.74118
    endloop
  endfacet
  facet normal -0.981537 0 0.191273
    outer loop
      vertex 150.991 0 3.86947
      vertex 150.966 -4 3.74118
      vertex 150.991 -4 3.86947
    endloop
  endfacet
  facet normal -0.997631 0 0.0687864
    outer loop
      vertex 150.991 -4 3.86947
      vertex 151 0 4
      vertex 150.991 0 3.86947
    endloop
  endfacet
  facet normal -0.997631 0 0.0687864
    outer loop
      vertex 151 0 4
      vertex 150.991 -4 3.86947
      vertex 151 -4 4
    endloop
  endfacet
  facet normal 0.896435 0 -0.443175
    outer loop
      vertex 149.134 -4 4.5
      vertex 149.076 0 4.38268
      vertex 149.134 0 4.5
    endloop
  endfacet
  facet normal 0.896435 0 -0.443175
    outer loop
      vertex 149.076 0 4.38268
      vertex 149.134 -4 4.5
      vertex 149.076 -4 4.38268
    endloop
  endfacet
  facet normal -0.947034 0 -0.321132
    outer loop
      vertex 150.966 -4 4.25882
      vertex 150.924 0 4.38268
      vertex 150.966 0 4.25882
    endloop
  endfacet
  facet normal -0.947034 -0 -0.321132
    outer loop
      vertex 150.924 0 4.38268
      vertex 150.966 -4 4.25882
      vertex 150.924 -4 4.38268
    endloop
  endfacet
  facet normal -0.997631 0 -0.0687864
    outer loop
      vertex 151 -4 4
      vertex 150.991 0 4.13053
      vertex 151 0 4
    endloop
  endfacet
  facet normal -0.997631 -0 -0.0687864
    outer loop
      vertex 150.991 0 4.13053
      vertex 151 -4 4
      vertex 150.991 -4 4.13053
    endloop
  endfacet
  facet normal -0.896435 0 0.443175
    outer loop
      vertex 150.866 -4 3.5
      vertex 150.924 0 3.61732
      vertex 150.866 0 3.5
    endloop
  endfacet
  facet normal -0.896435 0 0.443175
    outer loop
      vertex 150.924 0 3.61732
      vertex 150.866 -4 3.5
      vertex 150.924 -4 3.61732
    endloop
  endfacet
  facet normal -0.660628 0 0.750714
    outer loop
      vertex 150.609 0 3.20665
      vertex 150.707 -4 3.29289
      vertex 150.707 0 3.29289
    endloop
  endfacet
  facet normal -0.660628 0 0.750714
    outer loop
      vertex 150.707 -4 3.29289
      vertex 150.609 0 3.20665
      vertex 150.609 -4 3.20665
    endloop
  endfacet
  facet normal 0.554718 0 -0.832039
    outer loop
      vertex 149.391 -4 4.79335
      vertex 149.5 0 4.86602
      vertex 149.5 -4 4.86602
    endloop
  endfacet
  facet normal 0.554718 0 -0.832039
    outer loop
      vertex 149.5 0 4.86602
      vertex 149.391 -4 4.79335
      vertex 149.391 0 4.79335
    endloop
  endfacet
  facet normal -0.32115 0 0.947028
    outer loop
      vertex 150.259 0 3.03407
      vertex 150.383 -4 3.07612
      vertex 150.383 0 3.07612
    endloop
  endfacet
  facet normal -0.32115 0 0.947028
    outer loop
      vertex 150.383 -4 3.07612
      vertex 150.259 0 3.03407
      vertex 150.259 -4 3.03407
    endloop
  endfacet
  facet normal 0.997631 0 -0.0687864
    outer loop
      vertex 149.009 -4 4.13053
      vertex 149 0 4
      vertex 149.009 0 4.13053
    endloop
  endfacet
  facet normal 0.997631 0 -0.0687864
    outer loop
      vertex 149 0 4
      vertex 149.009 -4 4.13053
      vertex 149 -4 4
    endloop
  endfacet
  facet normal -0.660628 0 -0.750714
    outer loop
      vertex 150.609 -4 4.79335
      vertex 150.707 0 4.70711
      vertex 150.707 -4 4.70711
    endloop
  endfacet
  facet normal -0.660628 0 -0.750714
    outer loop
      vertex 150.707 0 4.70711
      vertex 150.609 -4 4.79335
      vertex 150.609 0 4.79335
    endloop
  endfacet
  facet normal 0.195453 0 -0.980713
    outer loop
      vertex 149.741 -4 4.96593
      vertex 149.869 0 4.99144
      vertex 149.869 -4 4.99144
    endloop
  endfacet
  facet normal 0.195453 0 -0.980713
    outer loop
      vertex 149.869 0 4.99144
      vertex 149.741 -4 4.96593
      vertex 149.741 0 4.96593
    endloop
  endfacet
  facet normal -0.896435 0 -0.443175
    outer loop
      vertex 150.924 -4 4.38268
      vertex 150.866 0 4.5
      vertex 150.924 0 4.38268
    endloop
  endfacet
  facet normal -0.896435 -0 -0.443175
    outer loop
      vertex 150.866 0 4.5
      vertex 150.924 -4 4.38268
      vertex 150.866 -4 4.5
    endloop
  endfacet
  facet normal 0.947034 0 -0.321132
    outer loop
      vertex 149.076 -4 4.38268
      vertex 149.034 0 4.25882
      vertex 149.076 0 4.38268
    endloop
  endfacet
  facet normal 0.947034 0 -0.321132
    outer loop
      vertex 149.034 0 4.25882
      vertex 149.076 -4 4.38268
      vertex 149.034 -4 4.25882
    endloop
  endfacet
  facet normal -0.443287 0 -0.89638
    outer loop
      vertex 150.383 -4 4.92388
      vertex 150.5 0 4.86602
      vertex 150.5 -4 4.86602
    endloop
  endfacet
  facet normal -0.443287 0 -0.89638
    outer loop
      vertex 150.5 0 4.86602
      vertex 150.383 -4 4.92388
      vertex 150.383 0 4.92388
    endloop
  endfacet
  facet normal 0.896435 -0 0.443175
    outer loop
      vertex 149.076 -4 3.61732
      vertex 149.134 0 3.5
      vertex 149.076 0 3.61732
    endloop
  endfacet
  facet normal 0.896435 0 0.443175
    outer loop
      vertex 149.134 0 3.5
      vertex 149.076 -4 3.61732
      vertex 149.134 -4 3.5
    endloop
  endfacet
  facet normal -0.32115 0 -0.947028
    outer loop
      vertex 150.259 -4 4.96593
      vertex 150.383 0 4.92388
      vertex 150.383 -4 4.92388
    endloop
  endfacet
  facet normal -0.32115 0 -0.947028
    outer loop
      vertex 150.383 0 4.92388
      vertex 150.259 -4 4.96593
      vertex 150.259 0 4.96593
    endloop
  endfacet
  facet normal 0.981537 -0 0.191273
    outer loop
      vertex 149.009 -4 3.86947
      vertex 149.034 0 3.74118
      vertex 149.009 0 3.86947
    endloop
  endfacet
  facet normal 0.981537 0 0.191273
    outer loop
      vertex 149.034 0 3.74118
      vertex 149.009 -4 3.86947
      vertex 149.034 -4 3.74118
    endloop
  endfacet
  facet normal 0.75279 0 -0.658261
    outer loop
      vertex 149.293 -4 4.70711
      vertex 149.207 0 4.60876
      vertex 149.293 0 4.70711
    endloop
  endfacet
  facet normal 0.75279 0 -0.658261
    outer loop
      vertex 149.207 0 4.60876
      vertex 149.293 -4 4.70711
      vertex 149.207 -4 4.60876
    endloop
  endfacet
  facet normal 0.75279 -0 0.658261
    outer loop
      vertex 149.207 -4 3.39124
      vertex 149.293 0 3.29289
      vertex 149.207 0 3.39124
    endloop
  endfacet
  facet normal 0.75279 0 0.658261
    outer loop
      vertex 149.293 0 3.29289
      vertex 149.207 -4 3.39124
      vertex 149.293 -4 3.29289
    endloop
  endfacet
  facet normal 0.997631 -0 0.0687864
    outer loop
      vertex 149 -4 4
      vertex 149.009 0 3.86947
      vertex 149 0 4
    endloop
  endfacet
  facet normal 0.997631 0 0.0687864
    outer loop
      vertex 149.009 0 3.86947
      vertex 149 -4 4
      vertex 149.009 -4 3.86947
    endloop
  endfacet
  facet normal -0.75279 0 -0.658261
    outer loop
      vertex 150.793 -4 4.60876
      vertex 150.707 0 4.70711
      vertex 150.793 0 4.60876
    endloop
  endfacet
  facet normal -0.75279 -0 -0.658261
    outer loop
      vertex 150.707 0 4.70711
      vertex 150.793 -4 4.60876
      vertex 150.707 -4 4.70711
    endloop
  endfacet
  facet normal -0.830308 0 0.557305
    outer loop
      vertex 150.793 -4 3.39124
      vertex 150.866 0 3.5
      vertex 150.793 0 3.39124
    endloop
  endfacet
  facet normal -0.830308 0 0.557305
    outer loop
      vertex 150.866 0 3.5
      vertex 150.793 -4 3.39124
      vertex 150.866 -4 3.5
    endloop
  endfacet
  facet normal -0.0651286 0 0.997877
    outer loop
      vertex 150 0 3
      vertex 150.131 -4 3.00855
      vertex 150.131 0 3.00855
    endloop
  endfacet
  facet normal -0.0651286 0 0.997877
    outer loop
      vertex 150.131 -4 3.00855
      vertex 150 0 3
      vertex 150 -4 3
    endloop
  endfacet
  facet normal 0.0652045 0 -0.997872
    outer loop
      vertex 149.869 -4 4.99144
      vertex 150 0 5
      vertex 150 -4 5
    endloop
  endfacet
  facet normal 0.0652045 0 -0.997872
    outer loop
      vertex 150 0 5
      vertex 149.869 -4 4.99144
      vertex 149.869 0 4.99144
    endloop
  endfacet
  facet normal 0.660628 0 0.750714
    outer loop
      vertex 149.293 0 3.29289
      vertex 149.391 -4 3.20665
      vertex 149.391 0 3.20665
    endloop
  endfacet
  facet normal 0.660628 0 0.750714
    outer loop
      vertex 149.391 -4 3.20665
      vertex 149.293 0 3.29289
      vertex 149.293 -4 3.29289
    endloop
  endfacet
  facet normal -0.195453 0 -0.980713
    outer loop
      vertex 150.131 -4 4.99144
      vertex 150.259 0 4.96593
      vertex 150.259 -4 4.96593
    endloop
  endfacet
  facet normal -0.195453 0 -0.980713
    outer loop
      vertex 150.259 0 4.96593
      vertex 150.131 -4 4.99144
      vertex 150.131 0 4.99144
    endloop
  endfacet
  facet normal -0.554771 0 0.832003
    outer loop
      vertex 150.5 0 3.13397
      vertex 150.609 -4 3.20665
      vertex 150.609 0 3.20665
    endloop
  endfacet
  facet normal -0.554771 0 0.832003
    outer loop
      vertex 150.609 -4 3.20665
      vertex 150.5 0 3.13397
      vertex 150.5 -4 3.13397
    endloop
  endfacet
  facet normal -0.981537 0 -0.191273
    outer loop
      vertex 150.991 -4 4.13053
      vertex 150.966 0 4.25882
      vertex 150.991 0 4.13053
    endloop
  endfacet
  facet normal -0.981537 -0 -0.191273
    outer loop
      vertex 150.966 0 4.25882
      vertex 150.991 -4 4.13053
      vertex 150.966 -4 4.25882
    endloop
  endfacet
  facet normal 0.830308 0 -0.557305
    outer loop
      vertex 149.207 -4 4.60876
      vertex 149.134 0 4.5
      vertex 149.207 0 4.60876
    endloop
  endfacet
  facet normal 0.830308 0 -0.557305
    outer loop
      vertex 149.134 0 4.5
      vertex 149.207 -4 4.60876
      vertex 149.134 -4 4.5
    endloop
  endfacet
  facet normal 0.195527 0 0.980698
    outer loop
      vertex 149.741 0 3.03407
      vertex 149.869 -4 3.00855
      vertex 149.869 0 3.00855
    endloop
  endfacet
  facet normal 0.195527 0 0.980698
    outer loop
      vertex 149.869 -4 3.00855
      vertex 149.741 0 3.03407
      vertex 149.741 -4 3.03407
    endloop
  endfacet
  facet normal -0.0652045 0 -0.997872
    outer loop
      vertex 150 -4 5
      vertex 150.131 0 4.99144
      vertex 150.131 -4 4.99144
    endloop
  endfacet
  facet normal -0.0652045 0 -0.997872
    outer loop
      vertex 150.131 0 4.99144
      vertex 150 -4 5
      vertex 150 0 5
    endloop
  endfacet
  facet normal 0.981537 0 -0.191273
    outer loop
      vertex 149.034 -4 4.25882
      vertex 149.009 0 4.13053
      vertex 149.034 0 4.25882
    endloop
  endfacet
  facet normal 0.981537 0 -0.191273
    outer loop
      vertex 149.009 0 4.13053
      vertex 149.034 -4 4.25882
      vertex 149.009 -4 4.13053
    endloop
  endfacet
  facet normal -0.443225 0 0.89641
    outer loop
      vertex 150.383 0 3.07612
      vertex 150.5 -4 3.13397
      vertex 150.5 0 3.13397
    endloop
  endfacet
  facet normal -0.443225 0 0.89641
    outer loop
      vertex 150.5 -4 3.13397
      vertex 150.383 0 3.07612
      vertex 150.383 -4 3.07612
    endloop
  endfacet
  facet normal -0.554718 0 -0.832039
    outer loop
      vertex 150.5 -4 4.86602
      vertex 150.609 0 4.79335
      vertex 150.609 -4 4.79335
    endloop
  endfacet
  facet normal -0.554718 0 -0.832039
    outer loop
      vertex 150.609 0 4.79335
      vertex 150.5 -4 4.86602
      vertex 150.5 0 4.86602
    endloop
  endfacet
  facet normal 0.660628 0 -0.750714
    outer loop
      vertex 149.293 -4 4.70711
      vertex 149.391 0 4.79335
      vertex 149.391 -4 4.79335
    endloop
  endfacet
  facet normal 0.660628 0 -0.750714
    outer loop
      vertex 149.391 0 4.79335
      vertex 149.293 -4 4.70711
      vertex 149.293 0 4.70711
    endloop
  endfacet
  facet normal 0.0651286 0 0.997877
    outer loop
      vertex 149.869 0 3.00855
      vertex 150 -4 3
      vertex 150 0 3
    endloop
  endfacet
  facet normal 0.0651286 0 0.997877
    outer loop
      vertex 150 -4 3
      vertex 149.869 0 3.00855
      vertex 149.869 -4 3.00855
    endloop
  endfacet
  facet normal -0.830308 0 -0.557305
    outer loop
      vertex 150.866 -4 4.5
      vertex 150.793 0 4.60876
      vertex 150.866 0 4.5
    endloop
  endfacet
  facet normal -0.830308 -0 -0.557305
    outer loop
      vertex 150.793 0 4.60876
      vertex 150.866 -4 4.5
      vertex 150.793 -4 4.60876
    endloop
  endfacet
  facet normal -0.195527 0 0.980698
    outer loop
      vertex 150.131 0 3.00855
      vertex 150.259 -4 3.03407
      vertex 150.259 0 3.03407
    endloop
  endfacet
  facet normal -0.195527 0 0.980698
    outer loop
      vertex 150.259 -4 3.03407
      vertex 150.131 0 3.00855
      vertex 150.131 -4 3.00855
    endloop
  endfacet
  facet normal -0.75279 0 0.658261
    outer loop
      vertex 150.707 -4 3.29289
      vertex 150.793 0 3.39124
      vertex 150.707 0 3.29289
    endloop
  endfacet
  facet normal -0.75279 0 0.658261
    outer loop
      vertex 150.793 0 3.39124
      vertex 150.707 -4 3.29289
      vertex 150.793 -4 3.39124
    endloop
  endfacet
  facet normal -0.947034 0 0.321132
    outer loop
      vertex 150.924 -4 3.61732
      vertex 150.966 0 3.74118
      vertex 150.924 0 3.61732
    endloop
  endfacet
  facet normal -0.947034 0 0.321132
    outer loop
      vertex 150.966 0 3.74118
      vertex 150.924 -4 3.61732
      vertex 150.966 -4 3.74118
    endloop
  endfacet
  facet normal 0.443225 0 0.89641
    outer loop
      vertex 149.5 0 3.13397
      vertex 149.617 -4 3.07612
      vertex 149.617 0 3.07612
    endloop
  endfacet
  facet normal 0.443225 0 0.89641
    outer loop
      vertex 149.617 -4 3.07612
      vertex 149.5 0 3.13397
      vertex 149.5 -4 3.13397
    endloop
  endfacet
  facet normal 0.32115 0 0.947028
    outer loop
      vertex 149.617 0 3.07612
      vertex 149.741 -4 3.03407
      vertex 149.741 0 3.03407
    endloop
  endfacet
  facet normal 0.32115 0 0.947028
    outer loop
      vertex 149.741 -4 3.03407
      vertex 149.617 0 3.07612
      vertex 149.617 -4 3.07612
    endloop
  endfacet
  facet normal 0.443287 0 -0.89638
    outer loop
      vertex 149.5 -4 4.86602
      vertex 149.617 0 4.92388
      vertex 149.617 -4 4.92388
    endloop
  endfacet
  facet normal 0.443287 0 -0.89638
    outer loop
      vertex 149.617 0 4.92388
      vertex 149.5 -4 4.86602
      vertex 149.5 0 4.86602
    endloop
  endfacet
  facet normal 0.830308 -0 0.557305
    outer loop
      vertex 149.134 -4 3.5
      vertex 149.207 0 3.39124
      vertex 149.134 0 3.5
    endloop
  endfacet
  facet normal 0.830308 0 0.557305
    outer loop
      vertex 149.207 0 3.39124
      vertex 149.134 -4 3.5
      vertex 149.207 -4 3.39124
    endloop
  endfacet
  facet normal 0.32115 0 -0.947028
    outer loop
      vertex 149.617 -4 4.92388
      vertex 149.741 0 4.96593
      vertex 149.741 -4 4.96593
    endloop
  endfacet
  facet normal 0.32115 0 -0.947028
    outer loop
      vertex 149.741 0 4.96593
      vertex 149.617 -4 4.92388
      vertex 149.617 0 4.92388
    endloop
  endfacet
  facet normal 0.947034 -0 0.321132
    outer loop
      vertex 149.034 -4 3.74118
      vertex 149.076 0 3.61732
      vertex 149.034 0 3.74118
    endloop
  endfacet
  facet normal 0.947034 0 0.321132
    outer loop
      vertex 149.076 0 3.61732
      vertex 149.034 -4 3.74118
      vertex 149.076 -4 3.61732
    endloop
  endfacet
  facet normal -0 0 1
    outer loop
      vertex 45 0 173
      vertex 195 -4 173
      vertex 195 0 173
    endloop
  endfacet
  facet normal 0 0 1
    outer loop
      vertex 195 -4 173
      vertex 45 0 173
      vertex 45 -4 173
    endloop
  endfacet
  facet normal 0 0 -1
    outer loop
      vertex 45 -4 165
      vertex 195 0 165
      vertex 195 -4 165
    endloop
  endfacet
  facet normal -0 0 -1
    outer loop
      vertex 195 0 165
      vertex 45 -4 165
      vertex 45 0 165
    endloop
  endfacet
  facet normal 0.557164 0 0.830403
    outer loop
      vertex 89.3912 0 168.207
      vertex 89.5 -4 168.134
      vertex 89.5 0 168.134
    endloop
  endfacet
  facet normal 0.557164 0 0.830403
    outer loop
      vertex 89.5 -4 168.134
      vertex 89.3912 0 168.207
      vertex 89.3912 -4 168.207
    endloop
  endfacet
  facet normal -0.980728 0 0.195379
    outer loop
      vertex 90.9659 -4 168.741
      vertex 90.9914 0 168.869
      vertex 90.9659 0 168.741
    endloop
  endfacet
  facet normal -0.980728 0 0.195379
    outer loop
      vertex 90.9914 0 168.869
      vertex 90.9659 -4 168.741
      vertex 90.9914 -4 168.869
    endloop
  endfacet
  facet normal -0.997852 0 0.0655078
    outer loop
      vertex 90.9914 -4 168.869
      vertex 91 0 169
      vertex 90.9914 0 168.869
    endloop
  endfacet
  facet normal -0.997852 0 0.0655078
    outer loop
      vertex 91 0 169
      vertex 90.9914 -4 168.869
      vertex 91 -4 169
    endloop
  endfacet
  facet normal 0.896258 0 -0.443533
    outer loop
      vertex 89.134 -4 169.5
      vertex 89.0761 0 169.383
      vertex 89.134 0 169.5
    endloop
  endfacet
  facet normal 0.896258 0 -0.443533
    outer loop
      vertex 89.0761 0 169.383
      vertex 89.134 -4 169.5
      vertex 89.0761 -4 169.383
    endloop
  endfacet
  facet normal -0.947145 0 -0.320807
    outer loop
      vertex 90.9659 -4 169.259
      vertex 90.9239 0 169.383
      vertex 90.9659 0 169.259
    endloop
  endfacet
  facet normal -0.947145 -0 -0.320807
    outer loop
      vertex 90.9239 0 169.383
      vertex 90.9659 -4 169.259
      vertex 90.9239 -4 169.383
    endloop
  endfacet
  facet normal -0.997852 0 -0.0655078
    outer loop
      vertex 91 -4 169
      vertex 90.9914 0 169.131
      vertex 91 0 169
    endloop
  endfacet
  facet normal -0.997852 -0 -0.0655078
    outer loop
      vertex 90.9914 0 169.131
      vertex 91 -4 169
      vertex 90.9914 -4 169.131
    endloop
  endfacet
  facet normal -0.896258 0 0.443533
    outer loop
      vertex 90.866 -4 168.5
      vertex 90.9239 0 168.617
      vertex 90.866 0 168.5
    endloop
  endfacet
  facet normal -0.896258 0 0.443533
    outer loop
      vertex 90.9239 0 168.617
      vertex 90.866 -4 168.5
      vertex 90.9239 -4 168.617
    endloop
  endfacet
  facet normal -0.65845 0 0.752624
    outer loop
      vertex 90.6088 0 168.207
      vertex 90.7071 -4 168.293
      vertex 90.7071 0 168.293
    endloop
  endfacet
  facet normal -0.65845 0 0.752624
    outer loop
      vertex 90.7071 -4 168.293
      vertex 90.6088 0 168.207
      vertex 90.6088 -4 168.207
    endloop
  endfacet
  facet normal 0.557164 0 -0.830403
    outer loop
      vertex 89.3912 -4 169.793
      vertex 89.5 0 169.866
      vertex 89.5 -4 169.866
    endloop
  endfacet
  facet normal 0.557164 0 -0.830403
    outer loop
      vertex 89.5 0 169.866
      vertex 89.3912 -4 169.793
      vertex 89.3912 0 169.793
    endloop
  endfacet
  facet normal -0.321039 0 0.947066
    outer loop
      vertex 90.2588 0 168.034
      vertex 90.3827 -4 168.076
      vertex 90.3827 0 168.076
    endloop
  endfacet
  facet normal -0.321039 0 0.947066
    outer loop
      vertex 90.3827 -4 168.076
      vertex 90.2588 0 168.034
      vertex 90.2588 -4 168.034
    endloop
  endfacet
  facet normal 0.997852 0 -0.0655078
    outer loop
      vertex 89.0086 -4 169.131
      vertex 89 0 169
      vertex 89.0086 0 169.131
    endloop
  endfacet
  facet normal 0.997852 0 -0.0655078
    outer loop
      vertex 89 0 169
      vertex 89.0086 -4 169.131
      vertex 89 -4 169
    endloop
  endfacet
  facet normal -0.65845 0 -0.752624
    outer loop
      vertex 90.6088 -4 169.793
      vertex 90.7071 0 169.707
      vertex 90.7071 -4 169.707
    endloop
  endfacet
  facet normal -0.65845 0 -0.752624
    outer loop
      vertex 90.7071 0 169.707
      vertex 90.6088 -4 169.793
      vertex 90.6088 0 169.793
    endloop
  endfacet
  facet normal 0.191259 0 -0.98154
    outer loop
      vertex 89.7412 -4 169.966
      vertex 89.8695 0 169.991
      vertex 89.8695 -4 169.991
    endloop
  endfacet
  facet normal 0.191259 0 -0.98154
    outer loop
      vertex 89.8695 0 169.991
      vertex 89.7412 -4 169.966
      vertex 89.7412 0 169.966
    endloop
  endfacet
  facet normal -0.896258 0 -0.443533
    outer loop
      vertex 90.9239 -4 169.383
      vertex 90.866 0 169.5
      vertex 90.9239 0 169.383
    endloop
  endfacet
  facet normal -0.896258 -0 -0.443533
    outer loop
      vertex 90.866 0 169.5
      vertex 90.9239 -4 169.383
      vertex 90.866 -4 169.5
    endloop
  endfacet
  facet normal 0.947145 0 -0.320807
    outer loop
      vertex 89.0761 -4 169.383
      vertex 89.0341 0 169.259
      vertex 89.0761 0 169.383
    endloop
  endfacet
  facet normal 0.947145 0 -0.320807
    outer loop
      vertex 89.0341 0 169.259
      vertex 89.0761 -4 169.383
      vertex 89.0341 -4 169.259
    endloop
  endfacet
  facet normal -0.443235 0 -0.896405
    outer loop
      vertex 90.3827 -4 169.924
      vertex 90.5 0 169.866
      vertex 90.5 -4 169.866
    endloop
  endfacet
  facet normal -0.443235 0 -0.896405
    outer loop
      vertex 90.5 0 169.866
      vertex 90.3827 -4 169.924
      vertex 90.3827 0 169.924
    endloop
  endfacet
  facet normal 0.896258 -0 0.443533
    outer loop
      vertex 89.0761 -4 168.617
      vertex 89.134 0 168.5
      vertex 89.0761 0 168.617
    endloop
  endfacet
  facet normal 0.896258 0 0.443533
    outer loop
      vertex 89.134 0 168.5
      vertex 89.0761 -4 168.617
      vertex 89.134 -4 168.5
    endloop
  endfacet
  facet normal -0.321039 0 -0.947066
    outer loop
      vertex 90.2588 -4 169.966
      vertex 90.3827 0 169.924
      vertex 90.3827 -4 169.924
    endloop
  endfacet
  facet normal -0.321039 0 -0.947066
    outer loop
      vertex 90.3827 0 169.924
      vertex 90.2588 -4 169.966
      vertex 90.2588 0 169.966
    endloop
  endfacet
  facet normal 0.980728 -0 0.195379
    outer loop
      vertex 89.0086 -4 168.869
      vertex 89.0341 0 168.741
      vertex 89.0086 0 168.869
    endloop
  endfacet
  facet normal 0.980728 0 0.195379
    outer loop
      vertex 89.0341 0 168.741
      vertex 89.0086 -4 168.869
      vertex 89.0341 -4 168.741
    endloop
  endfacet
  facet normal 0.750486 0 -0.660887
    outer loop
      vertex 89.2929 -4 169.707
      vertex 89.2066 0 169.609
      vertex 89.2929 0 169.707
    endloop
  endfacet
  facet normal 0.750486 0 -0.660887
    outer loop
      vertex 89.2066 0 169.609
      vertex 89.2929 -4 169.707
      vertex 89.2066 -4 169.609
    endloop
  endfacet
  facet normal 0.750486 -0 0.660887
    outer loop
      vertex 89.2066 -4 168.391
      vertex 89.2929 0 168.293
      vertex 89.2066 0 168.391
    endloop
  endfacet
  facet normal 0.750486 0 0.660887
    outer loop
      vertex 89.2929 0 168.293
      vertex 89.2066 -4 168.391
      vertex 89.2929 -4 168.293
    endloop
  endfacet
  facet normal 0.997852 -0 0.0655078
    outer loop
      vertex 89 -4 169
      vertex 89.0086 0 168.869
      vertex 89 0 169
    endloop
  endfacet
  facet normal 0.997852 0 0.0655078
    outer loop
      vertex 89.0086 0 168.869
      vertex 89 -4 169
      vertex 89.0086 -4 168.869
    endloop
  endfacet
  facet normal -0.750486 0 -0.660887
    outer loop
      vertex 90.7934 -4 169.609
      vertex 90.7071 0 169.707
      vertex 90.7934 0 169.609
    endloop
  endfacet
  facet normal -0.750486 -0 -0.660887
    outer loop
      vertex 90.7071 0 169.707
      vertex 90.7934 -4 169.609
      vertex 90.7071 -4 169.707
    endloop
  endfacet
  facet normal -0.832285 0 0.554348
    outer loop
      vertex 90.7934 -4 168.391
      vertex 90.866 0 168.5
      vertex 90.7934 0 168.391
    endloop
  endfacet
  facet normal -0.832285 0 0.554348
    outer loop
      vertex 90.866 0 168.5
      vertex 90.7934 -4 168.391
      vertex 90.866 -4 168.5
    endloop
  endfacet
  facet normal -0.443235 0 0.896405
    outer loop
      vertex 90.3827 0 168.076
      vertex 90.5 -4 168.134
      vertex 90.5 0 168.134
    endloop
  endfacet
  facet normal -0.443235 0 0.896405
    outer loop
      vertex 90.5 -4 168.134
      vertex 90.3827 0 168.076
      vertex 90.3827 -4 168.076
    endloop
  endfacet
  facet normal -0.0688021 0 0.99763
    outer loop
      vertex 90 0 168
      vertex 90.1305 -4 168.009
      vertex 90.1305 0 168.009
    endloop
  endfacet
  facet normal -0.0688021 0 0.99763
    outer loop
      vertex 90.1305 -4 168.009
      vertex 90 0 168
      vertex 90 -4 168
    endloop
  endfacet
  facet normal 0.0688021 0 -0.99763
    outer loop
      vertex 89.8695 -4 169.991
      vertex 90 0 170
      vertex 90 -4 170
    endloop
  endfacet
  facet normal 0.0688021 0 -0.99763
    outer loop
      vertex 90 0 170
      vertex 89.8695 -4 169.991
      vertex 89.8695 0 169.991
    endloop
  endfacet
  facet normal 0.65845 0 0.752624
    outer loop
      vertex 89.2929 0 168.293
      vertex 89.3912 -4 168.207
      vertex 89.3912 0 168.207
    endloop
  endfacet
  facet normal 0.65845 0 0.752624
    outer loop
      vertex 89.3912 -4 168.207
      vertex 89.2929 0 168.293
      vertex 89.2929 -4 168.293
    endloop
  endfacet
  facet normal -0.191259 0 -0.98154
    outer loop
      vertex 90.1305 -4 169.991
      vertex 90.2588 0 169.966
      vertex 90.2588 -4 169.966
    endloop
  endfacet
  facet normal -0.191259 0 -0.98154
    outer loop
      vertex 90.2588 0 169.966
      vertex 90.1305 -4 169.991
      vertex 90.1305 0 169.991
    endloop
  endfacet
  facet normal -0.557164 0 0.830403
    outer loop
      vertex 90.5 0 168.134
      vertex 90.6088 -4 168.207
      vertex 90.6088 0 168.207
    endloop
  endfacet
  facet normal -0.557164 0 0.830403
    outer loop
      vertex 90.6088 -4 168.207
      vertex 90.5 0 168.134
      vertex 90.5 -4 168.134
    endloop
  endfacet
  facet normal -0.980728 0 -0.195379
    outer loop
      vertex 90.9914 -4 169.131
      vertex 90.9659 0 169.259
      vertex 90.9914 0 169.131
    endloop
  endfacet
  facet normal -0.980728 -0 -0.195379
    outer loop
      vertex 90.9659 0 169.259
      vertex 90.9914 -4 169.131
      vertex 90.9659 -4 169.259
    endloop
  endfacet
  facet normal 0.832285 0 -0.554348
    outer loop
      vertex 89.2066 -4 169.609
      vertex 89.134 0 169.5
      vertex 89.2066 0 169.609
    endloop
  endfacet
  facet normal 0.832285 0 -0.554348
    outer loop
      vertex 89.134 0 169.5
      vertex 89.2066 -4 169.609
      vertex 89.134 -4 169.5
    endloop
  endfacet
  facet normal 0.191259 0 0.98154
    outer loop
      vertex 89.7412 0 168.034
      vertex 89.8695 -4 168.009
      vertex 89.8695 0 168.009
    endloop
  endfacet
  facet normal 0.191259 0 0.98154
    outer loop
      vertex 89.8695 -4 168.009
      vertex 89.7412 0 168.034
      vertex 89.7412 -4 168.034
    endloop
  endfacet
  facet normal -0.0688021 0 -0.99763
    outer loop
      vertex 90 -4 170
      vertex 90.1305 0 169.991
      vertex 90.1305 -4 169.991
    endloop
  endfacet
  facet normal -0.0688021 0 -0.99763
    outer loop
      vertex 90.1305 0 169.991
      vertex 90 -4 170
      vertex 90 0 170
    endloop
  endfacet
  facet normal 0.980728 0 -0.195379
    outer loop
      vertex 89.0341 -4 169.259
      vertex 89.0086 0 169.131
      vertex 89.0341 0 169.259
    endloop
  endfacet
  facet normal 0.980728 0 -0.195379
    outer loop
      vertex 89.0086 0 169.131
      vertex 89.0341 -4 169.259
      vertex 89.0086 -4 169.131
    endloop
  endfacet
  facet normal -0.557164 0 -0.830403
    outer loop
      vertex 90.5 -4 169.866
      vertex 90.6088 0 169.793
      vertex 90.6088 -4 169.793
    endloop
  endfacet
  facet normal -0.557164 0 -0.830403
    outer loop
      vertex 90.6088 0 169.793
      vertex 90.5 -4 169.866
      vertex 90.5 0 169.866
    endloop
  endfacet
  facet normal 0.65845 0 -0.752624
    outer loop
      vertex 89.2929 -4 169.707
      vertex 89.3912 0 169.793
      vertex 89.3912 -4 169.793
    endloop
  endfacet
  facet normal 0.65845 0 -0.752624
    outer loop
      vertex 89.3912 0 169.793
      vertex 89.2929 -4 169.707
      vertex 89.2929 0 169.707
    endloop
  endfacet
  facet normal 0.0688021 0 0.99763
    outer loop
      vertex 89.8695 0 168.009
      vertex 90 -4 168
      vertex 90 0 168
    endloop
  endfacet
  facet normal 0.0688021 0 0.99763
    outer loop
      vertex 90 -4 168
      vertex 89.8695 0 168.009
      vertex 89.8695 -4 168.009
    endloop
  endfacet
  facet normal -0.832285 0 -0.554348
    outer loop
      vertex 90.866 -4 169.5
      vertex 90.7934 0 169.609
      vertex 90.866 0 169.5
    endloop
  endfacet
  facet normal -0.832285 -0 -0.554348
    outer loop
      vertex 90.7934 0 169.609
      vertex 90.866 -4 169.5
      vertex 90.7934 -4 169.609
    endloop
  endfacet
  facet normal -0.191259 0 0.98154
    outer loop
      vertex 90.1305 0 168.009
      vertex 90.2588 -4 168.034
      vertex 90.2588 0 168.034
    endloop
  endfacet
  facet normal -0.191259 0 0.98154
    outer loop
      vertex 90.2588 -4 168.034
      vertex 90.1305 0 168.009
      vertex 90.1305 -4 168.009
    endloop
  endfacet
  facet normal -0.750486 0 0.660887
    outer loop
      vertex 90.7071 -4 168.293
      vertex 90.7934 0 168.391
      vertex 90.7071 0 168.293
    endloop
  endfacet
  facet normal -0.750486 0 0.660887
    outer loop
      vertex 90.7934 0 168.391
      vertex 90.7071 -4 168.293
      vertex 90.7934 -4 168.391
    endloop
  endfacet
  facet normal -0.947145 0 0.320807
    outer loop
      vertex 90.9239 -4 168.617
      vertex 90.9659 0 168.741
      vertex 90.9239 0 168.617
    endloop
  endfacet
  facet normal -0.947145 0 0.320807
    outer loop
      vertex 90.9659 0 168.741
      vertex 90.9239 -4 168.617
      vertex 90.9659 -4 168.741
    endloop
  endfacet
  facet normal 0.443235 0 0.896405
    outer loop
      vertex 89.5 0 168.134
      vertex 89.6173 -4 168.076
      vertex 89.6173 0 168.076
    endloop
  endfacet
  facet normal 0.443235 0 0.896405
    outer loop
      vertex 89.6173 -4 168.076
      vertex 89.5 0 168.134
      vertex 89.5 -4 168.134
    endloop
  endfacet
  facet normal 0.321039 0 0.947066
    outer loop
      vertex 89.6173 0 168.076
      vertex 89.7412 -4 168.034
      vertex 89.7412 0 168.034
    endloop
  endfacet
  facet normal 0.321039 0 0.947066
    outer loop
      vertex 89.7412 -4 168.034
      vertex 89.6173 0 168.076
      vertex 89.6173 -4 168.076
    endloop
  endfacet
  facet normal 0.443235 0 -0.896405
    outer loop
      vertex 89.5 -4 169.866
      vertex 89.6173 0 169.924
      vertex 89.6173 -4 169.924
    endloop
  endfacet
  facet normal 0.443235 0 -0.896405
    outer loop
      vertex 89.6173 0 169.924
      vertex 89.5 -4 169.866
      vertex 89.5 0 169.866
    endloop
  endfacet
  facet normal 0.947145 -0 0.320807
    outer loop
      vertex 89.0341 -4 168.741
      vertex 89.0761 0 168.617
      vertex 89.0341 0 168.741
    endloop
  endfacet
  facet normal 0.947145 0 0.320807
    outer loop
      vertex 89.0761 0 168.617
      vertex 89.0341 -4 168.741
      vertex 89.0761 -4 168.617
    endloop
  endfacet
  facet normal 0.832285 -0 0.554348
    outer loop
      vertex 89.134 -4 168.5
      vertex 89.2066 0 168.391
      vertex 89.134 0 168.5
    endloop
  endfacet
  facet normal 0.832285 0 0.554348
    outer loop
      vertex 89.2066 0 168.391
      vertex 89.134 -4 168.5
      vertex 89.2066 -4 168.391
    endloop
  endfacet
  facet normal 0.321039 0 -0.947066
    outer loop
      vertex 89.6173 -4 169.924
      vertex 89.7412 0 169.966
      vertex 89.7412 -4 169.966
    endloop
  endfacet
  facet normal 0.321039 0 -0.947066
    outer loop
      vertex 89.7412 0 169.966
      vertex 89.6173 -4 169.924
      vertex 89.6173 0 169.924
    endloop
  endfacet
  facet normal 0.947145 -0 0.320807
    outer loop
      vertex 149.034 -4 168.741
      vertex 149.076 0 168.617
      vertex 149.034 0 168.741
    endloop
  endfacet
  facet normal 0.947145 0 0.320807
    outer loop
      vertex 149.076 0 168.617
      vertex 149.034 -4 168.741
      vertex 149.076 -4 168.617
    endloop
  endfacet
  facet normal -0.981455 0 0.191691
    outer loop
      vertex 150.966 -4 168.741
      vertex 150.991 0 168.869
      vertex 150.966 0 168.741
    endloop
  endfacet
  facet normal -0.981455 0 0.191691
    outer loop
      vertex 150.991 0 168.869
      vertex 150.966 -4 168.741
      vertex 150.991 -4 168.869
    endloop
  endfacet
  facet normal -0.997648 0 0.0685407
    outer loop
      vertex 150.991 -4 168.869
      vertex 151 0 169
      vertex 150.991 0 168.869
    endloop
  endfacet
  facet normal -0.997648 0 0.0685407
    outer loop
      vertex 151 0 169
      vertex 150.991 -4 168.869
      vertex 151 -4 169
    endloop
  endfacet
  facet normal -0.444148 0 0.895953
    outer loop
      vertex 150.383 0 168.076
      vertex 150.5 -4 168.134
      vertex 150.5 0 168.134
    endloop
  endfacet
  facet normal -0.444148 0 0.895953
    outer loop
      vertex 150.5 -4 168.134
      vertex 150.383 0 168.076
      vertex 150.383 -4 168.076
    endloop
  endfacet
  facet normal -0.751626 0 0.65959
    outer loop
      vertex 150.707 -4 168.293
      vertex 150.793 0 168.391
      vertex 150.707 0 168.293
    endloop
  endfacet
  facet normal -0.751626 0 0.65959
    outer loop
      vertex 150.793 0 168.391
      vertex 150.707 -4 168.293
      vertex 150.793 -4 168.391
    endloop
  endfacet
  facet normal 0.444148 0 -0.895953
    outer loop
      vertex 149.5 -4 169.866
      vertex 149.617 0 169.924
      vertex 149.617 -4 169.924
    endloop
  endfacet
  facet normal 0.444148 0 -0.895953
    outer loop
      vertex 149.617 0 169.924
      vertex 149.5 -4 169.866
      vertex 149.5 0 169.866
    endloop
  endfacet
  facet normal -0.320807 0 -0.947145
    outer loop
      vertex 150.259 -4 169.966
      vertex 150.383 0 169.924
      vertex 150.383 -4 169.924
    endloop
  endfacet
  facet normal -0.320807 0 -0.947145
    outer loop
      vertex 150.383 0 169.924
      vertex 150.259 -4 169.966
      vertex 150.259 0 169.966
    endloop
  endfacet
  facet normal 0.65959 0 0.751626
    outer loop
      vertex 149.293 0 168.293
      vertex 149.391 -4 168.207
      vertex 149.391 0 168.207
    endloop
  endfacet
  facet normal 0.65959 0 0.751626
    outer loop
      vertex 149.391 -4 168.207
      vertex 149.293 0 168.293
      vertex 149.293 -4 168.293
    endloop
  endfacet
  facet normal 0.65959 0 -0.751626
    outer loop
      vertex 149.293 -4 169.707
      vertex 149.391 0 169.793
      vertex 149.391 -4 169.793
    endloop
  endfacet
  facet normal 0.65959 0 -0.751626
    outer loop
      vertex 149.391 0 169.793
      vertex 149.293 -4 169.707
      vertex 149.293 0 169.707
    endloop
  endfacet
  facet normal -0.0685407 0 -0.997648
    outer loop
      vertex 150 -4 170
      vertex 150.131 0 169.991
      vertex 150.131 -4 169.991
    endloop
  endfacet
  facet normal -0.0685407 0 -0.997648
    outer loop
      vertex 150.131 0 169.991
      vertex 150 -4 170
      vertex 150 0 170
    endloop
  endfacet
  facet normal -0.947145 0 0.320807
    outer loop
      vertex 150.924 -4 168.617
      vertex 150.966 0 168.741
      vertex 150.924 0 168.617
    endloop
  endfacet
  facet normal -0.947145 0 0.320807
    outer loop
      vertex 150.966 0 168.741
      vertex 150.924 -4 168.617
      vertex 150.966 -4 168.741
    endloop
  endfacet
  facet normal -0.65959 0 -0.751626
    outer loop
      vertex 150.609 -4 169.793
      vertex 150.707 0 169.707
      vertex 150.707 -4 169.707
    endloop
  endfacet
  facet normal -0.65959 0 -0.751626
    outer loop
      vertex 150.707 0 169.707
      vertex 150.609 -4 169.793
      vertex 150.609 0 169.793
    endloop
  endfacet
  facet normal -0.0685407 0 0.997648
    outer loop
      vertex 150 0 168
      vertex 150.131 -4 168.009
      vertex 150.131 0 168.009
    endloop
  endfacet
  facet normal -0.0685407 0 0.997648
    outer loop
      vertex 150.131 -4 168.009
      vertex 150 0 168
      vertex 150 -4 168
    endloop
  endfacet
  facet normal -0.191691 0 0.981455
    outer loop
      vertex 150.131 0 168.009
      vertex 150.259 -4 168.034
      vertex 150.259 0 168.034
    endloop
  endfacet
  facet normal -0.191691 0 0.981455
    outer loop
      vertex 150.259 -4 168.034
      vertex 150.131 0 168.009
      vertex 150.131 -4 168.009
    endloop
  endfacet
  facet normal 0.556458 0 -0.830876
    outer loop
      vertex 149.391 -4 169.793
      vertex 149.5 0 169.866
      vertex 149.5 -4 169.866
    endloop
  endfacet
  facet normal 0.556458 0 -0.830876
    outer loop
      vertex 149.5 0 169.866
      vertex 149.391 -4 169.793
      vertex 149.391 0 169.793
    endloop
  endfacet
  facet normal 0.830876 -0 0.556458
    outer loop
      vertex 149.134 -4 168.5
      vertex 149.207 0 168.391
      vertex 149.134 0 168.5
    endloop
  endfacet
  facet normal 0.830876 0 0.556458
    outer loop
      vertex 149.207 0 168.391
      vertex 149.134 -4 168.5
      vertex 149.207 -4 168.391
    endloop
  endfacet
  facet normal 0.947145 0 -0.320807
    outer loop
      vertex 149.076 -4 169.383
      vertex 149.034 0 169.259
      vertex 149.076 0 169.383
    endloop
  endfacet
  facet normal 0.947145 0 -0.320807
    outer loop
      vertex 149.034 0 169.259
      vertex 149.076 -4 169.383
      vertex 149.034 -4 169.259
    endloop
  endfacet
  facet normal -0.65959 0 0.751626
    outer loop
      vertex 150.609 0 168.207
      vertex 150.707 -4 168.293
      vertex 150.707 0 168.293
    endloop
  endfacet
  facet normal -0.65959 0 0.751626
    outer loop
      vertex 150.707 -4 168.293
      vertex 150.609 0 168.207
      vertex 150.609 -4 168.207
    endloop
  endfacet
  facet normal 0.320807 0 0.947145
    outer loop
      vertex 149.617 0 168.076
      vertex 149.741 -4 168.034
      vertex 149.741 0 168.034
    endloop
  endfacet
  facet normal 0.320807 0 0.947145
    outer loop
      vertex 149.741 -4 168.034
      vertex 149.617 0 168.076
      vertex 149.617 -4 168.076
    endloop
  endfacet
  facet normal 0.751626 0 -0.65959
    outer loop
      vertex 149.293 -4 169.707
      vertex 149.207 0 169.609
      vertex 149.293 0 169.707
    endloop
  endfacet
  facet normal 0.751626 0 -0.65959
    outer loop
      vertex 149.207 0 169.609
      vertex 149.293 -4 169.707
      vertex 149.207 -4 169.609
    endloop
  endfacet
  facet normal -0.191691 0 -0.981455
    outer loop
      vertex 150.131 -4 169.991
      vertex 150.259 0 169.966
      vertex 150.259 -4 169.966
    endloop
  endfacet
  facet normal -0.191691 0 -0.981455
    outer loop
      vertex 150.259 0 169.966
      vertex 150.131 -4 169.991
      vertex 150.131 0 169.991
    endloop
  endfacet
  facet normal -0.444148 0 -0.895953
    outer loop
      vertex 150.383 -4 169.924
      vertex 150.5 0 169.866
      vertex 150.5 -4 169.866
    endloop
  endfacet
  facet normal -0.444148 0 -0.895953
    outer loop
      vertex 150.5 0 169.866
      vertex 150.383 -4 169.924
      vertex 150.383 0 169.924
    endloop
  endfacet
  facet normal -0.830876 0 0.556458
    outer loop
      vertex 150.793 -4 168.391
      vertex 150.866 0 168.5
      vertex 150.793 0 168.391
    endloop
  endfacet
  facet normal -0.830876 0 0.556458
    outer loop
      vertex 150.866 0 168.5
      vertex 150.793 -4 168.391
      vertex 150.866 -4 168.5
    endloop
  endfacet
  facet normal 0.556458 0 0.830876
    outer loop
      vertex 149.391 0 168.207
      vertex 149.5 -4 168.134
      vertex 149.5 0 168.134
    endloop
  endfacet
  facet normal 0.556458 0 0.830876
    outer loop
      vertex 149.5 -4 168.134
      vertex 149.391 0 168.207
      vertex 149.391 -4 168.207
    endloop
  endfacet
  facet normal 0.981455 0 -0.191691
    outer loop
      vertex 149.034 -4 169.259
      vertex 149.009 0 169.131
      vertex 149.034 0 169.259
    endloop
  endfacet
  facet normal 0.981455 0 -0.191691
    outer loop
      vertex 149.009 0 169.131
      vertex 149.034 -4 169.259
      vertex 149.009 -4 169.131
    endloop
  endfacet
  facet normal 0.997648 0 -0.0685407
    outer loop
      vertex 149.009 -4 169.131
      vertex 149 0 169
      vertex 149.009 0 169.131
    endloop
  endfacet
  facet normal 0.997648 0 -0.0685407
    outer loop
      vertex 149 0 169
      vertex 149.009 -4 169.131
      vertex 149 -4 169
    endloop
  endfacet
  facet normal -0.751626 0 -0.65959
    outer loop
      vertex 150.793 -4 169.609
      vertex 150.707 0 169.707
      vertex 150.793 0 169.609
    endloop
  endfacet
  facet normal -0.751626 -0 -0.65959
    outer loop
      vertex 150.707 0 169.707
      vertex 150.793 -4 169.609
      vertex 150.707 -4 169.707
    endloop
  endfacet
  facet normal 0.191691 0 0.981455
    outer loop
      vertex 149.741 0 168.034
      vertex 149.869 -4 168.009
      vertex 149.869 0 168.009
    endloop
  endfacet
  facet normal 0.191691 0 0.981455
    outer loop
      vertex 149.869 -4 168.009
      vertex 149.741 0 168.034
      vertex 149.741 -4 168.034
    endloop
  endfacet
  facet normal -0.556458 0 0.830876
    outer loop
      vertex 150.5 0 168.134
      vertex 150.609 -4 168.207
      vertex 150.609 0 168.207
    endloop
  endfacet
  facet normal -0.556458 0 0.830876
    outer loop
      vertex 150.609 -4 168.207
      vertex 150.5 0 168.134
      vertex 150.5 -4 168.134
    endloop
  endfacet
  facet normal 0.751626 -0 0.65959
    outer loop
      vertex 149.207 -4 168.391
      vertex 149.293 0 168.293
      vertex 149.207 0 168.391
    endloop
  endfacet
  facet normal 0.751626 0 0.65959
    outer loop
      vertex 149.293 0 168.293
      vertex 149.207 -4 168.391
      vertex 149.293 -4 168.293
    endloop
  endfacet
  facet normal -0.895953 0 -0.444148
    outer loop
      vertex 150.924 -4 169.383
      vertex 150.866 0 169.5
      vertex 150.924 0 169.383
    endloop
  endfacet
  facet normal -0.895953 -0 -0.444148
    outer loop
      vertex 150.866 0 169.5
      vertex 150.924 -4 169.383
      vertex 150.866 -4 169.5
    endloop
  endfacet
  facet normal -0.981455 0 -0.191691
    outer loop
      vertex 150.991 -4 169.131
      vertex 150.966 0 169.259
      vertex 150.991 0 169.131
    endloop
  endfacet
  facet normal -0.981455 -0 -0.191691
    outer loop
      vertex 150.966 0 169.259
      vertex 150.991 -4 169.131
      vertex 150.966 -4 169.259
    endloop
  endfacet
  facet normal -0.997648 0 -0.0685407
    outer loop
      vertex 151 -4 169
      vertex 150.991 0 169.131
      vertex 151 0 169
    endloop
  endfacet
  facet normal -0.997648 -0 -0.0685407
    outer loop
      vertex 150.991 0 169.131
      vertex 151 -4 169
      vertex 150.991 -4 169.131
    endloop
  endfacet
  facet normal -0.947145 0 -0.320807
    outer loop
      vertex 150.966 -4 169.259
      vertex 150.924 0 169.383
      vertex 150.966 0 169.259
    endloop
  endfacet
  facet normal -0.947145 -0 -0.320807
    outer loop
      vertex 150.924 0 169.383
      vertex 150.966 -4 169.259
      vertex 150.924 -4 169.383
    endloop
  endfacet
  facet normal 0.895953 -0 0.444148
    outer loop
      vertex 149.076 -4 168.617
      vertex 149.134 0 168.5
      vertex 149.076 0 168.617
    endloop
  endfacet
  facet normal 0.895953 0 0.444148
    outer loop
      vertex 149.134 0 168.5
      vertex 149.076 -4 168.617
      vertex 149.134 -4 168.5
    endloop
  endfacet
  facet normal 0.444148 0 0.895953
    outer loop
      vertex 149.5 0 168.134
      vertex 149.617 -4 168.076
      vertex 149.617 0 168.076
    endloop
  endfacet
  facet normal 0.444148 0 0.895953
    outer loop
      vertex 149.617 -4 168.076
      vertex 149.5 0 168.134
      vertex 149.5 -4 168.134
    endloop
  endfacet
  facet normal 0.895953 0 -0.444148
    outer loop
      vertex 149.134 -4 169.5
      vertex 149.076 0 169.383
      vertex 149.134 0 169.5
    endloop
  endfacet
  facet normal 0.895953 0 -0.444148
    outer loop
      vertex 149.076 0 169.383
      vertex 149.134 -4 169.5
      vertex 149.076 -4 169.383
    endloop
  endfacet
  facet normal -0.830876 0 -0.556458
    outer loop
      vertex 150.866 -4 169.5
      vertex 150.793 0 169.609
      vertex 150.866 0 169.5
    endloop
  endfacet
  facet normal -0.830876 -0 -0.556458
    outer loop
      vertex 150.793 0 169.609
      vertex 150.866 -4 169.5
      vertex 150.793 -4 169.609
    endloop
  endfacet
  facet normal 0.981455 -0 0.191691
    outer loop
      vertex 149.009 -4 168.869
      vertex 149.034 0 168.741
      vertex 149.009 0 168.869
    endloop
  endfacet
  facet normal 0.981455 0 0.191691
    outer loop
      vertex 149.034 0 168.741
      vertex 149.009 -4 168.869
      vertex 149.034 -4 168.741
    endloop
  endfacet
  facet normal -0.895953 0 0.444148
    outer loop
      vertex 150.866 -4 168.5
      vertex 150.924 0 168.617
      vertex 150.866 0 168.5
    endloop
  endfacet
  facet normal -0.895953 0 0.444148
    outer loop
      vertex 150.924 0 168.617
      vertex 150.866 -4 168.5
      vertex 150.924 -4 168.617
    endloop
  endfacet
  facet normal -0.320807 0 0.947145
    outer loop
      vertex 150.259 0 168.034
      vertex 150.383 -4 168.076
      vertex 150.383 0 168.076
    endloop
  endfacet
  facet normal -0.320807 0 0.947145
    outer loop
      vertex 150.383 -4 168.076
      vertex 150.259 0 168.034
      vertex 150.259 -4 168.034
    endloop
  endfacet
  facet normal 0.830876 0 -0.556458
    outer loop
      vertex 149.207 -4 169.609
      vertex 149.134 0 169.5
      vertex 149.207 0 169.609
    endloop
  endfacet
  facet normal 0.830876 0 -0.556458
    outer loop
      vertex 149.134 0 169.5
      vertex 149.207 -4 169.609
      vertex 149.134 -4 169.5
    endloop
  endfacet
  facet normal -0.556458 0 -0.830876
    outer loop
      vertex 150.5 -4 169.866
      vertex 150.609 0 169.793
      vertex 150.609 -4 169.793
    endloop
  endfacet
  facet normal -0.556458 0 -0.830876
    outer loop
      vertex 150.609 0 169.793
      vertex 150.5 -4 169.866
      vertex 150.5 0 169.866
    endloop
  endfacet
  facet normal 0.997648 -0 0.0685407
    outer loop
      vertex 149 -4 169
      vertex 149.009 0 168.869
      vertex 149 0 169
    endloop
  endfacet
  facet normal 0.997648 0 0.0685407
    outer loop
      vertex 149.009 0 168.869
      vertex 149 -4 169
      vertex 149.009 -4 168.869
    endloop
  endfacet
  facet normal 0.0685407 0 0.997648
    outer loop
      vertex 149.869 0 168.009
      vertex 150 -4 168
      vertex 150 0 168
    endloop
  endfacet
  facet normal 0.0685407 0 0.997648
    outer loop
      vertex 150 -4 168
      vertex 149.869 0 168.009
      vertex 149.869 -4 168.009
    endloop
  endfacet
  facet normal 0.191691 0 -0.981455
    outer loop
      vertex 149.741 -4 169.966
      vertex 149.869 0 169.991
      vertex 149.869 -4 169.991
    endloop
  endfacet
  facet normal 0.191691 0 -0.981455
    outer loop
      vertex 149.869 0 169.991
      vertex 149.741 -4 169.966
      vertex 149.741 0 169.966
    endloop
  endfacet
  facet normal 0.320807 0 -0.947145
    outer loop
      vertex 149.617 -4 169.924
      vertex 149.741 0 169.966
      vertex 149.741 -4 169.966
    endloop
  endfacet
  facet normal 0.320807 0 -0.947145
    outer loop
      vertex 149.741 0 169.966
      vertex 149.617 -4 169.924
      vertex 149.617 0 169.924
    endloop
  endfacet
  facet normal 0.0685407 0 -0.997648
    outer loop
      vertex 149.869 -4 169.991
      vertex 150 0 170
      vertex 150 -4 170
    endloop
  endfacet
  facet normal 0.0685407 0 -0.997648
    outer loop
      vertex 150 0 170
      vertex 149.869 -4 169.991
      vertex 149.869 0 169.991
    endloop
  endfacet
  facet normal 1 -0 0
    outer loop
      vertex 0 -4 163
      vertex 0 0 14
      vertex 0 0 163
    endloop
  endfacet
  facet normal 1 0 0
    outer loop
      vertex 0 0 14
      vertex 0 -4 163
      vertex 0 -4 14
    endloop
  endfacet
  facet normal 0 1 -0
    outer loop
      vertex 0 0 14
      vertex -4 0 163
      vertex 0 0 163
    endloop
  endfacet
  facet normal 0 1 0
    outer loop
      vertex -4 0 163
      vertex 0 0 14
      vertex -4 0 14
    endloop
  endfacet
  facet normal -1 0 0
    outer loop
      vertex 240 -4 14
      vertex 240 0 163
      vertex 240 0 14
    endloop
  endfacet
  facet normal -1 -0 0
    outer loop
      vertex 240 0 163
      vertex 240 -4 14
      vertex 240 -4 163
    endloop
  endfacet
  facet normal 0 1 -0
    outer loop
      vertex 244 0 14
      vertex 240 0 163
      vertex 244 0 163
    endloop
  endfacet
  facet normal 0 1 0
    outer loop
      vertex 240 0 163
      vertex 244 0 14
      vertex 240 0 14
    endloop
  endfacet
endsolid OpenSCAD_Model
